time_h,renewable_power_kw,renewable_energy_kwh,electrolyzer_power_kw,electrolyzer_efficiency,electrolyzer_energy_kwh,h2_produced_kg,h2_direct_kg,h2_from_nh3_kg,h2_used_for_nh3_kg,h2_unused_kg,h2_demand_kg,unmet_h2_kg,nh3_produced_kg,nh3_stored_kg,nh3_discharged_kg,nh3_storage_level_kg,nh3_storage_soc_percent,nh3_synthesis_energy_kwh,nh3_cracking_energy_kwh,curtailed_energy_kwh,total_h2_supplied_kg
0.0,0.0,0.0,0.0,0.0,0.0,0.0,0.0,0.0,0.0,0.0,0.011666666666666665,0.011666666666666665,0.0,0.0,0.0,20.0,20.0,0.0,0.0,0.0,0.0
0.016666666666666666,0.0,0.0,0.0,0.0,0.0,0.0,0.0,0.0,0.0,0.0,0.011666666666666665,0.011666666666666665,0.0,0.0,0.0,20.0,20.0,0.0,0.0,0.0,0.0
0.03333333333333333,0.0,0.0,0.0,0.0,0.0,0.0,0.0,0.0,0.0,0.0,0.011666666666666665,0.011666666666666665,0.0,0.0,0.0,20.0,20.0,0.0,0.0,0.0,0.0
0.05,0.0,0.0,0.0,0.0,0.0,0.0,0.0,0.0,0.0,0.0,0.011666666666666665,0.011666666666666665,0.0,0.0,0.0,20.0,20.0,0.0,0.0,0.0,0.0
0.06666666666666667,0.0,0.0,0.0,0.0,0.0,0.0,0.0,0.0,0.0,0.0,0.011666666666666665,0.011666666666666665,0.0,0.0,0.0,20.0,20.0,0.0,0.0,0.0,0.0
0.08333333333333333,0.0,0.0,0.0,0.0,0.0,0.0,0.0,0.0,0.0,0.0,0.011666666666666665,0.011666666666666665,0.0,0.0,0.0,20.0,20.0,0.0,0.0,0.0,0.0
0.1,0.0,0.0,0.0,0.0,0.0,0.0,0.0,0.0,0.0,0.0,0.011666666666666665,0.011666666666666665,0.0,0.0,0.0,20.0,20.0,0.0,0.0,0.0,0.0
0.11666666666666667,0.0,0.0,0.0,0.0,0.0,0.0,0.0,0.0,0.0,0.0,0.011666666666666665,0.011666666666666665,0.0,0.0,0.0,20.0,20.0,0.0,0.0,0.0,0.0
0.13333333333333333,0.0,0.0,0.0,0.0,0.0,0.0,0.0,0.0,0.0,0.0,0.011666666666666665,0.011666666666666665,0.0,0.0,0.0,20.0,20.0,0.0,0.0,0.0,0.0
0.15,0.0,0.0,0.0,0.0,0.0,0.0,0.0,0.0,0.0,0.0,0.011666666666666665,0.011666666666666665,0.0,0.0,0.0,20.0,20.0,0.0,0.0,0.0,0.0
0.16666666666666666,0.0,0.0,0.0,0.0,0.0,0.0,0.0,0.0,0.0,0.0,0.011666666666666665,0.011666666666666665,0.0,0.0,0.0,20.0,20.0,0.0,0.0,0.0,0.0
0.18333333333333332,0.0,0.0,0.0,0.0,0.0,0.0,0.0,0.0,0.0,0.0,0.011666666666666665,0.011666666666666665,0.0,0.0,0.0,20.0,20.0,0.0,0.0,0.0,0.0
0.2,0.0,0.0,0.0,0.0,0.0,0.0,0.0,0.0,0.0,0.0,0.011666666666666665,0.011666666666666665,0.0,0.0,0.0,20.0,20.0,0.0,0.0,0.0,0.0
0.21666666666666667,0.0,0.0,0.0,0.0,0.0,0.0,0.0,0.0,0.0,0.0,0.011666666666666665,0.011666666666666665,0.0,0.0,0.0,20.0,20.0,0.0,0.0,0.0,0.0
0.23333333333333334,0.0,0.0,0.0,0.0,0.0,0.0,0.0,0.0,0.0,0.0,0.011666666666666665,0.011666666666666665,0.0,0.0,0.0,20.0,20.0,0.0,0.0,0.0,0.0
0.25,0.0,0.0,0.0,0.0,0.0,0.0,0.0,0.0,0.0,0.0,0.011666666666666665,0.011666666666666665,0.0,0.0,0.0,20.0,20.0,0.0,0.0,0.0,0.0
0.26666666666666666,0.0,0.0,0.0,0.0,0.0,0.0,0.0,0.0,0.0,0.0,0.011666666666666665,0.011666666666666665,0.0,0.0,0.0,20.0,20.0,0.0,0.0,0.0,0.0
0.2833333333333333,0.0,0.0,0.0,0.0,0.0,0.0,0.0,0.0,0.0,0.0,0.011666666666666665,0.011666666666666665,0.0,0.0,0.0,20.0,20.0,0.0,0.0,0.0,0.0
0.3,0.0,0.0,0.0,0.0,0.0,0.0,0.0,0.0,0.0,0.0,0.011666666666666665,0.011666666666666665,0.0,0.0,0.0,20.0,20.0,0.0,0.0,0.0,0.0
0.31666666666666665,0.0,0.0,0.0,0.0,0.0,0.0,0.0,0.0,0.0,0.0,0.011666666666666665,0.011666666666666665,0.0,0.0,0.0,20.0,20.0,0.0,0.0,0.0,0.0
0.3333333333333333,0.0,0.0,0.0,0.0,0.0,0.0,0.0,0.0,0.0,0.0,0.011666666666666665,0.011666666666666665,0.0,0.0,0.0,20.0,20.0,0.0,0.0,0.0,0.0
0.35,0.0,0.0,0.0,0.0,0.0,0.0,0.0,0.0,0.0,0.0,0.011666666666666665,0.011666666666666665,0.0,0.0,0.0,20.0,20.0,0.0,0.0,0.0,0.0
0.36666666666666664,0.0,0.0,0.0,0.0,0.0,0.0,0.0,0.0,0.0,0.0,0.011666666666666665,0.011666666666666665,0.0,0.0,0.0,20.0,20.0,0.0,0.0,0.0,0.0
0.3833333333333333,0.0,0.0,0.0,0.0,0.0,0.0,0.0,0.0,0.0,0.0,0.011666666666666665,0.011666666666666665,0.0,0.0,0.0,20.0,20.0,0.0,0.0,0.0,0.0
0.4,0.0,0.0,0.0,0.0,0.0,0.0,0.0,0.0,0.0,0.0,0.011666666666666665,0.011666666666666665,0.0,0.0,0.0,20.0,20.0,0.0,0.0,0.0,0.0
0.4166666666666667,0.0,0.0,0.0,0.0,0.0,0.0,0.0,0.0,0.0,0.0,0.011666666666666665,0.011666666666666665,0.0,0.0,0.0,20.0,20.0,0.0,0.0,0.0,0.0
0.43333333333333335,0.0,0.0,0.0,0.0,0.0,0.0,0.0,0.0,0.0,0.0,0.011666666666666665,0.011666666666666665,0.0,0.0,0.0,20.0,20.0,0.0,0.0,0.0,0.0
0.45,0.0,0.0,0.0,0.0,0.0,0.0,0.0,0.0,0.0,0.0,0.011666666666666665,0.011666666666666665,0.0,0.0,0.0,20.0,20.0,0.0,0.0,0.0,0.0
0.4666666666666667,0.0,0.0,0.0,0.0,0.0,0.0,0.0,0.0,0.0,0.0,0.011666666666666665,0.011666666666666665,0.0,0.0,0.0,20.0,20.0,0.0,0.0,0.0,0.0
0.48333333333333334,0.0,0.0,0.0,0.0,0.0,0.0,0.0,0.0,0.0,0.0,0.011666666666666665,0.011666666666666665,0.0,0.0,0.0,20.0,20.0,0.0,0.0,0.0,0.0
0.5,0.0,0.0,0.0,0.0,0.0,0.0,0.0,0.0,0.0,0.0,0.011666666666666665,0.011666666666666665,0.0,0.0,0.0,20.0,20.0,0.0,0.0,0.0,0.0
0.5166666666666666,0.0,0.0,0.0,0.0,0.0,0.0,0.0,0.0,0.0,0.0,0.011666666666666665,0.011666666666666665,0.0,0.0,0.0,20.0,20.0,0.0,0.0,0.0,0.0
0.5333333333333333,0.0,0.0,0.0,0.0,0.0,0.0,0.0,0.0,0.0,0.0,0.011666666666666665,0.011666666666666665,0.0,0.0,0.0,20.0,20.0,0.0,0.0,0.0,0.0
0.55,0.0,0.0,0.0,0.0,0.0,0.0,0.0,0.0,0.0,0.0,0.011666666666666665,0.011666666666666665,0.0,0.0,0.0,20.0,20.0,0.0,0.0,0.0,0.0
0.5666666666666667,0.0,0.0,0.0,0.0,0.0,0.0,0.0,0.0,0.0,0.0,0.011666666666666665,0.011666666666666665,0.0,0.0,0.0,20.0,20.0,0.0,0.0,0.0,0.0
0.5833333333333334,0.0,0.0,0.0,0.0,0.0,0.0,0.0,0.0,0.0,0.0,0.011666666666666665,0.011666666666666665,0.0,0.0,0.0,20.0,20.0,0.0,0.0,0.0,0.0
0.6,0.0,0.0,0.0,0.0,0.0,0.0,0.0,0.0,0.0,0.0,0.011666666666666665,0.011666666666666665,0.0,0.0,0.0,20.0,20.0,0.0,0.0,0.0,0.0
0.6166666666666667,0.0,0.0,0.0,0.0,0.0,0.0,0.0,0.0,0.0,0.0,0.011666666666666665,0.011666666666666665,0.0,0.0,0.0,20.0,20.0,0.0,0.0,0.0,0.0
0.6333333333333333,0.0,0.0,0.0,0.0,0.0,0.0,0.0,0.0,0.0,0.0,0.011666666666666665,0.011666666666666665,0.0,0.0,0.0,20.0,20.0,0.0,0.0,0.0,0.0
0.65,0.0,0.0,0.0,0.0,0.0,0.0,0.0,0.0,0.0,0.0,0.011666666666666665,0.011666666666666665,0.0,0.0,0.0,20.0,20.0,0.0,0.0,0.0,0.0
0.6666666666666666,0.0,0.0,0.0,0.0,0.0,0.0,0.0,0.0,0.0,0.0,0.011666666666666665,0.011666666666666665,0.0,0.0,0.0,20.0,20.0,0.0,0.0,0.0,0.0
0.6833333333333333,0.0,0.0,0.0,0.0,0.0,0.0,0.0,0.0,0.0,0.0,0.011666666666666665,0.011666666666666665,0.0,0.0,0.0,20.0,20.0,0.0,0.0,0.0,0.0
0.7,0.0,0.0,0.0,0.0,0.0,0.0,0.0,0.0,0.0,0.0,0.011666666666666665,0.011666666666666665,0.0,0.0,0.0,20.0,20.0,0.0,0.0,0.0,0.0
0.7166666666666667,0.0,0.0,0.0,0.0,0.0,0.0,0.0,0.0,0.0,0.0,0.011666666666666665,0.011666666666666665,0.0,0.0,0.0,20.0,20.0,0.0,0.0,0.0,0.0
0.7333333333333333,0.0,0.0,0.0,0.0,0.0,0.0,0.0,0.0,0.0,0.0,0.011666666666666665,0.011666666666666665,0.0,0.0,0.0,20.0,20.0,0.0,0.0,0.0,0.0
0.75,0.0,0.0,0.0,0.0,0.0,0.0,0.0,0.0,0.0,0.0,0.011666666666666665,0.011666666666666665,0.0,0.0,0.0,20.0,20.0,0.0,0.0,0.0,0.0
0.7666666666666666,0.0,0.0,0.0,0.0,0.0,0.0,0.0,0.0,0.0,0.0,0.011666666666666665,0.011666666666666665,0.0,0.0,0.0,20.0,20.0,0.0,0.0,0.0,0.0
0.7833333333333333,0.0,0.0,0.0,0.0,0.0,0.0,0.0,0.0,0.0,0.0,0.011666666666666665,0.011666666666666665,0.0,0.0,0.0,20.0,20.0,0.0,0.0,0.0,0.0
0.8,0.0,0.0,0.0,0.0,0.0,0.0,0.0,0.0,0.0,0.0,0.011666666666666665,0.011666666666666665,0.0,0.0,0.0,20.0,20.0,0.0,0.0,0.0,0.0
0.8166666666666667,0.0,0.0,0.0,0.0,0.0,0.0,0.0,0.0,0.0,0.0,0.011666666666666665,0.011666666666666665,0.0,0.0,0.0,20.0,20.0,0.0,0.0,0.0,0.0
0.8333333333333334,0.0,0.0,0.0,0.0,0.0,0.0,0.0,0.0,0.0,0.0,0.011666666666666665,0.011666666666666665,0.0,0.0,0.0,20.0,20.0,0.0,0.0,0.0,0.0
0.85,0.0,0.0,0.0,0.0,0.0,0.0,0.0,0.0,0.0,0.0,0.011666666666666665,0.011666666666666665,0.0,0.0,0.0,20.0,20.0,0.0,0.0,0.0,0.0
0.8666666666666667,0.0,0.0,0.0,0.0,0.0,0.0,0.0,0.0,0.0,0.0,0.011666666666666665,0.011666666666666665,0.0,0.0,0.0,20.0,20.0,0.0,0.0,0.0,0.0
0.8833333333333333,0.0,0.0,0.0,0.0,0.0,0.0,0.0,0.0,0.0,0.0,0.011666666666666665,0.011666666666666665,0.0,0.0,0.0,20.0,20.0,0.0,0.0,0.0,0.0
0.9,0.0,0.0,0.0,0.0,0.0,0.0,0.0,0.0,0.0,0.0,0.011666666666666665,0.011666666666666665,0.0,0.0,0.0,20.0,20.0,0.0,0.0,0.0,0.0
0.9166666666666666,0.0,0.0,0.0,0.0,0.0,0.0,0.0,0.0,0.0,0.0,0.011666666666666665,0.011666666666666665,0.0,0.0,0.0,20.0,20.0,0.0,0.0,0.0,0.0
0.9333333333333333,0.0,0.0,0.0,0.0,0.0,0.0,0.0,0.0,0.0,0.0,0.011666666666666665,0.011666666666666665,0.0,0.0,0.0,20.0,20.0,0.0,0.0,0.0,0.0
0.95,0.0,0.0,0.0,0.0,0.0,0.0,0.0,0.0,0.0,0.0,0.011666666666666665,0.011666666666666665,0.0,0.0,0.0,20.0,20.0,0.0,0.0,0.0,0.0
0.9666666666666667,0.0,0.0,0.0,0.0,0.0,0.0,0.0,0.0,0.0,0.0,0.011666666666666665,0.011666666666666665,0.0,0.0,0.0,20.0,20.0,0.0,0.0,0.0,0.0
0.9833333333333333,0.0,0.0,0.0,0.0,0.0,0.0,0.0,0.0,0.0,0.0,0.011666666666666665,0.011666666666666665,0.0,0.0,0.0,20.0,20.0,0.0,0.0,0.0,0.0
1.0,0.0,0.0,0.0,0.0,0.0,0.0,0.0,0.0,0.0,0.0,0.011666666666666665,0.011666666666666665,0.0,0.0,0.0,20.0,20.0,0.0,0.0,0.0,0.0
1.0166666666666666,0.0,0.0,0.0,0.0,0.0,0.0,0.0,0.0,0.0,0.0,0.011666666666666665,0.011666666666666665,0.0,0.0,0.0,20.0,20.0,0.0,0.0,0.0,0.0
1.0333333333333332,0.0,0.0,0.0,0.0,0.0,0.0,0.0,0.0,0.0,0.0,0.011666666666666665,0.011666666666666665,0.0,0.0,0.0,20.0,20.0,0.0,0.0,0.0,0.0
1.05,0.0,0.0,0.0,0.0,0.0,0.0,0.0,0.0,0.0,0.0,0.011666666666666665,0.011666666666666665,0.0,0.0,0.0,20.0,20.0,0.0,0.0,0.0,0.0
1.0666666666666667,0.0,0.0,0.0,0.0,0.0,0.0,0.0,0.0,0.0,0.0,0.011666666666666665,0.011666666666666665,0.0,0.0,0.0,20.0,20.0,0.0,0.0,0.0,0.0
1.0833333333333333,0.0,0.0,0.0,0.0,0.0,0.0,0.0,0.0,0.0,0.0,0.011666666666666665,0.011666666666666665,0.0,0.0,0.0,20.0,20.0,0.0,0.0,0.0,0.0
1.1,0.0,0.0,0.0,0.0,0.0,0.0,0.0,0.0,0.0,0.0,0.011666666666666665,0.011666666666666665,0.0,0.0,0.0,20.0,20.0,0.0,0.0,0.0,0.0
1.1166666666666667,0.0,0.0,0.0,0.0,0.0,0.0,0.0,0.0,0.0,0.0,0.011666666666666665,0.011666666666666665,0.0,0.0,0.0,20.0,20.0,0.0,0.0,0.0,0.0
1.1333333333333333,0.0,0.0,0.0,0.0,0.0,0.0,0.0,0.0,0.0,0.0,0.011666666666666665,0.011666666666666665,0.0,0.0,0.0,20.0,20.0,0.0,0.0,0.0,0.0
1.15,0.0,0.0,0.0,0.0,0.0,0.0,0.0,0.0,0.0,0.0,0.011666666666666665,0.011666666666666665,0.0,0.0,0.0,20.0,20.0,0.0,0.0,0.0,0.0
1.1666666666666667,0.0,0.0,0.0,0.0,0.0,0.0,0.0,0.0,0.0,0.0,0.011666666666666665,0.011666666666666665,0.0,0.0,0.0,20.0,20.0,0.0,0.0,0.0,0.0
1.1833333333333333,0.0,0.0,0.0,0.0,0.0,0.0,0.0,0.0,0.0,0.0,0.011666666666666665,0.011666666666666665,0.0,0.0,0.0,20.0,20.0,0.0,0.0,0.0,0.0
1.2,0.0,0.0,0.0,0.0,0.0,0.0,0.0,0.0,0.0,0.0,0.011666666666666665,0.011666666666666665,0.0,0.0,0.0,20.0,20.0,0.0,0.0,0.0,0.0
1.2166666666666666,0.0,0.0,0.0,0.0,0.0,0.0,0.0,0.0,0.0,0.0,0.011666666666666665,0.011666666666666665,0.0,0.0,0.0,20.0,20.0,0.0,0.0,0.0,0.0
1.2333333333333334,0.0,0.0,0.0,0.0,0.0,0.0,0.0,0.0,0.0,0.0,0.011666666666666665,0.011666666666666665,0.0,0.0,0.0,20.0,20.0,0.0,0.0,0.0,0.0
1.25,0.0,0.0,0.0,0.0,0.0,0.0,0.0,0.0,0.0,0.0,0.011666666666666665,0.011666666666666665,0.0,0.0,0.0,20.0,20.0,0.0,0.0,0.0,0.0
1.2666666666666666,0.0,0.0,0.0,0.0,0.0,0.0,0.0,0.0,0.0,0.0,0.011666666666666665,0.011666666666666665,0.0,0.0,0.0,20.0,20.0,0.0,0.0,0.0,0.0
1.2833333333333332,0.0,0.0,0.0,0.0,0.0,0.0,0.0,0.0,0.0,0.0,0.011666666666666665,0.011666666666666665,0.0,0.0,0.0,20.0,20.0,0.0,0.0,0.0,0.0
1.3,0.0,0.0,0.0,0.0,0.0,0.0,0.0,0.0,0.0,0.0,0.011666666666666665,0.011666666666666665,0.0,0.0,0.0,20.0,20.0,0.0,0.0,0.0,0.0
1.3166666666666667,0.0,0.0,0.0,0.0,0.0,0.0,0.0,0.0,0.0,0.0,0.011666666666666665,0.011666666666666665,0.0,0.0,0.0,20.0,20.0,0.0,0.0,0.0,0.0
1.3333333333333333,0.0,0.0,0.0,0.0,0.0,0.0,0.0,0.0,0.0,0.0,0.011666666666666665,0.011666666666666665,0.0,0.0,0.0,20.0,20.0,0.0,0.0,0.0,0.0
1.35,0.0,0.0,0.0,0.0,0.0,0.0,0.0,0.0,0.0,0.0,0.011666666666666665,0.011666666666666665,0.0,0.0,0.0,20.0,20.0,0.0,0.0,0.0,0.0
1.3666666666666667,0.0,0.0,0.0,0.0,0.0,0.0,0.0,0.0,0.0,0.0,0.011666666666666665,0.011666666666666665,0.0,0.0,0.0,20.0,20.0,0.0,0.0,0.0,0.0
1.3833333333333333,0.0,0.0,0.0,0.0,0.0,0.0,0.0,0.0,0.0,0.0,0.011666666666666665,0.011666666666666665,0.0,0.0,0.0,20.0,20.0,0.0,0.0,0.0,0.0
1.4,0.0,0.0,0.0,0.0,0.0,0.0,0.0,0.0,0.0,0.0,0.011666666666666665,0.011666666666666665,0.0,0.0,0.0,20.0,20.0,0.0,0.0,0.0,0.0
1.4166666666666667,0.0,0.0,0.0,0.0,0.0,0.0,0.0,0.0,0.0,0.0,0.011666666666666665,0.011666666666666665,0.0,0.0,0.0,20.0,20.0,0.0,0.0,0.0,0.0
1.4333333333333333,0.0,0.0,0.0,0.0,0.0,0.0,0.0,0.0,0.0,0.0,0.011666666666666665,0.011666666666666665,0.0,0.0,0.0,20.0,20.0,0.0,0.0,0.0,0.0
1.45,0.0,0.0,0.0,0.0,0.0,0.0,0.0,0.0,0.0,0.0,0.011666666666666665,0.011666666666666665,0.0,0.0,0.0,20.0,20.0,0.0,0.0,0.0,0.0
1.4666666666666666,0.0,0.0,0.0,0.0,0.0,0.0,0.0,0.0,0.0,0.0,0.011666666666666665,0.011666666666666665,0.0,0.0,0.0,20.0,20.0,0.0,0.0,0.0,0.0
1.4833333333333334,0.0,0.0,0.0,0.0,0.0,0.0,0.0,0.0,0.0,0.0,0.011666666666666665,0.011666666666666665,0.0,0.0,0.0,20.0,20.0,0.0,0.0,0.0,0.0
1.5,0.0,0.0,0.0,0.0,0.0,0.0,0.0,0.0,0.0,0.0,0.011666666666666665,0.011666666666666665,0.0,0.0,0.0,20.0,20.0,0.0,0.0,0.0,0.0
1.5166666666666666,0.0,0.0,0.0,0.0,0.0,0.0,0.0,0.0,0.0,0.0,0.011666666666666665,0.011666666666666665,0.0,0.0,0.0,20.0,20.0,0.0,0.0,0.0,0.0
1.5333333333333332,0.0,0.0,0.0,0.0,0.0,0.0,0.0,0.0,0.0,0.0,0.011666666666666665,0.011666666666666665,0.0,0.0,0.0,20.0,20.0,0.0,0.0,0.0,0.0
1.55,0.0,0.0,0.0,0.0,0.0,0.0,0.0,0.0,0.0,0.0,0.011666666666666665,0.011666666666666665,0.0,0.0,0.0,20.0,20.0,0.0,0.0,0.0,0.0
1.5666666666666667,0.0,0.0,0.0,0.0,0.0,0.0,0.0,0.0,0.0,0.0,0.011666666666666665,0.011666666666666665,0.0,0.0,0.0,20.0,20.0,0.0,0.0,0.0,0.0
1.5833333333333333,0.0,0.0,0.0,0.0,0.0,0.0,0.0,0.0,0.0,0.0,0.011666666666666665,0.011666666666666665,0.0,0.0,0.0,20.0,20.0,0.0,0.0,0.0,0.0
1.6,0.0,0.0,0.0,0.0,0.0,0.0,0.0,0.0,0.0,0.0,0.011666666666666665,0.011666666666666665,0.0,0.0,0.0,20.0,20.0,0.0,0.0,0.0,0.0
1.6166666666666667,0.0,0.0,0.0,0.0,0.0,0.0,0.0,0.0,0.0,0.0,0.011666666666666665,0.011666666666666665,0.0,0.0,0.0,20.0,20.0,0.0,0.0,0.0,0.0
1.6333333333333333,0.0,0.0,0.0,0.0,0.0,0.0,0.0,0.0,0.0,0.0,0.011666666666666665,0.011666666666666665,0.0,0.0,0.0,20.0,20.0,0.0,0.0,0.0,0.0
1.65,0.0,0.0,0.0,0.0,0.0,0.0,0.0,0.0,0.0,0.0,0.011666666666666665,0.011666666666666665,0.0,0.0,0.0,20.0,20.0,0.0,0.0,0.0,0.0
1.6666666666666667,0.0,0.0,0.0,0.0,0.0,0.0,0.0,0.0,0.0,0.0,0.011666666666666665,0.011666666666666665,0.0,0.0,0.0,20.0,20.0,0.0,0.0,0.0,0.0
1.6833333333333333,0.0,0.0,0.0,0.0,0.0,0.0,0.0,0.0,0.0,0.0,0.011666666666666665,0.011666666666666665,0.0,0.0,0.0,20.0,20.0,0.0,0.0,0.0,0.0
1.7,0.0,0.0,0.0,0.0,0.0,0.0,0.0,0.0,0.0,0.0,0.011666666666666665,0.011666666666666665,0.0,0.0,0.0,20.0,20.0,0.0,0.0,0.0,0.0
1.7166666666666666,0.0,0.0,0.0,0.0,0.0,0.0,0.0,0.0,0.0,0.0,0.011666666666666665,0.011666666666666665,0.0,0.0,0.0,20.0,20.0,0.0,0.0,0.0,0.0
1.7333333333333334,0.0,0.0,0.0,0.0,0.0,0.0,0.0,0.0,0.0,0.0,0.011666666666666665,0.011666666666666665,0.0,0.0,0.0,20.0,20.0,0.0,0.0,0.0,0.0
1.75,0.0,0.0,0.0,0.0,0.0,0.0,0.0,0.0,0.0,0.0,0.011666666666666665,0.011666666666666665,0.0,0.0,0.0,20.0,20.0,0.0,0.0,0.0,0.0
1.7666666666666666,0.0,0.0,0.0,0.0,0.0,0.0,0.0,0.0,0.0,0.0,0.011666666666666665,0.011666666666666665,0.0,0.0,0.0,20.0,20.0,0.0,0.0,0.0,0.0
1.7833333333333332,0.0,0.0,0.0,0.0,0.0,0.0,0.0,0.0,0.0,0.0,0.011666666666666665,0.011666666666666665,0.0,0.0,0.0,20.0,20.0,0.0,0.0,0.0,0.0
1.8,0.0,0.0,0.0,0.0,0.0,0.0,0.0,0.0,0.0,0.0,0.011666666666666665,0.011666666666666665,0.0,0.0,0.0,20.0,20.0,0.0,0.0,0.0,0.0
1.8166666666666667,0.0,0.0,0.0,0.0,0.0,0.0,0.0,0.0,0.0,0.0,0.011666666666666665,0.011666666666666665,0.0,0.0,0.0,20.0,20.0,0.0,0.0,0.0,0.0
1.8333333333333333,0.0,0.0,0.0,0.0,0.0,0.0,0.0,0.0,0.0,0.0,0.011666666666666665,0.011666666666666665,0.0,0.0,0.0,20.0,20.0,0.0,0.0,0.0,0.0
1.8499999999999999,0.0,0.0,0.0,0.0,0.0,0.0,0.0,0.0,0.0,0.0,0.011666666666666665,0.011666666666666665,0.0,0.0,0.0,20.0,20.0,0.0,0.0,0.0,0.0
1.8666666666666667,0.0,0.0,0.0,0.0,0.0,0.0,0.0,0.0,0.0,0.0,0.011666666666666665,0.011666666666666665,0.0,0.0,0.0,20.0,20.0,0.0,0.0,0.0,0.0
1.8833333333333333,0.0,0.0,0.0,0.0,0.0,0.0,0.0,0.0,0.0,0.0,0.011666666666666665,0.011666666666666665,0.0,0.0,0.0,20.0,20.0,0.0,0.0,0.0,0.0
1.9,0.0,0.0,0.0,0.0,0.0,0.0,0.0,0.0,0.0,0.0,0.011666666666666665,0.011666666666666665,0.0,0.0,0.0,20.0,20.0,0.0,0.0,0.0,0.0
1.9166666666666667,0.0,0.0,0.0,0.0,0.0,0.0,0.0,0.0,0.0,0.0,0.011666666666666665,0.011666666666666665,0.0,0.0,0.0,20.0,20.0,0.0,0.0,0.0,0.0
1.9333333333333333,0.0,0.0,0.0,0.0,0.0,0.0,0.0,0.0,0.0,0.0,0.011666666666666665,0.011666666666666665,0.0,0.0,0.0,20.0,20.0,0.0,0.0,0.0,0.0
1.95,0.0,0.0,0.0,0.0,0.0,0.0,0.0,0.0,0.0,0.0,0.011666666666666665,0.011666666666666665,0.0,0.0,0.0,20.0,20.0,0.0,0.0,0.0,0.0
1.9666666666666666,0.0,0.0,0.0,0.0,0.0,0.0,0.0,0.0,0.0,0.0,0.011666666666666665,0.011666666666666665,0.0,0.0,0.0,20.0,20.0,0.0,0.0,0.0,0.0
1.9833333333333334,0.0,0.0,0.0,0.0,0.0,0.0,0.0,0.0,0.0,0.0,0.011666666666666665,0.011666666666666665,0.0,0.0,0.0,20.0,20.0,0.0,0.0,0.0,0.0
2.0,0.0,0.0,0.0,0.0,0.0,0.0,0.0,0.0,0.0,0.0,0.011666666666666665,0.011666666666666665,0.0,0.0,0.0,20.0,20.0,0.0,0.0,0.0,0.0
2.0166666666666666,0.0,0.0,0.0,0.0,0.0,0.0,0.0,0.0,0.0,0.0,0.011666666666666665,0.011666666666666665,0.0,0.0,0.0,20.0,20.0,0.0,0.0,0.0,0.0
2.033333333333333,0.0,0.0,0.0,0.0,0.0,0.0,0.0,0.0,0.0,0.0,0.011666666666666665,0.011666666666666665,0.0,0.0,0.0,20.0,20.0,0.0,0.0,0.0,0.0
2.05,0.0,0.0,0.0,0.0,0.0,0.0,0.0,0.0,0.0,0.0,0.011666666666666665,0.011666666666666665,0.0,0.0,0.0,20.0,20.0,0.0,0.0,0.0,0.0
2.0666666666666664,0.0,0.0,0.0,0.0,0.0,0.0,0.0,0.0,0.0,0.0,0.011666666666666665,0.011666666666666665,0.0,0.0,0.0,20.0,20.0,0.0,0.0,0.0,0.0
2.0833333333333335,0.0,0.0,0.0,0.0,0.0,0.0,0.0,0.0,0.0,0.0,0.011666666666666665,0.011666666666666665,0.0,0.0,0.0,20.0,20.0,0.0,0.0,0.0,0.0
2.1,0.0,0.0,0.0,0.0,0.0,0.0,0.0,0.0,0.0,0.0,0.011666666666666665,0.011666666666666665,0.0,0.0,0.0,20.0,20.0,0.0,0.0,0.0,0.0
2.1166666666666667,0.0,0.0,0.0,0.0,0.0,0.0,0.0,0.0,0.0,0.0,0.011666666666666665,0.011666666666666665,0.0,0.0,0.0,20.0,20.0,0.0,0.0,0.0,0.0
2.1333333333333333,0.0,0.0,0.0,0.0,0.0,0.0,0.0,0.0,0.0,0.0,0.011666666666666665,0.011666666666666665,0.0,0.0,0.0,20.0,20.0,0.0,0.0,0.0,0.0
2.15,0.0,0.0,0.0,0.0,0.0,0.0,0.0,0.0,0.0,0.0,0.011666666666666665,0.011666666666666665,0.0,0.0,0.0,20.0,20.0,0.0,0.0,0.0,0.0
2.1666666666666665,0.0,0.0,0.0,0.0,0.0,0.0,0.0,0.0,0.0,0.0,0.011666666666666665,0.011666666666666665,0.0,0.0,0.0,20.0,20.0,0.0,0.0,0.0,0.0
2.183333333333333,0.0,0.0,0.0,0.0,0.0,0.0,0.0,0.0,0.0,0.0,0.011666666666666665,0.011666666666666665,0.0,0.0,0.0,20.0,20.0,0.0,0.0,0.0,0.0
2.2,0.0,0.0,0.0,0.0,0.0,0.0,0.0,0.0,0.0,0.0,0.011666666666666665,0.011666666666666665,0.0,0.0,0.0,20.0,20.0,0.0,0.0,0.0,0.0
2.216666666666667,0.0,0.0,0.0,0.0,0.0,0.0,0.0,0.0,0.0,0.0,0.011666666666666665,0.011666666666666665,0.0,0.0,0.0,20.0,20.0,0.0,0.0,0.0,0.0
2.2333333333333334,0.0,0.0,0.0,0.0,0.0,0.0,0.0,0.0,0.0,0.0,0.011666666666666665,0.011666666666666665,0.0,0.0,0.0,20.0,20.0,0.0,0.0,0.0,0.0
2.25,0.0,0.0,0.0,0.0,0.0,0.0,0.0,0.0,0.0,0.0,0.011666666666666665,0.011666666666666665,0.0,0.0,0.0,20.0,20.0,0.0,0.0,0.0,0.0
2.2666666666666666,0.0,0.0,0.0,0.0,0.0,0.0,0.0,0.0,0.0,0.0,0.011666666666666665,0.011666666666666665,0.0,0.0,0.0,20.0,20.0,0.0,0.0,0.0,0.0
2.283333333333333,0.0,0.0,0.0,0.0,0.0,0.0,0.0,0.0,0.0,0.0,0.011666666666666665,0.011666666666666665,0.0,0.0,0.0,20.0,20.0,0.0,0.0,0.0,0.0
2.3,0.0,0.0,0.0,0.0,0.0,0.0,0.0,0.0,0.0,0.0,0.011666666666666665,0.011666666666666665,0.0,0.0,0.0,20.0,20.0,0.0,0.0,0.0,0.0
2.3166666666666664,0.0,0.0,0.0,0.0,0.0,0.0,0.0,0.0,0.0,0.0,0.011666666666666665,0.011666666666666665,0.0,0.0,0.0,20.0,20.0,0.0,0.0,0.0,0.0
2.3333333333333335,0.0,0.0,0.0,0.0,0.0,0.0,0.0,0.0,0.0,0.0,0.011666666666666665,0.011666666666666665,0.0,0.0,0.0,20.0,20.0,0.0,0.0,0.0,0.0
2.35,0.0,0.0,0.0,0.0,0.0,0.0,0.0,0.0,0.0,0.0,0.011666666666666665,0.011666666666666665,0.0,0.0,0.0,20.0,20.0,0.0,0.0,0.0,0.0
2.3666666666666667,0.0,0.0,0.0,0.0,0.0,0.0,0.0,0.0,0.0,0.0,0.011666666666666665,0.011666666666666665,0.0,0.0,0.0,20.0,20.0,0.0,0.0,0.0,0.0
2.3833333333333333,0.0,0.0,0.0,0.0,0.0,0.0,0.0,0.0,0.0,0.0,0.011666666666666665,0.011666666666666665,0.0,0.0,0.0,20.0,20.0,0.0,0.0,0.0,0.0
2.4,0.0,0.0,0.0,0.0,0.0,0.0,0.0,0.0,0.0,0.0,0.011666666666666665,0.011666666666666665,0.0,0.0,0.0,20.0,20.0,0.0,0.0,0.0,0.0
2.4166666666666665,0.0,0.0,0.0,0.0,0.0,0.0,0.0,0.0,0.0,0.0,0.011666666666666665,0.011666666666666665,0.0,0.0,0.0,20.0,20.0,0.0,0.0,0.0,0.0
2.433333333333333,0.0,0.0,0.0,0.0,0.0,0.0,0.0,0.0,0.0,0.0,0.011666666666666665,0.011666666666666665,0.0,0.0,0.0,20.0,20.0,0.0,0.0,0.0,0.0
2.45,0.0,0.0,0.0,0.0,0.0,0.0,0.0,0.0,0.0,0.0,0.011666666666666665,0.011666666666666665,0.0,0.0,0.0,20.0,20.0,0.0,0.0,0.0,0.0
2.466666666666667,0.0,0.0,0.0,0.0,0.0,0.0,0.0,0.0,0.0,0.0,0.011666666666666665,0.011666666666666665,0.0,0.0,0.0,20.0,20.0,0.0,0.0,0.0,0.0
2.4833333333333334,0.0,0.0,0.0,0.0,0.0,0.0,0.0,0.0,0.0,0.0,0.011666666666666665,0.011666666666666665,0.0,0.0,0.0,20.0,20.0,0.0,0.0,0.0,0.0
2.5,0.0,0.0,0.0,0.0,0.0,0.0,0.0,0.0,0.0,0.0,0.011666666666666665,0.011666666666666665,0.0,0.0,0.0,20.0,20.0,0.0,0.0,0.0,0.0
2.5166666666666666,0.0,0.0,0.0,0.0,0.0,0.0,0.0,0.0,0.0,0.0,0.011666666666666665,0.011666666666666665,0.0,0.0,0.0,20.0,20.0,0.0,0.0,0.0,0.0
2.533333333333333,0.0,0.0,0.0,0.0,0.0,0.0,0.0,0.0,0.0,0.0,0.011666666666666665,0.011666666666666665,0.0,0.0,0.0,20.0,20.0,0.0,0.0,0.0,0.0
2.55,0.0,0.0,0.0,0.0,0.0,0.0,0.0,0.0,0.0,0.0,0.011666666666666665,0.011666666666666665,0.0,0.0,0.0,20.0,20.0,0.0,0.0,0.0,0.0
2.5666666666666664,0.0,0.0,0.0,0.0,0.0,0.0,0.0,0.0,0.0,0.0,0.011666666666666665,0.011666666666666665,0.0,0.0,0.0,20.0,20.0,0.0,0.0,0.0,0.0
2.5833333333333335,0.0,0.0,0.0,0.0,0.0,0.0,0.0,0.0,0.0,0.0,0.011666666666666665,0.011666666666666665,0.0,0.0,0.0,20.0,20.0,0.0,0.0,0.0,0.0
2.6,0.0,0.0,0.0,0.0,0.0,0.0,0.0,0.0,0.0,0.0,0.011666666666666665,0.011666666666666665,0.0,0.0,0.0,20.0,20.0,0.0,0.0,0.0,0.0
2.6166666666666667,0.0,0.0,0.0,0.0,0.0,0.0,0.0,0.0,0.0,0.0,0.011666666666666665,0.011666666666666665,0.0,0.0,0.0,20.0,20.0,0.0,0.0,0.0,0.0
2.6333333333333333,0.0,0.0,0.0,0.0,0.0,0.0,0.0,0.0,0.0,0.0,0.011666666666666665,0.011666666666666665,0.0,0.0,0.0,20.0,20.0,0.0,0.0,0.0,0.0
2.65,0.0,0.0,0.0,0.0,0.0,0.0,0.0,0.0,0.0,0.0,0.011666666666666665,0.011666666666666665,0.0,0.0,0.0,20.0,20.0,0.0,0.0,0.0,0.0
2.6666666666666665,0.0,0.0,0.0,0.0,0.0,0.0,0.0,0.0,0.0,0.0,0.011666666666666665,0.011666666666666665,0.0,0.0,0.0,20.0,20.0,0.0,0.0,0.0,0.0
2.683333333333333,0.0,0.0,0.0,0.0,0.0,0.0,0.0,0.0,0.0,0.0,0.011666666666666665,0.011666666666666665,0.0,0.0,0.0,20.0,20.0,0.0,0.0,0.0,0.0
2.7,0.0,0.0,0.0,0.0,0.0,0.0,0.0,0.0,0.0,0.0,0.011666666666666665,0.011666666666666665,0.0,0.0,0.0,20.0,20.0,0.0,0.0,0.0,0.0
2.716666666666667,0.0,0.0,0.0,0.0,0.0,0.0,0.0,0.0,0.0,0.0,0.011666666666666665,0.011666666666666665,0.0,0.0,0.0,20.0,20.0,0.0,0.0,0.0,0.0
2.7333333333333334,0.0,0.0,0.0,0.0,0.0,0.0,0.0,0.0,0.0,0.0,0.011666666666666665,0.011666666666666665,0.0,0.0,0.0,20.0,20.0,0.0,0.0,0.0,0.0
2.75,0.0,0.0,0.0,0.0,0.0,0.0,0.0,0.0,0.0,0.0,0.011666666666666665,0.011666666666666665,0.0,0.0,0.0,20.0,20.0,0.0,0.0,0.0,0.0
2.7666666666666666,0.0,0.0,0.0,0.0,0.0,0.0,0.0,0.0,0.0,0.0,0.011666666666666665,0.011666666666666665,0.0,0.0,0.0,20.0,20.0,0.0,0.0,0.0,0.0
2.783333333333333,0.0,0.0,0.0,0.0,0.0,0.0,0.0,0.0,0.0,0.0,0.011666666666666665,0.011666666666666665,0.0,0.0,0.0,20.0,20.0,0.0,0.0,0.0,0.0
2.8,0.0,0.0,0.0,0.0,0.0,0.0,0.0,0.0,0.0,0.0,0.011666666666666665,0.011666666666666665,0.0,0.0,0.0,20.0,20.0,0.0,0.0,0.0,0.0
2.8166666666666664,0.0,0.0,0.0,0.0,0.0,0.0,0.0,0.0,0.0,0.0,0.011666666666666665,0.011666666666666665,0.0,0.0,0.0,20.0,20.0,0.0,0.0,0.0,0.0
2.8333333333333335,0.0,0.0,0.0,0.0,0.0,0.0,0.0,0.0,0.0,0.0,0.011666666666666665,0.011666666666666665,0.0,0.0,0.0,20.0,20.0,0.0,0.0,0.0,0.0
2.85,0.0,0.0,0.0,0.0,0.0,0.0,0.0,0.0,0.0,0.0,0.011666666666666665,0.011666666666666665,0.0,0.0,0.0,20.0,20.0,0.0,0.0,0.0,0.0
2.8666666666666667,0.0,0.0,0.0,0.0,0.0,0.0,0.0,0.0,0.0,0.0,0.011666666666666665,0.011666666666666665,0.0,0.0,0.0,20.0,20.0,0.0,0.0,0.0,0.0
2.8833333333333333,0.0,0.0,0.0,0.0,0.0,0.0,0.0,0.0,0.0,0.0,0.011666666666666665,0.011666666666666665,0.0,0.0,0.0,20.0,20.0,0.0,0.0,0.0,0.0
2.9,0.0,0.0,0.0,0.0,0.0,0.0,0.0,0.0,0.0,0.0,0.011666666666666665,0.011666666666666665,0.0,0.0,0.0,20.0,20.0,0.0,0.0,0.0,0.0
2.9166666666666665,0.0,0.0,0.0,0.0,0.0,0.0,0.0,0.0,0.0,0.0,0.011666666666666665,0.011666666666666665,0.0,0.0,0.0,20.0,20.0,0.0,0.0,0.0,0.0
2.933333333333333,0.0,0.0,0.0,0.0,0.0,0.0,0.0,0.0,0.0,0.0,0.011666666666666665,0.011666666666666665,0.0,0.0,0.0,20.0,20.0,0.0,0.0,0.0,0.0
2.95,0.0,0.0,0.0,0.0,0.0,0.0,0.0,0.0,0.0,0.0,0.011666666666666665,0.011666666666666665,0.0,0.0,0.0,20.0,20.0,0.0,0.0,0.0,0.0
2.966666666666667,0.0,0.0,0.0,0.0,0.0,0.0,0.0,0.0,0.0,0.0,0.011666666666666665,0.011666666666666665,0.0,0.0,0.0,20.0,20.0,0.0,0.0,0.0,0.0
2.9833333333333334,0.0,0.0,0.0,0.0,0.0,0.0,0.0,0.0,0.0,0.0,0.011666666666666665,0.011666666666666665,0.0,0.0,0.0,20.0,20.0,0.0,0.0,0.0,0.0
3.0,0.0,0.0,0.0,0.0,0.0,0.0,0.0,0.0,0.0,0.0,0.011666666666666665,0.011666666666666665,0.0,0.0,0.0,20.0,20.0,0.0,0.0,0.0,0.0
3.0166666666666666,0.0,0.0,0.0,0.0,0.0,0.0,0.0,0.0,0.0,0.0,0.011666666666666665,0.011666666666666665,0.0,0.0,0.0,20.0,20.0,0.0,0.0,0.0,0.0
3.033333333333333,0.0,0.0,0.0,0.0,0.0,0.0,0.0,0.0,0.0,0.0,0.011666666666666665,0.011666666666666665,0.0,0.0,0.0,20.0,20.0,0.0,0.0,0.0,0.0
3.05,0.0,0.0,0.0,0.0,0.0,0.0,0.0,0.0,0.0,0.0,0.011666666666666665,0.011666666666666665,0.0,0.0,0.0,20.0,20.0,0.0,0.0,0.0,0.0
3.0666666666666664,0.0,0.0,0.0,0.0,0.0,0.0,0.0,0.0,0.0,0.0,0.011666666666666665,0.011666666666666665,0.0,0.0,0.0,20.0,20.0,0.0,0.0,0.0,0.0
3.0833333333333335,0.0,0.0,0.0,0.0,0.0,0.0,0.0,0.0,0.0,0.0,0.011666666666666665,0.011666666666666665,0.0,0.0,0.0,20.0,20.0,0.0,0.0,0.0,0.0
3.1,0.0,0.0,0.0,0.0,0.0,0.0,0.0,0.0,0.0,0.0,0.011666666666666665,0.011666666666666665,0.0,0.0,0.0,20.0,20.0,0.0,0.0,0.0,0.0
3.1166666666666667,0.0,0.0,0.0,0.0,0.0,0.0,0.0,0.0,0.0,0.0,0.011666666666666665,0.011666666666666665,0.0,0.0,0.0,20.0,20.0,0.0,0.0,0.0,0.0
3.1333333333333333,0.0,0.0,0.0,0.0,0.0,0.0,0.0,0.0,0.0,0.0,0.011666666666666665,0.011666666666666665,0.0,0.0,0.0,20.0,20.0,0.0,0.0,0.0,0.0
3.15,0.0,0.0,0.0,0.0,0.0,0.0,0.0,0.0,0.0,0.0,0.011666666666666665,0.011666666666666665,0.0,0.0,0.0,20.0,20.0,0.0,0.0,0.0,0.0
3.1666666666666665,0.0,0.0,0.0,0.0,0.0,0.0,0.0,0.0,0.0,0.0,0.011666666666666665,0.011666666666666665,0.0,0.0,0.0,20.0,20.0,0.0,0.0,0.0,0.0
3.183333333333333,0.0,0.0,0.0,0.0,0.0,0.0,0.0,0.0,0.0,0.0,0.011666666666666665,0.011666666666666665,0.0,0.0,0.0,20.0,20.0,0.0,0.0,0.0,0.0
3.2,0.0,0.0,0.0,0.0,0.0,0.0,0.0,0.0,0.0,0.0,0.011666666666666665,0.011666666666666665,0.0,0.0,0.0,20.0,20.0,0.0,0.0,0.0,0.0
3.216666666666667,0.0,0.0,0.0,0.0,0.0,0.0,0.0,0.0,0.0,0.0,0.011666666666666665,0.011666666666666665,0.0,0.0,0.0,20.0,20.0,0.0,0.0,0.0,0.0
3.2333333333333334,0.0,0.0,0.0,0.0,0.0,0.0,0.0,0.0,0.0,0.0,0.011666666666666665,0.011666666666666665,0.0,0.0,0.0,20.0,20.0,0.0,0.0,0.0,0.0
3.25,0.0,0.0,0.0,0.0,0.0,0.0,0.0,0.0,0.0,0.0,0.011666666666666665,0.011666666666666665,0.0,0.0,0.0,20.0,20.0,0.0,0.0,0.0,0.0
3.2666666666666666,0.0,0.0,0.0,0.0,0.0,0.0,0.0,0.0,0.0,0.0,0.011666666666666665,0.011666666666666665,0.0,0.0,0.0,20.0,20.0,0.0,0.0,0.0,0.0
3.283333333333333,0.0,0.0,0.0,0.0,0.0,0.0,0.0,0.0,0.0,0.0,0.011666666666666665,0.011666666666666665,0.0,0.0,0.0,20.0,20.0,0.0,0.0,0.0,0.0
3.3,0.0,0.0,0.0,0.0,0.0,0.0,0.0,0.0,0.0,0.0,0.011666666666666665,0.011666666666666665,0.0,0.0,0.0,20.0,20.0,0.0,0.0,0.0,0.0
3.3166666666666664,0.0,0.0,0.0,0.0,0.0,0.0,0.0,0.0,0.0,0.0,0.011666666666666665,0.011666666666666665,0.0,0.0,0.0,20.0,20.0,0.0,0.0,0.0,0.0
3.3333333333333335,0.0,0.0,0.0,0.0,0.0,0.0,0.0,0.0,0.0,0.0,0.011666666666666665,0.011666666666666665,0.0,0.0,0.0,20.0,20.0,0.0,0.0,0.0,0.0
3.35,0.0,0.0,0.0,0.0,0.0,0.0,0.0,0.0,0.0,0.0,0.011666666666666665,0.011666666666666665,0.0,0.0,0.0,20.0,20.0,0.0,0.0,0.0,0.0
3.3666666666666667,0.0,0.0,0.0,0.0,0.0,0.0,0.0,0.0,0.0,0.0,0.011666666666666665,0.011666666666666665,0.0,0.0,0.0,20.0,20.0,0.0,0.0,0.0,0.0
3.3833333333333333,0.0,0.0,0.0,0.0,0.0,0.0,0.0,0.0,0.0,0.0,0.011666666666666665,0.011666666666666665,0.0,0.0,0.0,20.0,20.0,0.0,0.0,0.0,0.0
3.4,0.0,0.0,0.0,0.0,0.0,0.0,0.0,0.0,0.0,0.0,0.011666666666666665,0.011666666666666665,0.0,0.0,0.0,20.0,20.0,0.0,0.0,0.0,0.0
3.4166666666666665,0.0,0.0,0.0,0.0,0.0,0.0,0.0,0.0,0.0,0.0,0.011666666666666665,0.011666666666666665,0.0,0.0,0.0,20.0,20.0,0.0,0.0,0.0,0.0
3.433333333333333,0.0,0.0,0.0,0.0,0.0,0.0,0.0,0.0,0.0,0.0,0.011666666666666665,0.011666666666666665,0.0,0.0,0.0,20.0,20.0,0.0,0.0,0.0,0.0
3.4499999999999997,0.0,0.0,0.0,0.0,0.0,0.0,0.0,0.0,0.0,0.0,0.011666666666666665,0.011666666666666665,0.0,0.0,0.0,20.0,20.0,0.0,0.0,0.0,0.0
3.466666666666667,0.0,0.0,0.0,0.0,0.0,0.0,0.0,0.0,0.0,0.0,0.011666666666666665,0.011666666666666665,0.0,0.0,0.0,20.0,20.0,0.0,0.0,0.0,0.0
3.4833333333333334,0.0,0.0,0.0,0.0,0.0,0.0,0.0,0.0,0.0,0.0,0.011666666666666665,0.011666666666666665,0.0,0.0,0.0,20.0,20.0,0.0,0.0,0.0,0.0
3.5,0.0,0.0,0.0,0.0,0.0,0.0,0.0,0.0,0.0,0.0,0.011666666666666665,0.011666666666666665,0.0,0.0,0.0,20.0,20.0,0.0,0.0,0.0,0.0
3.5166666666666666,0.0,0.0,0.0,0.0,0.0,0.0,0.0,0.0,0.0,0.0,0.011666666666666665,0.011666666666666665,0.0,0.0,0.0,20.0,20.0,0.0,0.0,0.0,0.0
3.533333333333333,0.0,0.0,0.0,0.0,0.0,0.0,0.0,0.0,0.0,0.0,0.011666666666666665,0.011666666666666665,0.0,0.0,0.0,20.0,20.0,0.0,0.0,0.0,0.0
3.55,0.0,0.0,0.0,0.0,0.0,0.0,0.0,0.0,0.0,0.0,0.011666666666666665,0.011666666666666665,0.0,0.0,0.0,20.0,20.0,0.0,0.0,0.0,0.0
3.5666666666666664,0.0,0.0,0.0,0.0,0.0,0.0,0.0,0.0,0.0,0.0,0.011666666666666665,0.011666666666666665,0.0,0.0,0.0,20.0,20.0,0.0,0.0,0.0,0.0
3.5833333333333335,0.0,0.0,0.0,0.0,0.0,0.0,0.0,0.0,0.0,0.0,0.011666666666666665,0.011666666666666665,0.0,0.0,0.0,20.0,20.0,0.0,0.0,0.0,0.0
3.6,0.0,0.0,0.0,0.0,0.0,0.0,0.0,0.0,0.0,0.0,0.011666666666666665,0.011666666666666665,0.0,0.0,0.0,20.0,20.0,0.0,0.0,0.0,0.0
3.6166666666666667,0.0,0.0,0.0,0.0,0.0,0.0,0.0,0.0,0.0,0.0,0.011666666666666665,0.011666666666666665,0.0,0.0,0.0,20.0,20.0,0.0,0.0,0.0,0.0
3.6333333333333333,0.0,0.0,0.0,0.0,0.0,0.0,0.0,0.0,0.0,0.0,0.011666666666666665,0.011666666666666665,0.0,0.0,0.0,20.0,20.0,0.0,0.0,0.0,0.0
3.65,0.0,0.0,0.0,0.0,0.0,0.0,0.0,0.0,0.0,0.0,0.011666666666666665,0.011666666666666665,0.0,0.0,0.0,20.0,20.0,0.0,0.0,0.0,0.0
3.6666666666666665,0.0,0.0,0.0,0.0,0.0,0.0,0.0,0.0,0.0,0.0,0.011666666666666665,0.011666666666666665,0.0,0.0,0.0,20.0,20.0,0.0,0.0,0.0,0.0
3.683333333333333,0.0,0.0,0.0,0.0,0.0,0.0,0.0,0.0,0.0,0.0,0.011666666666666665,0.011666666666666665,0.0,0.0,0.0,20.0,20.0,0.0,0.0,0.0,0.0
3.6999999999999997,0.0,0.0,0.0,0.0,0.0,0.0,0.0,0.0,0.0,0.0,0.011666666666666665,0.011666666666666665,0.0,0.0,0.0,20.0,20.0,0.0,0.0,0.0,0.0
3.716666666666667,0.0,0.0,0.0,0.0,0.0,0.0,0.0,0.0,0.0,0.0,0.011666666666666665,0.011666666666666665,0.0,0.0,0.0,20.0,20.0,0.0,0.0,0.0,0.0
3.7333333333333334,0.0,0.0,0.0,0.0,0.0,0.0,0.0,0.0,0.0,0.0,0.011666666666666665,0.011666666666666665,0.0,0.0,0.0,20.0,20.0,0.0,0.0,0.0,0.0
3.75,0.0,0.0,0.0,0.0,0.0,0.0,0.0,0.0,0.0,0.0,0.011666666666666665,0.011666666666666665,0.0,0.0,0.0,20.0,20.0,0.0,0.0,0.0,0.0
3.7666666666666666,0.0,0.0,0.0,0.0,0.0,0.0,0.0,0.0,0.0,0.0,0.011666666666666665,0.011666666666666665,0.0,0.0,0.0,20.0,20.0,0.0,0.0,0.0,0.0
3.783333333333333,0.0,0.0,0.0,0.0,0.0,0.0,0.0,0.0,0.0,0.0,0.011666666666666665,0.011666666666666665,0.0,0.0,0.0,20.0,20.0,0.0,0.0,0.0,0.0
3.8,0.0,0.0,0.0,0.0,0.0,0.0,0.0,0.0,0.0,0.0,0.011666666666666665,0.011666666666666665,0.0,0.0,0.0,20.0,20.0,0.0,0.0,0.0,0.0
3.8166666666666664,0.0,0.0,0.0,0.0,0.0,0.0,0.0,0.0,0.0,0.0,0.011666666666666665,0.011666666666666665,0.0,0.0,0.0,20.0,20.0,0.0,0.0,0.0,0.0
3.8333333333333335,0.0,0.0,0.0,0.0,0.0,0.0,0.0,0.0,0.0,0.0,0.011666666666666665,0.011666666666666665,0.0,0.0,0.0,20.0,20.0,0.0,0.0,0.0,0.0
3.85,0.0,0.0,0.0,0.0,0.0,0.0,0.0,0.0,0.0,0.0,0.011666666666666665,0.011666666666666665,0.0,0.0,0.0,20.0,20.0,0.0,0.0,0.0,0.0
3.8666666666666667,0.0,0.0,0.0,0.0,0.0,0.0,0.0,0.0,0.0,0.0,0.011666666666666665,0.011666666666666665,0.0,0.0,0.0,20.0,20.0,0.0,0.0,0.0,0.0
3.8833333333333333,0.0,0.0,0.0,0.0,0.0,0.0,0.0,0.0,0.0,0.0,0.011666666666666665,0.011666666666666665,0.0,0.0,0.0,20.0,20.0,0.0,0.0,0.0,0.0
3.9,0.0,0.0,0.0,0.0,0.0,0.0,0.0,0.0,0.0,0.0,0.011666666666666665,0.011666666666666665,0.0,0.0,0.0,20.0,20.0,0.0,0.0,0.0,0.0
3.9166666666666665,0.0,0.0,0.0,0.0,0.0,0.0,0.0,0.0,0.0,0.0,0.011666666666666665,0.011666666666666665,0.0,0.0,0.0,20.0,20.0,0.0,0.0,0.0,0.0
3.933333333333333,0.0,0.0,0.0,0.0,0.0,0.0,0.0,0.0,0.0,0.0,0.011666666666666665,0.011666666666666665,0.0,0.0,0.0,20.0,20.0,0.0,0.0,0.0,0.0
3.9499999999999997,0.0,0.0,0.0,0.0,0.0,0.0,0.0,0.0,0.0,0.0,0.011666666666666665,0.011666666666666665,0.0,0.0,0.0,20.0,20.0,0.0,0.0,0.0,0.0
3.966666666666667,0.0,0.0,0.0,0.0,0.0,0.0,0.0,0.0,0.0,0.0,0.011666666666666665,0.011666666666666665,0.0,0.0,0.0,20.0,20.0,0.0,0.0,0.0,0.0
3.9833333333333334,0.0,0.0,0.0,0.0,0.0,0.0,0.0,0.0,0.0,0.0,0.011666666666666665,0.011666666666666665,0.0,0.0,0.0,20.0,20.0,0.0,0.0,0.0,0.0
4.0,0.0,0.0,0.0,0.0,0.0,0.0,0.0,0.0,0.0,0.0,0.011666666666666665,0.011666666666666665,0.0,0.0,0.0,20.0,20.0,0.0,0.0,0.0,0.0
4.016666666666667,0.0,0.0,0.0,0.0,0.0,0.0,0.0,0.0,0.0,0.0,0.011666666666666665,0.011666666666666665,0.0,0.0,0.0,20.0,20.0,0.0,0.0,0.0,0.0
4.033333333333333,0.0,0.0,0.0,0.0,0.0,0.0,0.0,0.0,0.0,0.0,0.011666666666666665,0.011666666666666665,0.0,0.0,0.0,20.0,20.0,0.0,0.0,0.0,0.0
4.05,0.0,0.0,0.0,0.0,0.0,0.0,0.0,0.0,0.0,0.0,0.011666666666666665,0.011666666666666665,0.0,0.0,0.0,20.0,20.0,0.0,0.0,0.0,0.0
4.066666666666666,0.0,0.0,0.0,0.0,0.0,0.0,0.0,0.0,0.0,0.0,0.011666666666666665,0.011666666666666665,0.0,0.0,0.0,20.0,20.0,0.0,0.0,0.0,0.0
4.083333333333333,0.0,0.0,0.0,0.0,0.0,0.0,0.0,0.0,0.0,0.0,0.011666666666666665,0.011666666666666665,0.0,0.0,0.0,20.0,20.0,0.0,0.0,0.0,0.0
4.1,0.0,0.0,0.0,0.0,0.0,0.0,0.0,0.0,0.0,0.0,0.011666666666666665,0.011666666666666665,0.0,0.0,0.0,20.0,20.0,0.0,0.0,0.0,0.0
4.116666666666666,0.0,0.0,0.0,0.0,0.0,0.0,0.0,0.0,0.0,0.0,0.011666666666666665,0.011666666666666665,0.0,0.0,0.0,20.0,20.0,0.0,0.0,0.0,0.0
4.133333333333333,0.0,0.0,0.0,0.0,0.0,0.0,0.0,0.0,0.0,0.0,0.011666666666666665,0.011666666666666665,0.0,0.0,0.0,20.0,20.0,0.0,0.0,0.0,0.0
4.15,0.0,0.0,0.0,0.0,0.0,0.0,0.0,0.0,0.0,0.0,0.011666666666666665,0.011666666666666665,0.0,0.0,0.0,20.0,20.0,0.0,0.0,0.0,0.0
4.166666666666667,0.0,0.0,0.0,0.0,0.0,0.0,0.0,0.0,0.0,0.0,0.011666666666666665,0.011666666666666665,0.0,0.0,0.0,20.0,20.0,0.0,0.0,0.0,0.0
4.183333333333334,0.0,0.0,0.0,0.0,0.0,0.0,0.0,0.0,0.0,0.0,0.011666666666666665,0.011666666666666665,0.0,0.0,0.0,20.0,20.0,0.0,0.0,0.0,0.0
4.2,0.0,0.0,0.0,0.0,0.0,0.0,0.0,0.0,0.0,0.0,0.011666666666666665,0.011666666666666665,0.0,0.0,0.0,20.0,20.0,0.0,0.0,0.0,0.0
4.216666666666667,0.0,0.0,0.0,0.0,0.0,0.0,0.0,0.0,0.0,0.0,0.011666666666666665,0.011666666666666665,0.0,0.0,0.0,20.0,20.0,0.0,0.0,0.0,0.0
4.233333333333333,0.0,0.0,0.0,0.0,0.0,0.0,0.0,0.0,0.0,0.0,0.011666666666666665,0.011666666666666665,0.0,0.0,0.0,20.0,20.0,0.0,0.0,0.0,0.0
4.25,0.0,0.0,0.0,0.0,0.0,0.0,0.0,0.0,0.0,0.0,0.011666666666666665,0.011666666666666665,0.0,0.0,0.0,20.0,20.0,0.0,0.0,0.0,0.0
4.266666666666667,0.0,0.0,0.0,0.0,0.0,0.0,0.0,0.0,0.0,0.0,0.011666666666666665,0.011666666666666665,0.0,0.0,0.0,20.0,20.0,0.0,0.0,0.0,0.0
4.283333333333333,0.0,0.0,0.0,0.0,0.0,0.0,0.0,0.0,0.0,0.0,0.011666666666666665,0.011666666666666665,0.0,0.0,0.0,20.0,20.0,0.0,0.0,0.0,0.0
4.3,0.0,0.0,0.0,0.0,0.0,0.0,0.0,0.0,0.0,0.0,0.011666666666666665,0.011666666666666665,0.0,0.0,0.0,20.0,20.0,0.0,0.0,0.0,0.0
4.316666666666666,0.0,0.0,0.0,0.0,0.0,0.0,0.0,0.0,0.0,0.0,0.011666666666666665,0.011666666666666665,0.0,0.0,0.0,20.0,20.0,0.0,0.0,0.0,0.0
4.333333333333333,0.0,0.0,0.0,0.0,0.0,0.0,0.0,0.0,0.0,0.0,0.011666666666666665,0.011666666666666665,0.0,0.0,0.0,20.0,20.0,0.0,0.0,0.0,0.0
4.35,0.0,0.0,0.0,0.0,0.0,0.0,0.0,0.0,0.0,0.0,0.011666666666666665,0.011666666666666665,0.0,0.0,0.0,20.0,20.0,0.0,0.0,0.0,0.0
4.366666666666666,0.0,0.0,0.0,0.0,0.0,0.0,0.0,0.0,0.0,0.0,0.011666666666666665,0.011666666666666665,0.0,0.0,0.0,20.0,20.0,0.0,0.0,0.0,0.0
4.383333333333333,0.0,0.0,0.0,0.0,0.0,0.0,0.0,0.0,0.0,0.0,0.011666666666666665,0.011666666666666665,0.0,0.0,0.0,20.0,20.0,0.0,0.0,0.0,0.0
4.4,0.0,0.0,0.0,0.0,0.0,0.0,0.0,0.0,0.0,0.0,0.011666666666666665,0.011666666666666665,0.0,0.0,0.0,20.0,20.0,0.0,0.0,0.0,0.0
4.416666666666667,0.0,0.0,0.0,0.0,0.0,0.0,0.0,0.0,0.0,0.0,0.011666666666666665,0.011666666666666665,0.0,0.0,0.0,20.0,20.0,0.0,0.0,0.0,0.0
4.433333333333334,0.0,0.0,0.0,0.0,0.0,0.0,0.0,0.0,0.0,0.0,0.011666666666666665,0.011666666666666665,0.0,0.0,0.0,20.0,20.0,0.0,0.0,0.0,0.0
4.45,0.0,0.0,0.0,0.0,0.0,0.0,0.0,0.0,0.0,0.0,0.011666666666666665,0.011666666666666665,0.0,0.0,0.0,20.0,20.0,0.0,0.0,0.0,0.0
4.466666666666667,0.0,0.0,0.0,0.0,0.0,0.0,0.0,0.0,0.0,0.0,0.011666666666666665,0.011666666666666665,0.0,0.0,0.0,20.0,20.0,0.0,0.0,0.0,0.0
4.483333333333333,0.0,0.0,0.0,0.0,0.0,0.0,0.0,0.0,0.0,0.0,0.011666666666666665,0.011666666666666665,0.0,0.0,0.0,20.0,20.0,0.0,0.0,0.0,0.0
4.5,0.0,0.0,0.0,0.0,0.0,0.0,0.0,0.0,0.0,0.0,0.011666666666666665,0.011666666666666665,0.0,0.0,0.0,20.0,20.0,0.0,0.0,0.0,0.0
4.516666666666667,0.0,0.0,0.0,0.0,0.0,0.0,0.0,0.0,0.0,0.0,0.011666666666666665,0.011666666666666665,0.0,0.0,0.0,20.0,20.0,0.0,0.0,0.0,0.0
4.533333333333333,0.0,0.0,0.0,0.0,0.0,0.0,0.0,0.0,0.0,0.0,0.011666666666666665,0.011666666666666665,0.0,0.0,0.0,20.0,20.0,0.0,0.0,0.0,0.0
4.55,0.0,0.0,0.0,0.0,0.0,0.0,0.0,0.0,0.0,0.0,0.011666666666666665,0.011666666666666665,0.0,0.0,0.0,20.0,20.0,0.0,0.0,0.0,0.0
4.566666666666666,0.0,0.0,0.0,0.0,0.0,0.0,0.0,0.0,0.0,0.0,0.011666666666666665,0.011666666666666665,0.0,0.0,0.0,20.0,20.0,0.0,0.0,0.0,0.0
4.583333333333333,0.0,0.0,0.0,0.0,0.0,0.0,0.0,0.0,0.0,0.0,0.011666666666666665,0.011666666666666665,0.0,0.0,0.0,20.0,20.0,0.0,0.0,0.0,0.0
4.6,0.0,0.0,0.0,0.0,0.0,0.0,0.0,0.0,0.0,0.0,0.011666666666666665,0.011666666666666665,0.0,0.0,0.0,20.0,20.0,0.0,0.0,0.0,0.0
4.616666666666666,0.0,0.0,0.0,0.0,0.0,0.0,0.0,0.0,0.0,0.0,0.011666666666666665,0.011666666666666665,0.0,0.0,0.0,20.0,20.0,0.0,0.0,0.0,0.0
4.633333333333333,0.0,0.0,0.0,0.0,0.0,0.0,0.0,0.0,0.0,0.0,0.011666666666666665,0.011666666666666665,0.0,0.0,0.0,20.0,20.0,0.0,0.0,0.0,0.0
4.65,0.0,0.0,0.0,0.0,0.0,0.0,0.0,0.0,0.0,0.0,0.011666666666666665,0.011666666666666665,0.0,0.0,0.0,20.0,20.0,0.0,0.0,0.0,0.0
4.666666666666667,0.0,0.0,0.0,0.0,0.0,0.0,0.0,0.0,0.0,0.0,0.011666666666666665,0.011666666666666665,0.0,0.0,0.0,20.0,20.0,0.0,0.0,0.0,0.0
4.683333333333334,0.0,0.0,0.0,0.0,0.0,0.0,0.0,0.0,0.0,0.0,0.011666666666666665,0.011666666666666665,0.0,0.0,0.0,20.0,20.0,0.0,0.0,0.0,0.0
4.7,0.0,0.0,0.0,0.0,0.0,0.0,0.0,0.0,0.0,0.0,0.011666666666666665,0.011666666666666665,0.0,0.0,0.0,20.0,20.0,0.0,0.0,0.0,0.0
4.716666666666667,0.0,0.0,0.0,0.0,0.0,0.0,0.0,0.0,0.0,0.0,0.011666666666666665,0.011666666666666665,0.0,0.0,0.0,20.0,20.0,0.0,0.0,0.0,0.0
4.733333333333333,0.0,0.0,0.0,0.0,0.0,0.0,0.0,0.0,0.0,0.0,0.011666666666666665,0.011666666666666665,0.0,0.0,0.0,20.0,20.0,0.0,0.0,0.0,0.0
4.75,0.0,0.0,0.0,0.0,0.0,0.0,0.0,0.0,0.0,0.0,0.011666666666666665,0.011666666666666665,0.0,0.0,0.0,20.0,20.0,0.0,0.0,0.0,0.0
4.766666666666667,0.0,0.0,0.0,0.0,0.0,0.0,0.0,0.0,0.0,0.0,0.011666666666666665,0.011666666666666665,0.0,0.0,0.0,20.0,20.0,0.0,0.0,0.0,0.0
4.783333333333333,0.0,0.0,0.0,0.0,0.0,0.0,0.0,0.0,0.0,0.0,0.011666666666666665,0.011666666666666665,0.0,0.0,0.0,20.0,20.0,0.0,0.0,0.0,0.0
4.8,0.0,0.0,0.0,0.0,0.0,0.0,0.0,0.0,0.0,0.0,0.011666666666666665,0.011666666666666665,0.0,0.0,0.0,20.0,20.0,0.0,0.0,0.0,0.0
4.816666666666666,0.0,0.0,0.0,0.0,0.0,0.0,0.0,0.0,0.0,0.0,0.011666666666666665,0.011666666666666665,0.0,0.0,0.0,20.0,20.0,0.0,0.0,0.0,0.0
4.833333333333333,0.0,0.0,0.0,0.0,0.0,0.0,0.0,0.0,0.0,0.0,0.011666666666666665,0.011666666666666665,0.0,0.0,0.0,20.0,20.0,0.0,0.0,0.0,0.0
4.85,0.0,0.0,0.0,0.0,0.0,0.0,0.0,0.0,0.0,0.0,0.011666666666666665,0.011666666666666665,0.0,0.0,0.0,20.0,20.0,0.0,0.0,0.0,0.0
4.866666666666666,0.0,0.0,0.0,0.0,0.0,0.0,0.0,0.0,0.0,0.0,0.011666666666666665,0.011666666666666665,0.0,0.0,0.0,20.0,20.0,0.0,0.0,0.0,0.0
4.883333333333333,0.0,0.0,0.0,0.0,0.0,0.0,0.0,0.0,0.0,0.0,0.011666666666666665,0.011666666666666665,0.0,0.0,0.0,20.0,20.0,0.0,0.0,0.0,0.0
4.9,0.0,0.0,0.0,0.0,0.0,0.0,0.0,0.0,0.0,0.0,0.011666666666666665,0.011666666666666665,0.0,0.0,0.0,20.0,20.0,0.0,0.0,0.0,0.0
4.916666666666667,0.0,0.0,0.0,0.0,0.0,0.0,0.0,0.0,0.0,0.0,0.011666666666666665,0.011666666666666665,0.0,0.0,0.0,20.0,20.0,0.0,0.0,0.0,0.0
4.933333333333334,0.0,0.0,0.0,0.0,0.0,0.0,0.0,0.0,0.0,0.0,0.011666666666666665,0.011666666666666665,0.0,0.0,0.0,20.0,20.0,0.0,0.0,0.0,0.0
4.95,0.0,0.0,0.0,0.0,0.0,0.0,0.0,0.0,0.0,0.0,0.011666666666666665,0.011666666666666665,0.0,0.0,0.0,20.0,20.0,0.0,0.0,0.0,0.0
4.966666666666667,0.0,0.0,0.0,0.0,0.0,0.0,0.0,0.0,0.0,0.0,0.011666666666666665,0.011666666666666665,0.0,0.0,0.0,20.0,20.0,0.0,0.0,0.0,0.0
4.983333333333333,0.0,0.0,0.0,0.0,0.0,0.0,0.0,0.0,0.0,0.0,0.011666666666666665,0.011666666666666665,0.0,0.0,0.0,20.0,20.0,0.0,0.0,0.0,0.0
5.0,0.0,0.0,0.0,0.0,0.0,0.0,0.0,0.0,0.0,0.0,0.011666666666666665,0.011666666666666665,0.0,0.0,0.0,20.0,20.0,0.0,0.0,0.0,0.0
5.016666666666667,0.0,0.0,0.0,0.0,0.0,0.0,0.0,0.0,0.0,0.0,0.011666666666666665,0.011666666666666665,0.0,0.0,0.0,20.0,20.0,0.0,0.0,0.0,0.0
5.033333333333333,0.0,0.0,0.0,0.0,0.0,0.0,0.0,0.0,0.0,0.0,0.011666666666666665,0.011666666666666665,0.0,0.0,0.0,20.0,20.0,0.0,0.0,0.0,0.0
5.05,0.0,0.0,0.0,0.0,0.0,0.0,0.0,0.0,0.0,0.0,0.011666666666666665,0.011666666666666665,0.0,0.0,0.0,20.0,20.0,0.0,0.0,0.0,0.0
5.066666666666666,0.0,0.0,0.0,0.0,0.0,0.0,0.0,0.0,0.0,0.0,0.011666666666666665,0.011666666666666665,0.0,0.0,0.0,20.0,20.0,0.0,0.0,0.0,0.0
5.083333333333333,0.0,0.0,0.0,0.0,0.0,0.0,0.0,0.0,0.0,0.0,0.011666666666666665,0.011666666666666665,0.0,0.0,0.0,20.0,20.0,0.0,0.0,0.0,0.0
5.1,0.0,0.0,0.0,0.0,0.0,0.0,0.0,0.0,0.0,0.0,0.011666666666666665,0.011666666666666665,0.0,0.0,0.0,20.0,20.0,0.0,0.0,0.0,0.0
5.116666666666666,0.0,0.0,0.0,0.0,0.0,0.0,0.0,0.0,0.0,0.0,0.011666666666666665,0.011666666666666665,0.0,0.0,0.0,20.0,20.0,0.0,0.0,0.0,0.0
5.133333333333333,0.0,0.0,0.0,0.0,0.0,0.0,0.0,0.0,0.0,0.0,0.011666666666666665,0.011666666666666665,0.0,0.0,0.0,20.0,20.0,0.0,0.0,0.0,0.0
5.15,0.0,0.0,0.0,0.0,0.0,0.0,0.0,0.0,0.0,0.0,0.011666666666666665,0.011666666666666665,0.0,0.0,0.0,20.0,20.0,0.0,0.0,0.0,0.0
5.166666666666667,0.0,0.0,0.0,0.0,0.0,0.0,0.0,0.0,0.0,0.0,0.011666666666666665,0.011666666666666665,0.0,0.0,0.0,20.0,20.0,0.0,0.0,0.0,0.0
5.183333333333334,0.0,0.0,0.0,0.0,0.0,0.0,0.0,0.0,0.0,0.0,0.011666666666666665,0.011666666666666665,0.0,0.0,0.0,20.0,20.0,0.0,0.0,0.0,0.0
5.2,0.0,0.0,0.0,0.0,0.0,0.0,0.0,0.0,0.0,0.0,0.011666666666666665,0.011666666666666665,0.0,0.0,0.0,20.0,20.0,0.0,0.0,0.0,0.0
5.216666666666667,0.0,0.0,0.0,0.0,0.0,0.0,0.0,0.0,0.0,0.0,0.011666666666666665,0.011666666666666665,0.0,0.0,0.0,20.0,20.0,0.0,0.0,0.0,0.0
5.233333333333333,0.0,0.0,0.0,0.0,0.0,0.0,0.0,0.0,0.0,0.0,0.011666666666666665,0.011666666666666665,0.0,0.0,0.0,20.0,20.0,0.0,0.0,0.0,0.0
5.25,0.0,0.0,0.0,0.0,0.0,0.0,0.0,0.0,0.0,0.0,0.011666666666666665,0.011666666666666665,0.0,0.0,0.0,20.0,20.0,0.0,0.0,0.0,0.0
5.266666666666667,0.0,0.0,0.0,0.0,0.0,0.0,0.0,0.0,0.0,0.0,0.011666666666666665,0.011666666666666665,0.0,0.0,0.0,20.0,20.0,0.0,0.0,0.0,0.0
5.283333333333333,0.0,0.0,0.0,0.0,0.0,0.0,0.0,0.0,0.0,0.0,0.011666666666666665,0.011666666666666665,0.0,0.0,0.0,20.0,20.0,0.0,0.0,0.0,0.0
5.3,0.0,0.0,0.0,0.0,0.0,0.0,0.0,0.0,0.0,0.0,0.011666666666666665,0.011666666666666665,0.0,0.0,0.0,20.0,20.0,0.0,0.0,0.0,0.0
5.316666666666666,0.0,0.0,0.0,0.0,0.0,0.0,0.0,0.0,0.0,0.0,0.011666666666666665,0.011666666666666665,0.0,0.0,0.0,20.0,20.0,0.0,0.0,0.0,0.0
5.333333333333333,0.0,0.0,0.0,0.0,0.0,0.0,0.0,0.0,0.0,0.0,0.011666666666666665,0.011666666666666665,0.0,0.0,0.0,20.0,20.0,0.0,0.0,0.0,0.0
5.35,0.0,0.0,0.0,0.0,0.0,0.0,0.0,0.0,0.0,0.0,0.011666666666666665,0.011666666666666665,0.0,0.0,0.0,20.0,20.0,0.0,0.0,0.0,0.0
5.366666666666666,0.0,0.0,0.0,0.0,0.0,0.0,0.0,0.0,0.0,0.0,0.011666666666666665,0.011666666666666665,0.0,0.0,0.0,20.0,20.0,0.0,0.0,0.0,0.0
5.383333333333333,0.0,0.0,0.0,0.0,0.0,0.0,0.0,0.0,0.0,0.0,0.011666666666666665,0.011666666666666665,0.0,0.0,0.0,20.0,20.0,0.0,0.0,0.0,0.0
5.4,0.0,0.0,0.0,0.0,0.0,0.0,0.0,0.0,0.0,0.0,0.011666666666666665,0.011666666666666665,0.0,0.0,0.0,20.0,20.0,0.0,0.0,0.0,0.0
5.416666666666667,0.0,0.0,0.0,0.0,0.0,0.0,0.0,0.0,0.0,0.0,0.011666666666666665,0.011666666666666665,0.0,0.0,0.0,20.0,20.0,0.0,0.0,0.0,0.0
5.433333333333334,0.0,0.0,0.0,0.0,0.0,0.0,0.0,0.0,0.0,0.0,0.011666666666666665,0.011666666666666665,0.0,0.0,0.0,20.0,20.0,0.0,0.0,0.0,0.0
5.45,0.0,0.0,0.0,0.0,0.0,0.0,0.0,0.0,0.0,0.0,0.011666666666666665,0.011666666666666665,0.0,0.0,0.0,20.0,20.0,0.0,0.0,0.0,0.0
5.466666666666667,0.0,0.0,0.0,0.0,0.0,0.0,0.0,0.0,0.0,0.0,0.011666666666666665,0.011666666666666665,0.0,0.0,0.0,20.0,20.0,0.0,0.0,0.0,0.0
5.483333333333333,0.0,0.0,0.0,0.0,0.0,0.0,0.0,0.0,0.0,0.0,0.011666666666666665,0.011666666666666665,0.0,0.0,0.0,20.0,20.0,0.0,0.0,0.0,0.0
5.5,0.0,0.0,0.0,0.0,0.0,0.0,0.0,0.0,0.0,0.0,0.011666666666666665,0.011666666666666665,0.0,0.0,0.0,20.0,20.0,0.0,0.0,0.0,0.0
5.516666666666667,0.0,0.0,0.0,0.0,0.0,0.0,0.0,0.0,0.0,0.0,0.011666666666666665,0.011666666666666665,0.0,0.0,0.0,20.0,20.0,0.0,0.0,0.0,0.0
5.533333333333333,0.0,0.0,0.0,0.0,0.0,0.0,0.0,0.0,0.0,0.0,0.011666666666666665,0.011666666666666665,0.0,0.0,0.0,20.0,20.0,0.0,0.0,0.0,0.0
5.55,0.0,0.0,0.0,0.0,0.0,0.0,0.0,0.0,0.0,0.0,0.011666666666666665,0.011666666666666665,0.0,0.0,0.0,20.0,20.0,0.0,0.0,0.0,0.0
5.566666666666666,0.0,0.0,0.0,0.0,0.0,0.0,0.0,0.0,0.0,0.0,0.011666666666666665,0.011666666666666665,0.0,0.0,0.0,20.0,20.0,0.0,0.0,0.0,0.0
5.583333333333333,0.0,0.0,0.0,0.0,0.0,0.0,0.0,0.0,0.0,0.0,0.011666666666666665,0.011666666666666665,0.0,0.0,0.0,20.0,20.0,0.0,0.0,0.0,0.0
5.6,0.0,0.0,0.0,0.0,0.0,0.0,0.0,0.0,0.0,0.0,0.011666666666666665,0.011666666666666665,0.0,0.0,0.0,20.0,20.0,0.0,0.0,0.0,0.0
5.616666666666666,0.0,0.0,0.0,0.0,0.0,0.0,0.0,0.0,0.0,0.0,0.011666666666666665,0.011666666666666665,0.0,0.0,0.0,20.0,20.0,0.0,0.0,0.0,0.0
5.633333333333333,0.0,0.0,0.0,0.0,0.0,0.0,0.0,0.0,0.0,0.0,0.011666666666666665,0.011666666666666665,0.0,0.0,0.0,20.0,20.0,0.0,0.0,0.0,0.0
5.65,0.0,0.0,0.0,0.0,0.0,0.0,0.0,0.0,0.0,0.0,0.011666666666666665,0.011666666666666665,0.0,0.0,0.0,20.0,20.0,0.0,0.0,0.0,0.0
5.666666666666667,0.0,0.0,0.0,0.0,0.0,0.0,0.0,0.0,0.0,0.0,0.011666666666666665,0.011666666666666665,0.0,0.0,0.0,20.0,20.0,0.0,0.0,0.0,0.0
5.683333333333334,0.0,0.0,0.0,0.0,0.0,0.0,0.0,0.0,0.0,0.0,0.011666666666666665,0.011666666666666665,0.0,0.0,0.0,20.0,20.0,0.0,0.0,0.0,0.0
5.7,0.0,0.0,0.0,0.0,0.0,0.0,0.0,0.0,0.0,0.0,0.011666666666666665,0.011666666666666665,0.0,0.0,0.0,20.0,20.0,0.0,0.0,0.0,0.0
5.716666666666667,0.0,0.0,0.0,0.0,0.0,0.0,0.0,0.0,0.0,0.0,0.011666666666666665,0.011666666666666665,0.0,0.0,0.0,20.0,20.0,0.0,0.0,0.0,0.0
5.733333333333333,0.0,0.0,0.0,0.0,0.0,0.0,0.0,0.0,0.0,0.0,0.011666666666666665,0.011666666666666665,0.0,0.0,0.0,20.0,20.0,0.0,0.0,0.0,0.0
5.75,0.0,0.0,0.0,0.0,0.0,0.0,0.0,0.0,0.0,0.0,0.011666666666666665,0.011666666666666665,0.0,0.0,0.0,20.0,20.0,0.0,0.0,0.0,0.0
5.766666666666667,0.0,0.0,0.0,0.0,0.0,0.0,0.0,0.0,0.0,0.0,0.011666666666666665,0.011666666666666665,0.0,0.0,0.0,20.0,20.0,0.0,0.0,0.0,0.0
5.783333333333333,0.0,0.0,0.0,0.0,0.0,0.0,0.0,0.0,0.0,0.0,0.011666666666666665,0.011666666666666665,0.0,0.0,0.0,20.0,20.0,0.0,0.0,0.0,0.0
5.8,0.0,0.0,0.0,0.0,0.0,0.0,0.0,0.0,0.0,0.0,0.011666666666666665,0.011666666666666665,0.0,0.0,0.0,20.0,20.0,0.0,0.0,0.0,0.0
5.816666666666666,0.0,0.0,0.0,0.0,0.0,0.0,0.0,0.0,0.0,0.0,0.011666666666666665,0.011666666666666665,0.0,0.0,0.0,20.0,20.0,0.0,0.0,0.0,0.0
5.833333333333333,0.0,0.0,0.0,0.0,0.0,0.0,0.0,0.0,0.0,0.0,0.011666666666666665,0.011666666666666665,0.0,0.0,0.0,20.0,20.0,0.0,0.0,0.0,0.0
5.85,0.0,0.0,0.0,0.0,0.0,0.0,0.0,0.0,0.0,0.0,0.011666666666666665,0.011666666666666665,0.0,0.0,0.0,20.0,20.0,0.0,0.0,0.0,0.0
5.866666666666666,0.0,0.0,0.0,0.0,0.0,0.0,0.0,0.0,0.0,0.0,0.011666666666666665,0.011666666666666665,0.0,0.0,0.0,20.0,20.0,0.0,0.0,0.0,0.0
5.883333333333333,0.0,0.0,0.0,0.0,0.0,0.0,0.0,0.0,0.0,0.0,0.011666666666666665,0.011666666666666665,0.0,0.0,0.0,20.0,20.0,0.0,0.0,0.0,0.0
5.9,0.0,0.0,0.0,0.0,0.0,0.0,0.0,0.0,0.0,0.0,0.011666666666666665,0.011666666666666665,0.0,0.0,0.0,20.0,20.0,0.0,0.0,0.0,0.0
5.916666666666667,0.0,0.0,0.0,0.0,0.0,0.0,0.0,0.0,0.0,0.0,0.011666666666666665,0.011666666666666665,0.0,0.0,0.0,20.0,20.0,0.0,0.0,0.0,0.0
5.933333333333334,0.0,0.0,0.0,0.0,0.0,0.0,0.0,0.0,0.0,0.0,0.011666666666666665,0.011666666666666665,0.0,0.0,0.0,20.0,20.0,0.0,0.0,0.0,0.0
5.95,0.0,0.0,0.0,0.0,0.0,0.0,0.0,0.0,0.0,0.0,0.011666666666666665,0.011666666666666665,0.0,0.0,0.0,20.0,20.0,0.0,0.0,0.0,0.0
5.966666666666667,0.0,0.0,0.0,0.0,0.0,0.0,0.0,0.0,0.0,0.0,0.011666666666666665,0.011666666666666665,0.0,0.0,0.0,20.0,20.0,0.0,0.0,0.0,0.0
5.983333333333333,0.0,0.0,0.0,0.0,0.0,0.0,0.0,0.0,0.0,0.0,0.011666666666666665,0.011666666666666665,0.0,0.0,0.0,20.0,20.0,0.0,0.0,0.0,0.0
6.0,0.0,0.0,0.0,0.0,0.0,0.0,0.0,0.0,0.0,0.0,0.011666666666666665,0.011666666666666665,0.0,0.0,0.0,20.0,20.0,0.0,0.0,0.0,0.0
6.016666666666667,0.009720468493463344,0.00016200780822438906,0.0,0.0,0.0,0.0,0.0,5.433554110608363e-06,0.0,0.0,0.011666666666666665,0.011661233112556057,0.0,0.0,3.6001735160975346e-05,19.99996399826484,19.99996399826484,0.0,0.00016200780822438906,0.0,5.433554110608363e-06
6.033333333333333,0.03158138422908832,0.0005263564038181387,0.0,0.0,0.0,0.0,0.0,1.7653383703888255e-05,0.0,0.0,0.011666666666666665,0.011649013282962778,0.0,0.0,0.00011696808973736416,19.9998470301751,19.9998470301751,0.0,0.0005263564038181387,0.0,1.7653383703888255e-05
6.05,0.06291795352027536,0.001048632558671256,0.0,0.0,0.0,0.0,0.0,3.516992058675483e-05,0.0,0.0,0.011666666666666665,0.011631496746079911,0.0,0.0,0.00023302945748250134,19.999614000717617,19.999614000717617,0.0,0.001048632558671256,0.0,3.516992058675483e-05
6.066666666666666,0.10260157825857305,0.0017100263043095508,0.0,0.0,0.0,0.0,0.0,5.735230021852008e-05,0.0,0.0,0.011666666666666665,0.011609314366448145,0.0,0.0,0.0003800058454021224,19.999233994872217,19.999233994872217,0.0,0.0017100263043095508,0.0,5.735230021852008e-05
6.083333333333333,0.14992704405698803,0.002498784067616467,0.0,0.0,0.0,0.0,0.0,8.38063213799851e-05,0.0,0.0,0.011666666666666665,0.01158286034528668,0.0,0.0,0.0005552853483592149,19.99867870952386,19.99867870952386,0.0,0.002498784067616467,0.0,8.38063213799851e-05
6.1,0.204391262457389,0.0034065210409564835,0.0,0.0,0.0,0.0,0.0,0.0001142507673415738,0.0,0.0,0.011666666666666665,0.011552415899325092,0.0,0.0,0.0007570046757681074,19.99792170484809,19.99792170484809,0.0,0.0034065210409564835,0.0,0.0001142507673415738
6.116666666666666,0.265608159090473,0.004426802651507883,0.0,0.0,0.0,0.0,0.0,0.00014846982998892037,0.0,0.0,0.011666666666666665,0.011518196836677746,0.0,0.0,0.0009837339225573073,19.996937970925533,19.996937970925533,0.0,0.004426802651507883,0.0,0.00014846982998892037
6.133333333333333,0.33326720454039815,0.005554453409006636,0.0,0.0,0.0,0.0,0.0,0.00018628992937728793,0.0,0.0,0.011666666666666665,0.011480376737289378,0.0,0.0,0.0012343229797792525,19.995703647945753,19.995703647945753,0.0,0.005554453409006636,0.0,0.00018628992937728793
6.15,0.4071102502498417,0.0067851708374973615,0.0,0.0,0.0,0.0,0.0,0.0002275667654499732,0.0,0.0,0.011666666666666665,0.011439099901216693,0.0,0.0,0.0015078157416660804,19.99419583220409,19.99419583220409,0.0,0.0067851708374973615,0.0,0.0002275667654499732
6.166666666666667,0.4869173556067117,0.00811528926011186,0.0,0.0,0.0,0.0,0.0,0.00027217739565356673,0.0,0.0,0.011666666666666665,0.011394489271013098,0.0,0.0,0.0018033976133581913,19.99239243459073,19.99239243459073,0.0,0.00811528926011186,0.0,0.00027217739565356673
6.183333333333334,0.5724975281873743,0.009541625469789572,0.0,0.0,0.0,0.0,0.0,0.00032001505891279456,0.0,0.0,0.011666666666666665,0.01134665160775387,0.0,0.0,0.002120361215508794,19.99027207337522,19.99027207337522,0.0,0.009541625469789572,0.0,0.00032001505891279456
6.2,0.6636823654373928,0.01106137275728988,0.0,0.0,0.0,0.0,0.0,0.00037098562145287885,0.0,0.0,0.011666666666666665,0.011295681045213786,0.0,0.0,0.0024580828349533065,19.987813990540268,19.987813990540268,0.0,0.01106137275728988,0.0,0.00037098562145287885
6.216666666666667,0.7603215145617914,0.012672025242696524,0.0,0.0,0.0,0.0,0.0,0.00042500503896590077,0.0,0.0,0.011666666666666665,0.011241661627700765,0.0,0.0,0.0028160056094881166,19.98499798493078,19.98499798493078,0.0,0.012672025242696524,0.0,0.00042500503896590077
6.233333333333333,0.8622793266477802,0.014371322110796336,0.0,0.0,0.0,0.0,0.0,0.0004819974863300374,0.0,0.0,0.011666666666666665,0.011184669180336629,0.0,0.0,0.003193627135732519,19.981804357795045,19.981804357795045,0.0,0.014371322110796336,0.0,0.0004819974863300374
6.25,0.9694323257398073,0.016157205428996787,0.0,0.0,0.0,0.0,0.0,0.0005418939428714089,0.0,0.0,0.011666666666666665,0.011124772723795256,0.0,0.0,0.0035904900953326194,19.97821386769971,19.97821386769971,0.0,0.016157205428996787,0.0,0.0005418939428714089
6.266666666666667,1.0816672519698707,0.01802778753283118,0.0,0.0,0.0,0.0,0.0,0.000604631098511724,0.0,0.0,0.011666666666666665,0.011062035568154941,0.0,0.0,0.0040061750072958174,19.974207692692417,19.974207692692417,0.0,0.01802778753283118,0.0,0.000604631098511724
6.283333333333333,1.1988795200295492,0.01998132533382582,0.0,0.0,0.0,0.0,0.0,0.000670150492083924,0.0,0.0,0.011666666666666665,0.010996516174582742,0.0,0.0,0.00444029451862796,19.96976739817379,19.96976739817379,0.0,0.01998132533382582,0.0,0.000670150492083924
6.3,1.3209719851185175,0.02201619975197529,0.0,0.0,0.0,0.0,0.0,0.0007383978215212429,0.0,0.0,0.011666666666666665,0.010928268845145422,0.0,0.0,0.004892488833772287,19.96487490934002,19.96487490934002,0.0,0.02201619975197529,0.0,0.0007383978215212429
6.316666666666666,1.4478539410804026,0.024130899018006708,0.0,0.0,0.0,0.0,0.0,0.0008093223838345037,0.0,0.0,0.011666666666666665,0.010857344282832162,0.0,0.0,0.0053624220040014905,19.959512487336017,19.959512487336017,0.0,0.024130899018006708,0.0,0.0008093223838345037
6.333333333333333,1.5794402969428916,0.026324004949048192,0.0,0.0,0.0,0.0,0.0,0.0008828766148139468,0.0,0.0,0.011666666666666665,0.010783790051852718,0.0,0.0,0.005849778877566265,19.953662708458452,19.953662708458452,0.0,0.026324004949048192,0.0,0.0008828766148139468
6.35,1.7156508926530492,0.028594181544217487,0.0,0.0,0.0,0.0,0.0,0.0009590157065384904,0.0,0.0,0.011666666666666665,0.010707650960128176,0.0,0.0,0.006354262565381664,19.94730844589307,19.94730844589307,0.0,0.028594181544217487,0.0,0.0009590157065384904
6.366666666666666,1.8564099249050696,0.030940165415084493,0.0,0.0,0.0,0.0,0.0,0.0010376972864245355,0.0,0.0,0.011666666666666665,0.01062896938024213,0.0,0.0,0.006875592314463221,19.940432853578606,19.940432853578606,0.0,0.030940165415084493,0.0,0.0010376972864245355
6.383333333333333,2.001645461110188,0.0333607576851698,0.0,0.0,0.0,0.0,0.0,0.001118881145544536,0.0,0.0,0.011666666666666665,0.010547785521122129,0.0,0.0,0.007413501707815511,19.93301935187079,19.93301935187079,0.0,0.0333607576851698,0.0,0.001118881145544536
6.4,2.151289024713541,0.03585481707855902,0.0,0.0,0.0,0.0,0.0,0.0012025290068271336,0.0,0.0,0.011666666666666665,0.010464137659839532,0.0,0.0,0.00796773712856867,19.925051614742223,19.925051614742223,0.0,0.03585481707855902,0.0,0.0012025290068271336
6.416666666666667,2.3052752388394637,0.03842125398065773,0.0,0.0,0.0,0.0,0.0,0.0012886043258617638,0.0,0.0,0.011666666666666665,0.010378062340804902,0.0,0.0,0.008538056440146163,19.91651355830208,19.91651355830208,0.0,0.03842125398065773,0.0,0.0012886043258617638
6.433333333333334,2.4635415180550275,0.041059025300917124,0.0,0.0,0.0,0.0,0.0,0.0013770721186004264,0.0,0.0,0.011666666666666665,0.010289594548066239,0.0,0.0,0.00912422784464825,19.90738933045743,19.90738933045743,0.0,0.041059025300917124,0.0,0.0013770721186004264
6.45,2.626027800157611,0.04376713000262685,0.0,0.0,0.0,0.0,0.0,0.0014678988114321214,0.0,0.0,0.011666666666666665,0.010198767855234544,0.0,0.0,0.009726028889472634,19.89766330156796,19.89766330156796,0.0,0.04376713000262685,0.0,0.0014678988114321214
6.466666666666667,2.792676311506993,0.04654460519178321,0.0,0.0,0.0,0.0,0.0,0.001561052110008019,0.0,0.0,0.011666666666666665,0.010105614556658647,0.0,0.0,0.010343245598174046,19.887320055969784,19.887320055969784,0.0,0.0465446051917832,6.938893903907228e-18,0.001561052110008019
6.483333333333333,2.9634313606678884,0.049390522677798136,0.0,0.0,0.0,0.0,0.0,0.001656500883891627,0.0,0.0,0.011666666666666665,0.010010165782775039,0.0,0.0,0.010975671706177364,19.876344384263607,19.876344384263607,0.0,0.049390522677798136,0.0,0.001656500883891627
6.5,3.1382391560997815,0.052303985934996355,0.0,0.0,0.0,0.0,0.0,0.001754215064650926,0.0,0.0,0.011666666666666665,0.009912451602015739,0.0,0.0,0.011623107985554746,19.864721276278054,19.864721276278054,0.0,0.052303985934996355,0.0,0.001754215064650926
6.516666666666667,3.317047644395062,0.055284127406584366,0.0,0.0,0.0,0.0,0.0,0.0018541655554366152,0.0,0.0,0.011666666666666665,0.00981250111123005,0.0,0.0,0.012285361645907636,19.852435914632146,19.852435914632146,0.0,0.055284127406584366,0.0,0.0018541655554366152
6.533333333333333,3.49980636617306,0.05833010610288433,0.0,0.0,0.0,0.0,0.0,0.00195632415042966,0.0,0.0,0.011666666666666665,0.009710342516237005,0.0,0.0,0.012962245800640962,19.839473668831506,19.839473668831506,0.0,0.05833010610288433,0.0,0.00195632415042966
6.55,3.686466327223231,0.061441105453720515,0.0,0.0,0.0,0.0,0.0,0.0020606634628128214,0.0,0.0,0.011666666666666665,0.009606003203853844,0.0,0.0,0.01365357898971567,19.82582008984179,19.82582008984179,0.0,0.061441105453720515,0.0,0.0020606634628128214
6.566666666666666,3.876979882882412,0.06461633138137353,0.0,0.0,0.0,0.0,0.0,0.0021671568601397784,0.0,0.0,0.011666666666666665,0.009499509806526887,0.0,0.0,0.01435918475141634,19.811460905090374,19.811460905090374,0.0,0.06461633138137353,0.0,0.0021671568601397784
6.583333333333333,4.071300633949272,0.06785501056582119,0.0,0.0,0.0,0.0,0.0,0.0022757784061533124,0.0,0.0,0.011666666666666665,0.009390888260513354,0.0,0.0,0.015078891236849154,19.796382013853524,19.796382013853524,0.0,0.06785501056582119,0.0,0.0022757784061533124
6.6,4.269383332699298,0.07115638887832162,0.0,0.0,0.0,0.0,0.0,0.0023865028082495046,0.0,0.0,0.011666666666666665,0.009280163858417161,0.0,0.0,0.01581253086184925,19.780569482991673,19.780569482991673,0.0,0.07115638887832162,0.0,0.0023865028082495046
6.616666666666666,4.471183797777803,0.07451972996296338,0.0,0.0,0.0,0.0,0.0,0.0024993053699045673,0.0,0.0,0.011666666666666665,0.009167361296762098,0.0,0.0,0.01655993999176964,19.764009542999904,19.764009542999904,0.0,0.07451972996296338,0.0,0.0024993053699045673
6.633333333333333,4.676658836925646,0.07794431394876077,0.0,0.0,0.0,0.0,0.0,0.002614161947480016,0.0,0.0,0.011666666666666665,0.009052504719186649,0.0,0.0,0.01732095865528017,19.746688584344625,19.746688584344625,0.0,0.07794431394876077,0.0,0.002614161947480016
6.6499999999999995,4.885766176639959,0.08142943627733265,0.0,0.0,0.0,0.0,0.0,0.002731048910904375,0.0,0.0,0.011666666666666665,0.00893561775576229,0.0,0.0,0.0180954302838517,19.728593154060775,19.728593154060775,0.0,0.08142943627733265,0.0,0.002731048910904375
6.666666666666667,5.098464397995524,0.08497440663325874,0.0,0.0,0.0,0.0,0.0,0.0028499431077985667,0.0,0.0,0.011666666666666665,0.0088167235588681,0.0,0.0,0.018883201474057497,19.709709952586717,19.709709952586717,0.0,0.08497440663325874,0.0,0.0028499431077985667
6.683333333333334,5.314712877956229,0.08857854796593714,0.0,0.0,0.0,0.0,0.0,0.0029708218306701483,0.0,0.0,0.011666666666666665,0.008695844835996516,0.0,0.0,0.019684121770208254,19.69002583081651,19.69002583081651,0.0,0.08857854796593714,0.0,0.0029708218306701483
6.7,5.534471735593854,0.0922411955932309,0.0,0.0,0.0,0.0,0.0,0.003093662786850654,0.0,0.0,0.011666666666666665,0.008573003879816011,0.0,0.0,0.020498043465162423,19.669527787351345,19.669527787351345,0.0,0.0922411955932309,0.0,0.003093662786850654
6.716666666666667,5.7577017827055,0.095961696378425,0.0,0.0,0.0,0.0,0.0,0.0032184440708916896,0.0,0.0,0.011666666666666665,0.008448222595774976,0.0,0.0,0.021324821417427777,19.64820296593392,19.64820296593392,0.0,0.095961696378425,0.0,0.0032184440708916896
6.733333333333333,5.984364478384645,0.09973940797307741,0.0,0.0,0.0,0.0,0.0,0.0033451441391710306,0.0,0.0,0.011666666666666665,0.008321522527495635,0.0,0.0,0.02216431288290609,19.626038653051012,19.626038653051012,0.0,0.09973940797307741,0.0,0.0033451441391710306
6.75,6.214421887154857,0.10357369811924762,0.0,0.0,0.0,0.0,0.0,0.003473741786490179,0.0,0.0,0.011666666666666665,0.008192924880176486,0.0,0.0,0.023016377359832804,19.603022275691178,19.603022275691178,0.0,0.10357369811924762,0.0,0.003473741786490179
6.766666666666667,6.447836640321762,0.1074639440053627,0.0,0.0,0.0,0.0,0.0,0.003604216124470857,0.0,0.0,0.011666666666666665,0.008062450542195808,0.0,0.0,0.023880876445636155,19.579141399245543,19.579141399245543,0.0,0.1074639440053627,0.0,0.003604216124470857
6.783333333333333,6.684571900238962,0.11140953167064936,0.0,0.0,0.0,0.0,0.0,0.0037365465615803485,0.0,0.0,0.011666666666666665,0.007930120105086317,0.0,0.0,0.024757673704588746,19.554383725540955,19.554383725540955,0.0,0.11140953167064936,0.0,0.0037365465615803485
6.8,6.9245913272183035,0.1154098554536384,0.0,0.0,0.0,0.0,0.0,0.003870712784634975,0.0,0.0,0.011666666666666665,0.00779595388203169,0.0,0.0,0.025646634545252976,19.5287370909957,19.5287370909957,0.0,0.1154098554536384,0.0,0.003870712784634975
6.816666666666666,7.167859048844942,0.11946431748074904,0.0,0.0,0.0,0.0,0.0,0.004006694741647811,0.0,0.0,0.011666666666666665,0.007659971925018855,0.0,0.0,0.02654762610683312,19.50218946488887,19.50218946488887,0.0,0.11946431748074904,0.0,0.004006694741647811
6.833333333333333,7.414339631483833,0.12357232719139721,0.0,0.0,0.0,0.0,0.0,0.004144472625901362,0.0,0.0,0.011666666666666665,0.007522194040765304,0.0,0.0,0.027460517153643824,19.474728947735226,19.474728947735226,0.0,0.12357232719139721,0.0,0.004144472625901362
6.85,7.663998053787156,0.1277333008964526,0.0,0.0,0.0,0.0,0.0,0.0042840268611387304,0.0,0.0,0.011666666666666665,0.007382639805527935,0.0,0.0,0.028385177976989466,19.446343769758236,19.446343769758236,0.0,0.1277333008964526,0.0,0.0042840268611387304
6.866666666666666,7.916799682032124,0.13194666136720207,0.0,0.0,0.0,0.0,0.0,0.004425338087777925,0.0,0.0,0.011666666666666665,0.007241328578888741,0.0,0.0,0.029321480303822683,19.417022289454415,19.417022289454415,0.0,0.13194666136720207,0.0,0.004425338087777925
6.883333333333333,8.172710247136257,0.13621183745227095,0.0,0.0,0.0,0.0,0.0,0.004568387150063835,0.0,0.0,0.011666666666666665,0.007098279516602831,0.0,0.0,0.030269297211615767,19.3867529922428,19.3867529922428,0.0,0.13621183745227095,0.0,0.004568387150063835
6.8999999999999995,8.43169582321257,0.1405282637202095,0.0,0.0,0.0,0.0,0.0,0.004713155084081009,0.0,0.0,0.011666666666666665,0.006953511582585657,0.0,0.0,0.031228503048935444,19.355524489193865,19.355524489193865,0.0,0.1405282637202095,0.0,0.004713155084081009
6.916666666666667,8.693722807540833,0.14489538012568057,0.0,0.0,0.0,0.0,0.0,0.004859623106557967,0.0,0.0,0.011666666666666665,0.006807043560108699,0.0,0.0,0.032198973361262345,19.323325515832604,19.323325515832604,0.0,0.14489538012568054,2.7755575615628914e-17,0.004859623106557967
6.933333333333334,8.958757901843,0.14931263169738335,0.0,0.0,0.0,0.0,0.0,0.005007772604400527,0.0,0.0,0.011666666666666665,0.006658894062266139,0.0,0.0,0.03318058482164074,19.290144931010964,19.290144931010964,0.0,0.14931263169738335,0.0,0.005007772604400527
6.95,9.226768094761843,0.1537794682460307,0.0,0.0,0.0,0.0,0.0,0.005157585124897701,0.0,0.0,0.011666666666666665,0.006509081541768965,0.0,0.0,0.0341732151657846,19.25597171584518,19.25597171584518,0.0,0.1537794682460307,0.0,0.005157585124897701
6.966666666666667,9.497720645450904,0.15829534409084842,0.0,0.0,0.0,0.0,0.0,0.005309042366548801,0.0,0.0,0.011666666666666665,0.006357624300117865,0.0,0.0,0.03517674313129965,19.220794972713882,19.220794972713882,0.0,0.15829534409084842,0.0,0.005309042366548801
6.983333333333333,9.771583068192784,0.16285971780321307,0.0,0.0,0.0,0.0,0.0,0.005462126170465346,0.0,0.0,0.011666666666666665,0.006204540496201319,0.0,0.0,0.036191048400714014,19.18460392431317,19.18460392431317,0.0,0.16285971780321307,0.0,0.005462126170465346
7.0,10.048323117970048,0.16747205196616746,10.048323117970048,0.5990869582611088,0.16747205196616746,0.003010210687253454,0.003010210687253454,0.0,0.0,0.0,0.011666666666666665,0.00865645597941321,0.0,0.0,0.0,19.18460392431317,19.18460392431317,0.0,0.0,0.0,0.003010210687253454
7.016666666666667,10.327908776919816,0.17213181294866362,10.327908776919816,0.5995891605567959,0.17213181294866362,0.0030965607330035593,0.0030965607330035593,0.0,0.0,0.0,0.011666666666666665,0.008570105933663107,0.0,0.0,0.0,19.18460392431317,19.18460392431317,0.0,0.0,0.0,0.0030965607330035593
7.033333333333333,10.61030824160927,0.17683847069348782,10.61030824160927,0.6000948300733989,0.17683847069348782,0.003183913952032653,0.003183913952032653,0.0,0.0,0.0,0.011666666666666665,0.008482752714634013,0.0,0.0,0.0,19.18460392431317,19.18460392431317,0.0,0.0,0.0,0.003183913952032653
7.05,10.895489911074598,0.18159149851790998,10.895489911074598,0.6006038628181259,0.18159149851790998,0.003272263890332695,0.003272263890332695,0.0,0.0,0.0,0.011666666666666665,0.008394402776333972,0.0,0.0,0.0,19.18460392431317,19.18460392431317,0.0,0.0,0.0,0.003272263890332695
7.066666666666666,11.183422375570794,0.1863903729261799,11.183422375570794,0.6011161553908375,0.1863903729261799,0.003361604091666658,0.003361604091666658,0.0,0.0,0.0,0.011666666666666665,0.008305062575000008,0.0,0.0,0.0,19.18460392431317,19.18460392431317,0.0,0.0,0.0,0.003361604091666658
7.083333333333333,11.474074405984254,0.1912345734330709,11.474074405984254,0.6016316049772279,0.1912345734330709,0.0034519280930595257,0.0034519280930595257,0.0,0.0,0.0,0.011666666666666665,0.00821473857360714,0.0,0.0,0.0,19.18460392431317,19.18460392431317,0.0,0.0,0.0,0.0034519280930595257
7.1,11.767414943863857,0.19612358239773095,11.767414943863857,0.6021501093431171,0.19612358239773095,0.003543229420508777,0.003543229420508777,0.0,0.0,0.0,0.011666666666666665,0.008123437246157888,0.0,0.0,0.0,19.18460392431317,19.18460392431317,0.0,0.0,0.0,0.003543229420508777
7.116666666666666,12.063413092029993,0.20105688486716655,12.063413092029993,0.6026715668297704,0.20105688486716655,0.003635501584902731,0.003635501584902731,0.0,0.0,0.0,0.011666666666666665,0.008031165081763934,0.0,0.0,0.0,19.18460392431317,19.18460392431317,0.0,0.0,0.0,0.003635501584902731
7.133333333333333,12.362038105724176,0.20603396842873625,12.362038105724176,0.6031958763501746,0.20603396842873625,0.0037287380781360867,0.0037287380781360867,0.0,0.0,0.0,0.011666666666666665,0.007937928588530579,0.0,0.0,0.0,19.18460392431317,19.18460392431317,0.0,0.0,0.0,0.0037287380781360867
7.1499999999999995,12.6632593842647,0.21105432307107833,12.6632593842647,0.6037229373861978,0.21105432307107833,0.0038229323694127506,0.0038229323694127506,0.0,0.0,0.0,0.011666666666666665,0.007843734297253914,0.0,0.0,0.0,19.18460392431317,19.18460392431317,0.0,0.0,0.0,0.0038229323694127506
7.166666666666667,12.967046463176752,0.21611744105294586,12.967046463176752,0.6042526499865717,0.21611744105294586,0.00391807790172695,0.00391807790172695,0.0,0.0,0.0,0.011666666666666665,0.0077485887649397156,0.0,0.0,0.0,19.18460392431317,19.18460392431317,0.0,0.0,0.0,0.00391807790172695
7.183333333333334,13.273369006767407,0.22122281677945677,13.273369006767407,0.6047849147656368,0.22122281677945677,0.004014168088514187,0.004014168088514187,0.0,0.0,0.0,0.011666666666666665,0.007652498578152479,0.0,0.0,0.0,19.18460392431317,19.18460392431317,0.0,0.0,0.0,0.004014168088514187
7.2,13.58219680111874,0.22636994668531235,13.58219680111874,0.6053196329027943,0.22636994668531235,0.004111196310464398,0.004111196310464398,0.0,0.0,0.0,0.011666666666666665,0.007555470356202267,0.0,0.0,0.0,19.18460392431317,19.18460392431317,0.0,0.0,0.0,0.004111196310464398
7.216666666666667,13.89349974747345,0.2315583291245575,13.89349974747345,0.6058567061426166,0.2315583291245575,0.0042091559124900185,0.0042091559124900185,0.0,0.0,0.0,0.011666666666666665,0.007457510754176647,0.0,0.0,0.0,19.18460392431317,19.18460392431317,0.0,0.0,0.0,0.0042091559124900185
7.233333333333333,14.207247855990179,0.236787464266503,14.207247855990179,0.606396036795565,0.236787464266503,0.004308040200842451,0.004308040200842451,0.0,0.0,0.0,0.011666666666666665,0.007358626465824214,0.0,0.0,0.0,19.18460392431317,19.18460392431317,0.0,0.0,0.0,0.004308040200842451
7.25,14.52341123984666,0.2420568539974443,14.52341123984666,0.6069375277392763,0.2420568539974443,0.004407842440370712,0.004407842440370712,0.0,0.0,0.0,0.011666666666666665,0.007258824226295954,0.0,0.0,0.0,19.18460392431317,19.18460392431317,0.0,0.0,0.0,0.004407842440370712
7.266666666666667,14.841960109670731,0.24736600182784552,14.841960109670731,0.6074810824203709,0.24736600182784552,0.004508555851916563,0.004508555851916563,0.0,0.0,0.0,0.011666666666666665,0.007158110814750102,0.0,0.0,0.0,19.18460392431317,19.18460392431317,0.0,0.0,0.0,0.004508555851916563
7.283333333333333,15.162864768280555,0.2527144128046759,15.162864768280555,0.6080266048567495,0.2527144128046759,0.004610173609840809,0.004610173609840809,0.0,0.0,0.0,0.011666666666666665,0.007056493056825856,0.0,0.0,0.0,19.18460392431317,19.18460392431317,0.0,0.0,0.0,0.004610173609840809
7.3,15.486095605716718,0.25810159342861194,15.486095605716718,0.6085739996403395,0.25810159342861194,0.004712688839675822,0.004712688839675822,0.0,0.0,0.0,0.011666666666666665,0.006953977826990843,0.0,0.0,0.0,19.18460392431317,19.18460392431317,0.0,0.0,0.0,0.004712688839675822
7.316666666666666,15.81162309454996,0.26352705157583267,15.81162309454996,0.6091231719402589,0.26352705157583267,0.004816094615899652,0.004816094615899652,0.0,0.0,0.0,0.011666666666666665,0.006850572050767013,0.0,0.0,0.0,19.18460392431317,19.18460392431317,0.0,0.0,0.0,0.004816094615899652
7.333333333333333,16.139417785449613,0.2689902964241602,16.139417785449613,0.6096740275063665,0.2689902964241602,0.004920383959827457,0.004920383959827457,0.0,0.0,0.0,0.011666666666666665,0.006746282706839209,0.0,0.0,0.0,19.18460392431317,19.18460392431317,0.0,0.0,0.0,0.004920383959827457
7.35,16.4694503029985,0.27449083838330834,16.4694503029985,0.6102264726731677,0.27449083838330834,0.0050255498376161655,0.0050255498376161655,0.0,0.0,0.0,0.011666666666666665,0.0066411168290505,0.0,0.0,0.0,19.18460392431317,19.18460392431317,0.0,0.0,0.0,0.0050255498376161655
7.366666666666666,16.801691341741325,0.2800281890290221,16.801691341741325,0.6107804143640513,0.2800281890290221,0.005131585158378667,0.005131585158378667,0.0,0.0,0.0,0.011666666666666665,0.006535081508287998,0.0,0.0,0.0,19.18460392431317,19.18460392431317,0.0,0.0,0.0,0.005131585158378667
7.383333333333333,17.136111662454145,0.2856018610409024,17.136111662454145,0.6113357600958274,0.2856018610409024,0.005238482772403928,0.005238482772403928,0.0,0.0,0.0,0.011666666666666665,0.006428183894262737,0.0,0.0,0.0,19.18460392431317,19.18460392431317,0.0,0.0,0.0,0.005238482772403928
7.3999999999999995,17.47268208862351,0.29121136814372517,17.47268208862351,0.611892417983546,0.29121136814372517,0.005346235469479765,0.005346235469479765,0.0,0.0,0.0,0.011666666666666665,0.0063204311971869,0.0,0.0,0.0,19.18460392431317,19.18460392431317,0.0,0.0,0.0,0.005346235469479765
7.416666666666667,17.811373503124486,0.29685622505207476,17.811373503124486,0.6124502967455709,0.29685622505207476,0.005454835977315127,0.005454835977315127,0.0,0.0,0.0,0.011666666666666665,0.006211830689351538,0.0,0.0,0.0,19.18460392431317,19.18460392431317,0.0,0.0,0.0,0.005454835977315127
7.433333333333334,18.152156845087347,0.30253594741812245,18.152156845087347,0.6130093057088882,0.30253594741812245,0.0055642769600589255,0.0055642769600589255,0.0,0.0,0.0,0.011666666666666665,0.00610238970660774,0.0,0.0,0.0,19.18460392431317,19.18460392431317,0.0,0.0,0.0,0.0055642769600589255
7.45,18.495003106943805,0.30825005178239673,18.495003106943805,0.613569354814629,0.30825005178239673,0.005674551016912726,0.005674551016912726,0.0,0.0,0.0,0.011666666666666665,0.005992115649753939,0.0,0.0,0.0,19.18460392431317,19.18460392431317,0.0,0.0,0.0,0.005674551016912726
7.466666666666667,18.83988333164348,0.31399805552739135,18.83988333164348,0.6141303546237876,0.31399805552739135,0.005785650680834582,0.005785650680834582,0.0,0.0,0.0,0.011666666666666665,0.005881015985832083,0.0,0.0,0.0,19.18460392431317,19.18460392431317,0.0,0.0,0.0,0.005785650680834582
7.483333333333333,19.18676861003254,0.3197794768338757,19.18676861003254,0.6146922163231159,0.3197794768338757,0.005897568417331579,0.005897568417331579,0.0,0.0,0.0,0.011666666666666665,0.005769098249335087,0.0,0.0,0.0,19.18460392431317,19.18460392431317,0.0,0.0,0.0,0.005897568417331579
7.5,19.535630078386575,0.32559383463977626,19.535630078386575,0.6152548517311776,0.32559383463977626,0.006010296623338767,0.006010296623338767,0.0,0.0,0.0,0.011666666666666665,0.0056563700433278985,0.0,0.0,0.0,19.18460392431317,19.18460392431317,0.0,0.0,0.0,0.006010296623338767
7.516666666666667,19.886438916090306,0.3314406486015051,19.886438916090306,0.6158181733045468,0.3314406486015051,0.006123827626182211,0.006123827626182211,0.0,0.0,0.0,0.011666666666666665,0.005542839040484454,0.0,0.0,0.0,19.18460392431317,19.18460392431317,0.0,0.0,0.0,0.006123827626182211
7.533333333333333,20.239166343457242,0.3373194390576207,20.239166343457242,0.6163820941441331,0.3373194390576207,0.006238153682624079,0.006238153682624079,0.0,0.0,0.0,0.011666666666666665,0.005428512984042586,0.0,0.0,0.0,19.18460392431317,19.18460392431317,0.0,0.0,0.0,0.006238153682624079
7.55,20.59378361968266,0.343229726994711,20.59378361968266,0.6169465280016223,0.343229726994711,0.006353266977987749,0.006353266977987749,0.0,0.0,0.0,0.011666666666666665,0.005313399688678917,0.0,0.0,0.0,19.18460392431317,19.18460392431317,0.0,0.0,0.0,0.006353266977987749
7.566666666666666,20.950262040923747,0.3491710340153958,20.950262040923747,0.6175113892860138,0.3491710340153958,0.006469159625360967,0.006469159625360967,0.0,0.0,0.0,0.011666666666666665,0.005197507041305698,0.0,0.0,0.0,19.18460392431317,19.18460392431317,0.0,0.0,0.0,0.006469159625360967
7.583333333333333,21.30857293850116,0.35514288230835267,21.30857293850116,0.6180765930702481,0.35514288230835267,0.0065858236648753295,0.0065858236648753295,0.0,0.0,0.0,0.011666666666666665,0.005080843001791336,0.0,0.0,0.0,19.18460392431317,19.18460392431317,0.0,0.0,0.0,0.0065858236648753295
7.6,21.668687677216347,0.36114479462027244,21.668687677216347,0.6186420550979053,0.36114479462027244,0.006703251063060195,0.006703251063060195,0.0,0.0,0.0,0.011666666666666665,0.004963415603606471,0.0,0.0,0.0,19.18460392431317,19.18460392431317,0.0,0.0,0.0,0.006703251063060195
7.616666666666666,22.030577653779567,0.3671762942296594,22.030577653779567,0.619207691789967,0.3671762942296594,0.006821433712269464,0.006821433712269464,0.0,0.0,0.0,0.011666666666666665,0.0048452329543972016,0.0,0.0,0.0,19.18460392431317,19.18460392431317,0.0,0.0,0.0,0.006821433712269464
7.633333333333333,22.394214295343705,0.3732369049223951,22.394214295343705,0.6197734202516297,0.3732369049223951,0.006940363430179571,0.006940363430179571,0.0,0.0,0.0,0.011666666666666665,0.004726303236487094,0.0,0.0,0.0,19.18460392431317,19.18460392431317,0.0,0.0,0.0,0.006940363430179571
7.6499999999999995,22.75956905813903,0.3793261509689838,22.75956905813903,0.6203391582791561,0.3793261509689838,0.007060031959357081,0.007060031959357081,0.0,0.0,0.0,0.011666666666666665,0.004606634707309584,0.0,0.0,0.0,19.18460392431317,19.18460392431317,0.0,0.0,0.0,0.007060031959357081
7.666666666666667,23.12661342620483,0.3854435571034138,23.12661342620483,0.6209048243667585,0.3854435571034138,0.007180430966894504,0.007180430966894504,0.0,0.0,0.0,0.011666666666666665,0.004486235699772161,0.0,0.0,0.0,19.18460392431317,19.18460392431317,0.0,0.0,0.0,0.007180430966894504
7.683333333333334,23.495318910213314,0.39158864850355524,23.495318910213314,0.6214703377135005,0.39158864850355524,0.007301552044112742,0.007301552044112742,0.0,0.0,0.0,0.011666666666666665,0.004365114622553923,0.0,0.0,0.0,19.18460392431317,19.18460392431317,0.0,0.0,0.0,0.007301552044112742
7.7,23.865657046382445,0.39776095077304074,23.865657046382445,0.6220356182302095,0.39776095077304074,0.007423386706328963,0.007423386706328963,0.0,0.0,0.0,0.011666666666666665,0.0042432799603377026,0.0,0.0,0.0,19.18460392431317,19.18460392431317,0.0,0.0,0.0,0.007423386706328963
7.716666666666667,24.237599395473254,0.40395998992455423,24.237599395473254,0.622600586546392,0.40395998992455423,0.007545926392688332,0.007545926392688332,0.0,0.0,0.0,0.011666666666666665,0.004120740273978333,0.0,0.0,0.0,19.18460392431317,19.18460392431317,0.0,0.0,0.0,0.007545926392688332
7.733333333333333,24.611117541868616,0.41018529236447693,24.611117541868616,0.6231651640171405,0.41018529236447693,0.007669162466058446,0.007669162466058446,0.0,0.0,0.0,0.011666666666666665,0.003997504200608219,0.0,0.0,0.0,19.18460392431317,19.18460392431317,0.0,0.0,0.0,0.007669162466058446
7.75,24.98618309272992,0.416436384878832,24.98618309272992,0.6237292727300257,0.416436384878832,0.007793086212985147,0.007793086212985147,0.0,0.0,0.0,0.011666666666666665,0.0038735804536815183,0.0,0.0,0.0,19.18460392431317,19.18460392431317,0.0,0.0,0.0,0.007793086212985147
7.766666666666667,25.36276767722836,0.4227127946204726,25.36276767722836,0.6242928355119661,0.4227127946204726,0.007917688843708439,0.007917688843708439,0.0,0.0,0.0,0.011666666666666665,0.0037489778229582264,0.0,0.0,0.0,19.18460392431317,19.18460392431317,0.0,0.0,0.0,0.007917688843708439
7.783333333333333,25.740842945847962,0.42901404909746604,25.740842945847962,0.6248557759360679,0.42901404909746604,0.008042961492237368,0.008042961492237368,0.0,0.0,0.0,0.011666666666666665,0.003623705174429297,0.0,0.0,0.0,19.18460392431317,19.18460392431317,0.0,0.0,0.0,0.008042961492237368
7.8,26.120380569757323,0.43533967616262204,26.120380569757323,0.6254180183284251,0.43533967616262204,0.008168895216482612,0.008168895216482612,0.0,0.0,0.0,0.011666666666666665,0.0034977714501840534,0.0,0.0,0.0,19.18460392431317,19.18460392431317,0.0,0.0,0.0,0.008168895216482612
7.816666666666666,26.501352240247368,0.44168920400412276,26.501352240247368,0.6259794877748781,0.44168920400412276,0.008295480998445678,0.008295480998445678,0.0,0.0,0.0,0.011666666666666665,0.0033711856682209877,0.0,0.0,0.0,19.18460392431317,19.18460392431317,0.0,0.0,0.0,0.008295480998445678
7.833333333333333,26.883729668232487,0.4480621611372081,26.883729668232487,0.626540110127719,0.4480621611372081,0.00842270974446355,0.00842270974446355,0.0,0.0,0.0,0.011666666666666665,0.003243956922203115,0.0,0.0,0.0,19.18460392431317,19.18460392431317,0.0,0.0,0.0,0.00842270974446355
7.85,27.26748458381256,0.454458076396876,27.26748458381256,0.6270998120123407,0.454458076396876,0.008550572285507678,0.008550572285507678,0.0,0.0,0.0,0.011666666666666665,0.003116094381158988,0.0,0.0,0.0,19.18460392431317,19.18460392431317,0.0,0.0,0.0,0.008550572285507678
7.866666666666666,27.652588735893463,0.4608764789315577,27.652588735893463,0.6276585208338223,0.4608764789315577,0.008679059377536208,0.008679059377536208,0.0,0.0,0.0,0.011666666666666665,0.002987607289130457,0.0,0.0,0.0,19.18460392431317,19.18460392431317,0.0,0.0,0.0,0.008679059377536208
7.883333333333333,28.039013891863867,0.4673168981977311,28.039013891863867,0.6282161647834464,0.4673168981977311,0.008808161701898437,0.008808161701898437,0.0,0.0,0.0,0.011666666666666665,0.0028585049647682284,0.0,0.0,0.0,19.18460392431317,19.18460392431317,0.0,0.0,0.0,0.008808161701898437
7.8999999999999995,28.42673183732601,0.4737788639554335,28.42673183732601,0.6287726728451396,0.4737788639554335,0.00893786986579033,0.00893786986579033,0.0,0.0,0.0,0.011666666666666665,0.002728796800876336,0.0,0.0,0.0,19.18460392431317,19.18460392431317,0.0,0.0,0.0,0.00893786986579033
7.916666666666667,28.815714375878603,0.4802619062646434,28.815714375878603,0.6293279748018351,0.4802619062646434,0.00906817440276018,0.00906817440276018,0.0,0.0,0.0,0.011666666666666665,0.002598492263906486,0.0,0.0,0.0,19.18460392431317,19.18460392431317,0.0,0.0,0.0,0.00906817440276018
7.933333333333334,29.20593332894958,0.486765555482493,29.20593332894958,0.6298820012417488,0.486765555482493,0.009199065773263251,0.009199065773263251,0.0,0.0,0.0,0.011666666666666665,0.002467600893403414,0.0,0.0,0.0,19.18460392431317,19.18460392431317,0.0,0.0,0.0,0.009199065773263251
7.95,29.597360535677232,0.4932893422612872,29.597360535677232,0.6304346835645659,0.4932893422612872,0.00933053436526455,0.00933053436526455,0.0,0.0,0.0,0.011666666666666665,0.0023361323014021163,0.0,0.0,0.0,19.18460392431317,19.18460392431317,0.0,0.0,0.0,0.00933053436526455
7.966666666666667,29.989967852837516,0.49983279754729193,29.989967852837516,0.6309859539875328,0.49983279754729193,0.009462570494888549,0.009462570494888549,0.0,0.0,0.0,0.011666666666666665,0.002204096171778117,0.0,0.0,0.0,19.18460392431317,19.18460392431317,0.0,0.0,0.0,0.009462570494888549
7.983333333333333,30.38372715481602,0.506395452580267,30.38372715481602,0.6315357455514491,0.506395452580267,0.009595164407114984,0.009595164407114984,0.0,0.0,0.0,0.011666666666666665,0.0020715022595516816,0.0,0.0,0.0,19.18460392431317,19.18460392431317,0.0,0.0,0.0,0.009595164407114984
8.0,30.7786103336229,0.512976838893715,30.7786103336229,0.6320839921265559,0.512976838893715,0.009728306276519667,0.009728306276519667,0.0,0.0,0.0,0.014583333333333334,0.004855027056813666,0.0,0.0,0.0,19.18460392431317,19.18460392431317,0.0,0.0,0.0,0.009728306276519667
8.016666666666666,31.17458929894931,0.5195764883158218,31.17458929894931,0.6326306284183171,0.5195764883158218,0.009861986208059429,0.009861986208059429,0.0,0.0,0.0,0.014583333333333334,0.004721347125273905,0.0,0.0,0.0,19.18460392431317,19.18460392431317,0.0,0.0,0.0,0.009861986208059429
8.033333333333333,31.57163597826365,0.5261939329710609,31.57163597826365,0.6331755899730874,0.5261939329710609,0.009996194237900111,0.009996194237900111,0.0,0.0,0.0,0.014583333333333334,0.004587139095433223,0.0,0.0,0.0,19.18460392431317,19.18460392431317,0.0,0.0,0.0,0.009996194237900111
8.05,31.969722316946132,0.5328287052824355,31.969722316946132,0.6337188131836659,0.5328287052824355,0.01013092033428666,0.01013092033428666,0.0,0.0,0.0,0.014583333333333334,0.004452412999046673,0.0,0.0,0.0,19.18460392431317,19.18460392431317,0.0,0.0,0.0,0.01013092033428666
8.066666666666666,32.36882027846061,0.5394803379743435,32.36882027846061,0.6342602352947284,0.5394803379743435,0.010266154398454448,0.010266154398454448,0.0,0.0,0.0,0.014583333333333334,0.004317178934878886,0.0,0.0,0.0,19.18460392431317,19.18460392431317,0.0,0.0,0.0,0.010266154398454448
8.083333333333334,32.768901844562215,0.546148364076037,32.768901844562215,0.6347997944081389,0.546148364076037,0.010401886265580848,0.010401886265580848,0.0,0.0,0.0,0.014583333333333334,0.0041814470677524855,0.0,0.0,0.0,19.18460392431317,19.18460392431317,0.0,0.0,0.0,0.010401886265580848
8.1,33.16993901553893,0.5528323169256488,33.16993901553893,0.6353374294881322,0.5528323169256488,0.010538105705775883,0.010538105705775883,0.0,0.0,0.0,0.014583333333333334,0.004045227627557451,0.0,0.0,0.0,19.18460392431317,19.18460392431317,0.0,0.0,0.0,0.010538105705775883
8.116666666666667,33.571903810487136,0.5595317301747856,33.571903810487136,0.6358730803663684,0.5595317301747856,0.010674802425111448,0.010674802425111448,0.0,0.0,0.0,0.014583333333333334,0.003908530908221885,0.0,0.0,0.0,19.18460392431317,19.18460392431317,0.0,0.0,0.0,0.010674802425111448
8.133333333333333,33.97476826761849,0.5662461377936414,33.97476826761849,0.6364066877468533,0.5662461377936414,0.010811966066687658,0.010811966066687658,0.0,0.0,0.0,0.014583333333333334,0.0037713672666456755,0.0,0.0,0.0,19.18460392431317,19.18460392431317,0.0,0.0,0.0,0.010811966066687658
8.15,34.37850444459837,0.5729750740766395,34.37850444459837,0.6369381932107241,0.5729750740766395,0.010949586211735841,0.010949586211735841,0.0,0.0,0.0,0.014583333333333334,0.003633747121597492,0.0,0.0,0.0,19.18460392431317,19.18460392431317,0.0,0.0,0.0,0.010949586211735841
8.166666666666666,34.78308441891358,0.5797180736485597,34.78308441891358,0.6374675392208945,0.5797180736485597,0.011087652380756815,0.011087652380756815,0.0,0.0,0.0,0.014583333333333334,0.0034956809525765187,0.0,0.0,0.0,19.18460392431317,19.18460392431317,0.0,0.0,0.0,0.011087652380756815
8.183333333333334,35.18848028826941,0.5864746714711568,35.18848028826941,0.6379946691265597,0.5864746714711568,0.011226154034693925,0.011226154034693925,0.0,0.0,0.0,0.014583333333333334,0.0033571792986394084,0.0,0.0,0.0,19.18460392431317,19.18460392431317,0.0,0.0,0.0,0.011226154034693925
8.2,35.5946641710139,0.5932444028502317,35.5946641710139,0.6385195271675552,0.5932444028502317,0.011365080576139473,0.011365080576139473,0.0,0.0,0.0,0.014583333333333334,0.003218252757193861,0.0,0.0,0.0,19.18460392431317,19.18460392431317,0.0,0.0,0.0,0.011365080576139473
8.216666666666667,36.0016082065896,0.6000268034431601,36.0016082065896,0.6390420584785714,0.6000268034431601,0.011504421350574083,0.011504421350574083,0.0,0.0,0.0,0.014583333333333334,0.003078911982759251,0.0,0.0,0.0,19.18460392431317,19.18460392431317,0.0,0.0,0.0,0.011504421350574083
8.233333333333333,36.40928455601053,0.6068214092668422,36.40928455601053,0.6395622090932156,0.6068214092668422,0.011644165647637561,0.011644165647637561,0.0,0.0,0.0,0.014583333333333334,0.002939167685695772,0.0,0.0,0.0,19.18460392431317,19.18460392431317,0.0,0.0,0.0,0.011644165647637561
8.25,36.81766540236488,0.6136277567060814,36.81766540236488,0.6400799259479248,0.6136277567060814,0.011784302702430837,0.011784302702430837,0.0,0.0,0.0,0.014583333333333334,0.002799030630902496,0.0,0.0,0.0,19.18460392431317,19.18460392431317,0.0,0.0,0.0,0.011784302702430837
8.266666666666666,37.226722951341074,0.6204453825223513,37.226722951341074,0.6405951568857231,0.6204453825223513,0.011924821696847526,0.011924821696847526,0.0,0.0,0.0,0.014583333333333334,0.0026585116364858073,0.0,0.0,0.0,19.18460392431317,19.18460392431317,0.0,0.0,0.0,0.011924821696847526
8.283333333333333,37.636429431778,0.6272738238629666,37.636429431778,0.641107850659824,0.6272738238629666,0.012065711760934761,0.012065711760934761,0.0,0.0,0.0,0.014583333333333334,0.0025176215723985724,0.0,0.0,0.0,19.18460392431317,19.18460392431317,0.0,0.0,0.0,0.012065711760934761
8.3,38.04675709623692,0.6341126182706153,38.04675709623692,0.6416179569370734,0.6341126182706153,0.012206961974281744,0.012206961974281744,0.0,0.0,0.0,0.014583333333333334,0.002376371359051589,0.0,0.0,0.0,19.18460392431317,19.18460392431317,0.0,0.0,0.0,0.012206961974281744
8.316666666666666,38.45767822159574,0.6409613036932623,38.45767822159574,0.6421254263012335,0.6409613036932623,0.012348561367435658,0.012348561367435658,0.0,0.0,0.0,0.014583333333333334,0.002234771965897676,0.0,0.0,0.0,19.18460392431317,19.18460392431317,0.0,0.0,0.0,0.012348561367435658
8.333333333333334,38.86916510966418,0.647819418494403,38.86916510966418,0.642630210256105,0.647819418494403,0.01249049892334371,0.01249049892334371,0.0,0.0,0.0,0.014583333333333334,0.002092834409989624,0.0,0.0,0.0,19.18460392431317,19.18460392431317,0.0,0.0,0.0,0.01249049892334371
8.35,39.281190087818736,0.6546865014636456,39.281190087818736,0.643132261228484,0.6546865014636456,0.012632763578820271,0.012632763578820271,0.0,0.0,0.0,0.014583333333333334,0.0019505697545130624,0.0,0.0,0.0,19.18460392431317,19.18460392431317,0.0,0.0,0.0,0.012632763578820271
8.366666666666667,39.69372550965806,0.6615620918276343,39.69372550965806,0.6436315325709554,0.6615620918276343,0.012775344226038626,0.012775344226038626,0.0,0.0,0.0,0.014583333333333334,0.0018079891072947073,0.0,0.0,0.0,19.18460392431317,19.18460392431317,0.0,0.0,0.0,0.012775344226038626
8.383333333333333,40.10674375567642,0.6684457292612737,40.10674375567642,0.644127978564518,0.6684457292612737,0.012918229714045883,0.012918229714045883,0.0,0.0,0.0,0.014583333333333334,0.0016651036192874506,0.0,0.0,0.0,19.18460392431317,19.18460392431317,0.0,0.0,0.0,0.012918229714045883
8.4,40.52021723395614,0.675336953899269,40.52021723395614,0.6446215544210424,0.675336953899269,0.013061408850300589,0.013061408850300589,0.0,0.0,0.0,0.014583333333333334,0.001521924483032745,0.0,0.0,0.0,19.18460392431317,19.18460392431317,0.0,0.0,0.0,0.013061408850300589
8.416666666666666,40.934118380877024,0.6822353063479504,40.934118380877024,0.6451122162855576,0.6822353063479504,0.013204870402231703,0.013204870402231703,0.0,0.0,0.0,0.014583333333333334,0.0013784629311016303,0.0,0.0,0.0,19.18460392431317,19.18460392431317,0.0,0.0,0.0,0.013204870402231703
8.433333333333334,41.34841966184356,0.6891403276973926,41.34841966184356,0.6455999212383678,0.6891403276973926,0.013348603098818473,0.013348603098818473,0.0,0.0,0.0,0.014583333333333334,0.0012347302345148605,0.0,0.0,0.0,19.18460392431317,19.18460392431317,0.0,0.0,0.0,0.013348603098818473
8.45,41.76309357202771,0.696051559533795,41.76309357202771,0.646084627296996,0.696051559533795,0.013492595632189765,0.013492595632189765,0.0,0.0,0.0,0.014583333333333334,0.0010907377011435682,0.0,0.0,0.0,19.18460392431317,19.18460392431317,0.0,0.0,0.0,0.013492595632189765
8.466666666666667,42.17811263712848,0.7029685439521413,42.17811263712848,0.646566293417954,0.7029685439521413,0.013636836659242488,0.013636836659242488,0.0,0.0,0.0,0.014583333333333334,0.0009464966740908454,0.0,0.0,0.0,19.18460392431317,19.18460392431317,0.0,0.0,0.0,0.013636836659242488
8.483333333333333,42.59344941414603,0.7098908235691005,42.59344941414603,0.6470448794983379,0.7098908235691005,0.01378131480327766,0.01378131480327766,0.0,0.0,0.0,0.014583333333333334,0.0008020185300556728,0.0,0.0,0.0,19.18460392431317,19.18460392431317,0.0,0.0,0.0,0.01378131480327766
8.5,43.00907649217125,0.7168179415361875,43.00907649217125,0.6475203463772482,0.7168179415361875,0.013926018655653714,0.013926018655653714,0.0,0.0,0.0,0.014583333333333334,0.0006573146776796199,0.0,0.0,0.0,19.18460392431317,19.18460392431317,0.0,0.0,0.0,0.013926018655653714
8.516666666666666,43.42496649318899,0.7237494415531498,43.42496649318899,0.6479926558370321,0.7237494415531498,0.014070936777455578,0.014070936777455578,0.0,0.0,0.0,0.014583333333333334,0.0005123965558777553,0.0,0.0,0.0,19.18460392431317,19.18460392431317,0.0,0.0,0.0,0.014070936777455578
8.533333333333333,43.84109207289574,0.7306848678815957,43.84109207289574,0.6484617706043503,0.7306848678815957,0.014216057701179277,0.014216057701179277,0.0,0.0,0.0,0.014583333333333334,0.00036727563215405677,0.0,0.0,0.0,19.18460392431317,19.18460392431317,0.0,0.0,0.0,0.014216057701179277
8.55,44.25742592152999,0.7376237653588332,44.25742592152999,0.6489276543510629,0.7376237653588332,0.014361369932430436,0.014361369932430436,0.0,0.0,0.0,0.014583333333333334,0.00022196340090289805,0.0,0.0,0.0,19.18460392431317,19.18460392431317,0.0,0.0,0.0,0.014361369932430436
8.566666666666666,44.673940764715844,0.7445656794119307,44.673940764715844,0.6493902716949383,0.7445656794119307,0.014506861951636366,0.014506861951636366,0.0,0.0,0.0,0.014583333333333334,7.647138169696727e-05,0.0,0.0,0.0,19.18460392431317,19.18460392431317,0.0,0.0,0.0,0.014506861951636366
8.583333333333334,45.09060936431896,0.7515101560719826,45.09060936431896,0.6498495882001819,0.7515101560719826,0.014652522215770548,0.014583333333333334,0.0,0.0,6.918888243721485e-05,0.014583333333333334,0.0,0.0,0.0,0.0,19.18460392431317,19.18460392431317,0.0,0.0,0.0,0.014583333333333334
8.6,45.50740451931405,0.7584567419885675,45.50740451931405,0.6503055703777834,0.7584567419885675,0.014798339160088528,0.014583333333333334,0.0,0.0,0.00021500582675519457,0.014583333333333334,0.0,0.0,0.0,0.0,19.18460392431317,19.18460392431317,0.0,0.0,0.0,0.014583333333333334
8.616666666666667,45.924299066664545,0.7654049844444091,45.924299066664545,0.6507581856856847,0.7654049844444091,0.014944301199874688,0.014583333333333334,0.0,0.0,0.00036096786654135453,0.014583333333333334,0.0,0.0,0.0,0.0,19.18460392431317,19.18460392431317,0.0,0.0,0.0,0.014583333333333334
8.633333333333333,46.34126588221261,0.7723544313702102,46.34126588221261,0.6512074025287661,0.7723544313702102,0.015090396732198521,0.014583333333333334,0.0,0.0,0.0005070633988651877,0.014583333333333334,0.0,0.0,0.0,0.0,19.18460392431317,19.18460392431317,0.0,0.0,0.0,0.014583333333333334
8.65,46.758277881580526,0.7793046313596754,46.758277881580526,0.6516531902586501,0.7793046313596754,0.015236614137679981,0.014583333333333334,0.0,0.0,0.0006532808043466475,0.014583333333333334,0.0,0.0,0.0,0.0,19.18460392431317,19.18460392431317,0.0,0.0,0.0,0.014583333333333334
8.666666666666666,47.17530802108172,0.7862551336846954,47.17530802108172,0.6520955191733241,0.7862551336846954,0.01538294178226261,0.014583333333333334,0.0,0.0,0.000799608448929276,0.014583333333333334,0.0,0.0,0.0,0.0,19.18460392431317,19.18460392431317,0.0,0.0,0.0,0.014583333333333334
8.683333333333334,47.59232929864227,0.7932054883107045,47.59232929864227,0.6525343605165805,0.7932054883107045,0.015529368018993926,0.014583333333333334,0.0,0.0,0.0009460346856605927,0.014583333333333334,0.0,0.0,0.0,0.0,19.18460392431317,19.18460392431317,0.0,0.0,0.0,0.014583333333333334
8.7,48.009314754731484,0.8001552459121913,48.009314754731484,0.6529696864772743,0.8001552459121913,0.01567588118981188,0.014583333333333334,0.0,0.0,0.001092547856478547,0.014583333333333334,0.0,0.0,0.0,0.0,19.18460392431317,19.18460392431317,0.0,0.0,0.0,0.014583333333333334
8.716666666666667,48.42623747330202,0.807103957888367,48.42623747330202,0.6534014701883977,0.807103957888367,0.01582246962733674,0.014583333333333334,0.0,0.0,0.0012391362940034067,0.014583333333333334,0.0,0.0,0.0,0.0,19.18460392431317,19.18460392431317,0.0,0.0,0.0,0.014583333333333334
8.733333333333333,48.8430705827384,0.8140511763789733,48.8430705827384,0.6538296857259732,0.8140511763789733,0.015969121656667355,0.014583333333333334,0.0,0.0,0.0013857883233340217,0.014583333333333334,0.0,0.0,0.0,0.0,19.18460392431317,19.18460392431317,0.0,0.0,0.0,0.014583333333333334
8.75,49.259787256814555,0.8209964542802426,49.259787256814555,0.6542543081077629,0.8209964542802426,0.016115825597181117,0.014583333333333334,0.0,0.0,0.0015324922638477838,0.014583333333333334,0.0,0.0,0.0,0.0,19.18460392431317,19.18460392431317,0.0,0.0,0.0,0.014583333333333334
8.766666666666666,49.67636071565876,0.8279393452609793,49.67636071565876,0.6546753132917951,0.8279393452609793,0.016262569764336494,0.014583333333333334,0.0,0.0,0.0016792364310031609,0.014583333333333334,0.0,0.0,0.0,0.0,19.18460392431317,19.18460392431317,0.0,0.0,0.0,0.014583333333333334
8.783333333333333,50.09276422672724,0.8348794037787873,50.09276422672724,0.6550926781747097,0.8348794037787873,0.016409342471477666,0.014583333333333334,0.0,0.0,0.0018260091381443327,0.014583333333333334,0.0,0.0,0.0,0.0,19.18460392431317,19.18460392431317,0.0,0.0,0.0,0.014583333333333334
8.8,50.508971105784475,0.8418161850964079,50.508971105784475,0.6555063805899193,0.8418161850964079,0.01655613203163996,0.014583333333333334,0.0,0.0,0.0019727986983066256,0.014583333333333334,0.0,0.0,0.0,0.0,19.18460392431317,19.18460392431317,0.0,0.0,0.0,0.014583333333333334
8.816666666666666,50.92495471789107,0.8487492452981845,50.92495471789107,0.6559163993055896,0.8487492452981845,0.016702926759355592,0.014583333333333334,0.0,0.0,0.0021195934260222586,0.014583333333333334,0.0,0.0,0.0,0.0,19.18460392431317,19.18460392431317,0.0,0.0,0.0,0.014583333333333334
8.833333333333334,51.34068847839877,0.8556781413066461,51.34068847839877,0.6563227140224377,0.8556781413066461,0.016849714972458837,0.014583333333333334,0.0,0.0,0.002266381639125504,0.014583333333333334,0.0,0.0,0.0,0.0,19.18460392431317,19.18460392431317,0.0,0.0,0.0,0.014583333333333334
8.85,51.75614585395124,0.8626024308991873,51.75614585395124,0.6567253053713478,0.8626024308991873,0.01699648499388946,0.014583333333333334,0.0,0.0,0.002413151660556126,0.014583333333333334,0.0,0.0,0.0,0.0,19.18460392431317,19.18460392431317,0.0,0.0,0.0,0.014583333333333334
8.866666666666667,52.17130036349212,0.8695216727248687,52.17130036349212,0.6571241549108071,0.8695216727248687,0.017143225153494174,0.014583333333333334,0.0,0.0,0.00255989182016084,0.014583333333333334,0.0,0.0,0.0,0.0,19.18460392431317,19.18460392431317,0.0,0.0,0.0,0.014583333333333334
8.883333333333333,52.58612557927819,0.8764354263213031,52.58612557927819,0.6575192451241603,0.8764354263213031,0.017289923789824628,0.014583333333333334,0.0,0.0,0.0027065904564912945,0.014583333333333334,0.0,0.0,0.0,0.0,19.18460392431317,19.18460392431317,0.0,0.0,0.0,0.014583333333333334
8.9,53.000595127899096,0.8833432521316515,53.000595127899096,0.6579105594166834,0.8833432521316515,0.01743656925193181,0.014583333333333334,0.0,0.0,0.0028532359185984776,0.014583333333333334,0.0,0.0,0.0,0.0,19.18460392431317,19.18460392431317,0.0,0.0,0.0,0.014583333333333334
8.916666666666666,53.41468269130169,0.8902447115216948,53.41468269130169,0.658298082112479,0.8902447115216948,0.017583149901155382,0.014583333333333334,0.0,0.0,0.0029998165678220487,0.014583333333333334,0.0,0.0,0.0,0.0,19.18460392431317,19.18460392431317,0.0,0.0,0.0,0.014583333333333334
8.933333333333334,53.82836200782053,0.8971393667970088,53.82836200782053,0.6586817984511913,0.8971393667970088,0.017729654112907795,0.014583333333333334,0.0,0.0,0.0031463207795744616,0.014583333333333334,0.0,0.0,0.0,0.0,19.18460392431317,19.18460392431317,0.0,0.0,0.0,0.014583333333333334
8.95,54.241606873212255,0.9040267812202042,54.241606873212255,0.6590616945845434,0.9040267812202042,0.01787607027845179,0.014583333333333334,0.0,0.0,0.0032927369451184567,0.014583333333333334,0.0,0.0,0.0,0.0,19.18460392431317,19.18460392431317,0.0,0.0,0.0,0.014583333333333334
8.966666666666667,54.65439114169579,0.9109065190282631,54.65439114169579,0.6594377575726968,0.9109065190282631,0.018022386806671134,0.014583333333333334,0.0,0.0,0.0034390534733378005,0.014583333333333334,0.0,0.0,0.0,0.0,19.18460392431317,19.18460392431317,0.0,0.0,0.0,0.014583333333333334
8.983333333333333,55.066688726995984,0.9177781454499331,55.066688726995984,0.6598099753804334,0.9177781454499331,0.01816859212583319,0.014583333333333334,0.0,0.0,0.003585258792499855,0.014583333333333334,0.0,0.0,0.0,0.0,19.18460392431317,19.18460392431317,0.0,0.0,0.0,0.014583333333333334
9.0,55.47847360339225,0.9246412267232041,55.47847360339225,0.6601783368731616,0.9246412267232041,0.018314674685343084,0.014583333333333334,0.0,0.0,0.0037313413520097503,0.014583333333333334,0.0,0.0,0.0,0.0,19.18460392431317,19.18460392431317,0.0,0.0,0.0,0.014583333333333334
9.016666666666666,55.889719806770565,0.9314953301128427,55.889719806770565,0.660542831812748,0.9314953301128427,0.018460622957488376,0.014583333333333334,0.0,0.0,0.0038772896241550427,0.014583333333333334,0.0,0.0,0.0,0.0,19.18460392431317,19.18460392431317,0.0,0.0,0.0,0.014583333333333334
9.033333333333333,56.30040143567984,0.9383400239279973,56.30040143567984,0.6609034508531727,0.9383400239279973,0.01860642543917378,0.014583333333333334,0.0,0.0,0.0040230921058404465,0.014583333333333334,0.0,0.0,0.0,0.0,19.18460392431317,19.18460392431317,0.0,0.0,0.0,0.014583333333333334
9.05,56.71049265239111,0.9451748775398519,56.71049265239111,0.6612601855360132,0.9451748775398519,0.018752070653644797,0.014583333333333334,0.0,0.0,0.004168737320311464,0.014583333333333334,0.0,0.0,0.0,0.0,19.18460392431317,19.18460392431317,0.0,0.0,0.0,0.014583333333333334
9.066666666666666,57.11996768396074,0.9519994613993457,57.11996768396074,0.6616130282857543,0.9519994613993457,0.018897547152200062,0.014583333333333334,0.0,0.0,0.004314213818866729,0.014583333333333334,0.0,0.0,0.0,0.0,19.18460392431317,19.18460392431317,0.0,0.0,0.0,0.014583333333333334
9.083333333333334,57.5288008232962,0.9588133470549367,57.5288008232962,0.6619619724049276,0.9588133470549367,0.019042843515891278,0.014583333333333334,0.0,0.0,0.004459510182557944,0.014583333333333334,0.0,0.0,0.0,0.0,19.18460392431317,19.18460392431317,0.0,0.0,0.0,0.014583333333333334
9.1,57.93696643022491,0.9656161071704152,57.93696643022491,0.6623070120690798,0.9656161071704152,0.019187948357210147,0.014583333333333334,0.0,0.0,0.004604615023876813,0.014583333333333334,0.0,0.0,0.0,0.0,19.18460392431317,19.18460392431317,0.0,0.0,0.0,0.014583333333333334
9.116666666666667,58.34443893256594,0.9724073155427657,58.34443893256594,0.6626481423215728,0.9724073155427657,0.01933285032176181,0.014583333333333334,0.0,0.0,0.004749516988428477,0.014583333333333334,0.0,0.0,0.0,0.0,19.18460392431317,19.18460392431317,0.0,0.0,0.0,0.014583333333333334
9.133333333333333,58.751192827203624,0.9791865471200604,58.751192827203624,0.6629853590682147,0.9791865471200604,0.019477538089923748,0.014583333333333334,0.0,0.0,0.0048942047565904145,0.014583333333333334,0.0,0.0,0.0,0.0,19.18460392431317,19.18460392431317,0.0,0.0,0.0,0.014583333333333334
9.15,59.157202681164264,0.9859533780194044,59.157202681164264,0.663318659071725,0.9859533780194044,0.01962200037848992,0.014583333333333334,0.0,0.0,0.005038667045156587,0.014583333333333334,0.0,0.0,0.0,0.0,19.18460392431317,19.18460392431317,0.0,0.0,0.0,0.014583333333333334
9.166666666666666,59.562443132694085,0.9927073855449015,59.562443132694085,0.663648039946034,0.9927073855449015,0.019766225942299005,0.014583333333333334,0.0,0.0,0.005182892608965671,0.014583333333333334,0.0,0.0,0.0,0.0,19.18460392431317,19.18460392431317,0.0,0.0,0.0,0.014583333333333334
9.183333333333334,59.966888892339654,0.9994481482056609,59.966888892339654,0.6639735001504172,0.9994481482056609,0.019910203575846556,0.014583333333333334,0.0,0.0,0.005326870242513222,0.014583333333333334,0.0,0.0,0.0,0.0,19.18460392431317,19.18460392431317,0.0,0.0,0.0,0.014583333333333334
9.2,60.37051474402973,1.0061752457338287,60.37051474402973,0.6642950389834684,1.0061752457338287,0.020053922114880128,0.014583333333333334,0.0,0.0,0.0054705887815467945,0.014583333333333334,0.0,0.0,0.0,0.0,19.18460392431317,19.18460392431317,0.0,0.0,0.0,0.014583333333333334
9.216666666666667,60.77329554615866,1.0128882591026442,60.77329554615866,0.6646126565769099,1.0128882591026442,0.020197370437976894,0.014583333333333334,0.0,0.0,0.00561403710464356,0.014583333333333334,0.0,0.0,0.0,0.0,19.18460392431317,19.18460392431317,0.0,0.0,0.0,0.014583333333333334
9.233333333333333,61.175206232671165,1.0195867705445194,61.175206232671165,0.6649263538892439,1.0195867705445194,0.020340537468103104,0.014583333333333334,0.0,0.0,0.00575720413476977,0.014583333333333334,0.0,0.0,0.0,0.0,19.18460392431317,19.18460392431317,0.0,0.0,0.0,0.014583333333333334
9.25,61.57622181414828,1.0262703635691381,61.57622181414828,0.6652361326992448,1.0262703635691381,0.020483412174154857,0.014583333333333334,0.0,0.0,0.005900078840821523,0.014583333333333334,0.0,0.0,0.0,0.0,19.18460392431317,19.18460392431317,0.0,0.0,0.0,0.014583333333333334
9.266666666666666,61.97631737889411,1.0329386229815685,61.97631737889411,0.6655419955992942,1.0329386229815685,0.02062598357247945,0.014583333333333334,0.0,0.0,0.006042650239146116,0.014583333333333334,0.0,0.0,0.0,0.0,19.18460392431317,19.18460392431317,0.0,0.0,0.0,0.014583333333333334
9.283333333333333,62.37546809402368,1.0395911349003946,62.37546809402368,0.6658439459885618,1.0395911349003946,0.020768240728377022,0.014583333333333334,0.0,0.0,0.006184907395043689,0.014583333333333334,0.0,0.0,0.0,0.0,19.18460392431317,19.18460392431317,0.0,0.0,0.0,0.014583333333333334
9.3,62.773649206551156,1.0462274867758525,62.773649206551156,0.666141988066031,1.0462274867758525,0.020910172757581565,0.014583333333333334,0.0,0.0,0.006326839424248231,0.014583333333333334,0.0,0.0,0.0,0.0,19.18460392431317,19.18460392431317,0.0,0.0,0.0,0.014583333333333334
9.316666666666666,63.170836044478584,1.0528472674079763,63.170836044478584,0.6664361268233733,1.0528472674079763,0.0210517688277211,0.014583333333333334,0.0,0.0,0.006468435494387765,0.014583333333333334,0.0,0.0,0.0,0.0,19.18460392431317,19.18460392431317,0.0,0.0,0.0,0.014583333333333334
9.333333333333334,63.56700401788529,1.0594500669647549,63.56700401788529,0.6667263680376722,1.0594500669647549,0.021193018159756365,0.014583333333333334,0.0,0.0,0.006609684826423032,0.014583333333333334,0.0,0.0,0.0,0.0,19.18460392431317,19.18460392431317,0.0,0.0,0.0,0.014583333333333334
9.35,63.96212862001671,1.0660354770002785,63.96212862001671,0.6670127182639979,1.0660354770002785,0.021333910029397343,0.014583333333333334,0.0,0.0,0.00675057669606401,0.014583333333333334,0.0,0.0,0.0,0.0,19.18460392431317,19.18460392431317,0.0,0.0,0.0,0.014583333333333334
9.366666666666667,64.35618542837415,1.0726030904729025,64.35618542837415,0.6672951848278356,1.0726030904729025,0.021474433768497544,0.014583333333333334,0.0,0.0,0.006891100435164211,0.014583333333333334,0.0,0.0,0.0,0.0,19.18460392431317,19.18460392431317,0.0,0.0,0.0,0.014583333333333334
9.383333333333333,64.74915010580331,1.0791525017633885,64.74915010580331,0.6675737758173682,1.0791525017633885,0.021614578766424974,0.014583333333333334,0.0,0.0,0.007031245433091641,0.014583333333333334,0.0,0.0,0.0,0.0,19.18460392431317,19.18460392431317,0.0,0.0,0.0,0.014583333333333334
9.4,65.14099840158364,1.0856833066930607,65.14099840158364,0.6678485000756161,1.0856833066930607,0.021754334471410015,0.014583333333333334,0.0,0.0,0.007171001138076682,0.014583333333333334,0.0,0.0,0.0,0.0,19.18460392431317,19.18460392431317,0.0,0.0,0.0,0.014583333333333334
9.416666666666666,65.5317061525161,1.092195102541935,65.5317061525161,0.668119367192435,1.092195102541935,0.021893690391869017,0.014583333333333334,0.0,0.0,0.007310357058535683,0.014583333333333334,0.0,0.0,0.0,0.0,19.18460392431317,19.18460392431317,0.0,0.0,0.0,0.014583333333333334
9.433333333333334,65.92124928401142,1.0986874880668571,65.92124928401142,0.6683863874963751,1.0986874880668571,0.02203263609770397,0.014583333333333334,0.0,0.0,0.007449302764370638,0.014583333333333334,0.0,0.0,0.0,0.0,19.18460392431317,19.18460392431317,0.0,0.0,0.0,0.014583333333333334
9.45,66.30960381117646,1.1051600635196077,66.30960381117646,0.6686495720464011,1.1051600635196077,0.022171161221576932,0.014583333333333334,0.0,0.0,0.007587827888243599,0.014583333333333334,0.0,0.0,0.0,0.0,19.18460392431317,19.18460392431317,0.0,0.0,0.0,0.014583333333333334
9.466666666666667,66.69674583990087,1.1116124306650146,66.69674583990087,0.6689089326234785,1.1116124306650146,0.022309255460159775,0.014583333333333334,0.0,0.0,0.007725922126826441,0.014583333333333334,0.0,0.0,0.0,0.0,19.18460392431317,19.18460392431317,0.0,0.0,0.0,0.014583333333333334
9.483333333333333,67.08265156794145,1.1180441927990241,67.08265156794145,0.6691644817220246,1.1180441927990241,0.022446908575357884,0.014583333333333334,0.0,0.0,0.00786357524202455,0.014583333333333334,0.0,0.0,0.0,0.0,19.18460392431317,19.18460392431317,0.0,0.0,0.0,0.014583333333333334
9.5,67.4672972860066,1.1244549547667766,67.4672972860066,0.6694162325412293,1.1244549547667766,0.022584110395508374,0.014583333333333334,0.0,0.0,0.00800077706217504,0.014583333333333334,0.0,0.0,0.0,0.0,19.18460392431317,19.18460392431317,0.0,0.0,0.0,0.014583333333333334
9.516666666666666,67.85065937883827,1.130844322980638,67.85065937883827,0.6696641989762453,1.130844322980638,0.022720850816551553,0.014583333333333334,0.0,0.0,0.00813751748321822,0.014583333333333334,0.0,0.0,0.0,0.0,19.18460392431317,19.18460392431317,0.0,0.0,0.0,0.014583333333333334
9.533333333333333,68.23271432629355,1.1372119054382257,68.23271432629355,0.6699083956092513,1.1372119054382257,0.022857119803176163,0.014583333333333334,0.0,0.0,0.00827378646984283,0.014583333333333334,0.0,0.0,0.0,0.0,19.18460392431317,19.18460392431317,0.0,0.0,0.0,0.014583333333333334
9.55,68.61343870442361,1.1435573117403937,68.61343870442361,0.6701488377003904,1.1435573117403937,0.022992907389937225,0.014583333333333334,0.0,0.0,0.008409574056603891,0.014583333333333334,0.0,0.0,0.0,0.0,19.18460392431317,19.18460392431317,0.0,0.0,0.0,0.014583333333333334
9.566666666666666,68.99280918655187,1.1498801531091978,68.99280918655187,0.6703855411785842,1.1498801531091978,0.02312820368234692,0.014583333333333334,0.0,0.0,0.008544870349013585,0.014583333333333334,0.0,0.0,0.0,0.0,19.18460392431317,19.18460392431317,0.0,0.0,0.0,0.014583333333333334
9.583333333333334,69.37080254434981,1.1561800424058302,69.37080254434981,0.670618522632228,1.1561800424058302,0.023262998857937735,0.014583333333333334,0.0,0.0,0.008679665524604401,0.014583333333333334,0.0,0.0,0.0,0.0,19.18460392431317,19.18460392431317,0.0,0.0,0.0,0.014583333333333334
9.6,69.74739564891078,1.162456594148513,69.74739564891078,0.6708477992997647,1.162456594148513,0.023397283167297618,0.014583333333333334,0.0,0.0,0.008813949833964285,0.014583333333333334,0.0,0.0,0.0,0.0,19.18460392431317,19.18460392431317,0.0,0.0,0.0,0.014583333333333334
9.616666666666667,70.12256547182204,1.1687094245303673,70.12256547182204,0.6710733890601445,1.1687094245303673,0.02353104693507725,0.014583333333333334,0.0,0.0,0.008947713601743918,0.014583333333333334,0.0,0.0,0.0,0.0,19.18460392431317,19.18460392431317,0.0,0.0,0.0,0.014583333333333334
9.633333333333333,70.49628908623431,1.1749381514372386,70.49628908623431,0.6712953104231695,1.1749381514372386,0.023664280560968677,0.014583333333333334,0.0,0.0,0.009080947227635344,0.014583333333333334,0.0,0.0,0.0,0.0,19.18460392431317,19.18460392431317,0.0,0.0,0.0,0.014583333333333334
9.65,70.8685436679291,1.181142394465485,70.8685436679291,0.6715135825197265,1.181142394465485,0.02379697452065544,0.014583333333333334,0.0,0.0,0.009213641187322107,0.014583333333333334,0.0,0.0,0.0,0.0,19.18460392431317,19.18460392431317,0.0,0.0,0.0,0.014583333333333334
9.666666666666666,71.23930649638348,1.1873217749397247,71.23930649638348,0.6717282250919103,1.1873217749397247,0.02392911936673381,0.014583333333333334,0.0,0.0,0.009345786033400475,0.014583333333333334,0.0,0.0,0.0,0.0,19.18460392431317,19.18460392431317,0.0,0.0,0.0,0.014583333333333334
9.683333333333334,71.6085549558325,1.1934759159305417,71.6085549558325,0.6719392584830403,1.1934759159305417,0.024060705729605027,0.014583333333333334,0.0,0.0,0.009477372396271694,0.014583333333333334,0.0,0.0,0.0,0.0,19.18460392431317,19.18460392431317,0.0,0.0,0.0,0.014583333333333334
9.7,71.97626653632852,1.1996044422721421,71.97626653632852,0.672146703627571,1.1996044422721421,0.024191724318338166,0.014583333333333334,0.0,0.0,0.009608390985004833,0.014583333333333334,0.0,0.0,0.0,0.0,19.18460392431317,19.18460392431317,0.0,0.0,0.0,0.014583333333333334
9.716666666666667,72.34241883479827,1.2057069805799712,72.34241883479827,0.6723505820409028,1.2057069805799712,0.024322165921503842,0.014583333333333334,0.0,0.0,0.009738832588170508,0.014583333333333334,0.0,0.0,0.0,0.0,19.18460392431317,19.18460392431317,0.0,0.0,0.0,0.014583333333333334
9.733333333333333,72.70698955609642,1.2117831592682735,72.70698955609642,0.6725509158090898,1.2117831592682735,0.024452021407978086,0.014583333333333334,0.0,0.0,0.009868688074644753,0.014583333333333334,0.0,0.0,0.0,0.0,19.18460392431317,19.18460392431317,0.0,0.0,0.0,0.014583333333333334
9.75,73.06995651405651,1.2178326085676086,73.06995651405651,0.672747727578452,1.2178326085676086,0.024581281727716685,0.014583333333333334,0.0,0.0,0.009997948394383352,0.014583333333333334,0.0,0.0,0.0,0.0,19.18460392431317,19.18460392431317,0.0,0.0,0.0,0.014583333333333334
9.766666666666666,73.43129763253862,1.2238549605423104,73.43129763253862,0.6729410405450925,1.2238549605423104,0.024709937912499712,0.014583333333333334,0.0,0.0,0.010126604579166379,0.014583333333333334,0.0,0.0,0.0,0.0,19.18460392431317,19.18460392431317,0.0,0.0,0.0,0.014583333333333334
9.783333333333333,73.79099094647373,1.2298498491078955,73.79099094647373,0.6731308784443218,1.2298498491078955,0.024837981076646094,0.014583333333333334,0.0,0.0,0.01025464774331276,0.014583333333333334,0.0,0.0,0.0,0.0,19.18460392431317,19.18460392431317,0.0,0.0,0.0,0.014583333333333334
9.8,74.14901460290476,1.2358169100484127,74.14901460290476,0.6733172655399917,1.2358169100484127,0.02496540241769814,0.014583333333333334,0.0,0.0,0.010382069084364808,0.014583333333333334,0.0,0.0,0.0,0.0,19.18460392431317,19.18460392431317,0.0,0.0,0.0,0.014583333333333334
9.816666666666666,74.50534686202415,1.2417557810337359,74.50534686202415,0.673500226613743,1.2417557810337359,0.025092193217076106,0.014583333333333334,0.0,0.0,0.010508859883742772,0.014583333333333334,0.0,0.0,0.0,0.0,19.18460392431317,19.18460392431317,0.0,0.0,0.0,0.014583333333333334
9.833333333333334,74.8599660982079,1.2476661016367985,74.8599660982079,0.6736797869541675,1.2476661016367985,0.025218344840702525,0.014583333333333334,0.0,0.0,0.010635011507369192,0.014583333333333334,0.0,0.0,0.0,0.0,19.18460392431317,19.18460392431317,0.0,0.0,0.0,0.014583333333333334
9.85,75.21285080104573,1.253547513350762,75.21285080104573,0.6738559723458879,1.253547513350762,0.025343848739596393,0.014583333333333334,0.0,0.0,0.01076051540626306,0.014583333333333334,0.0,0.0,0.0,0.0,19.18460392431317,19.18460392431317,0.0,0.0,0.0,0.014583333333333334
9.866666666666667,75.56397957636793,1.259399659606132,75.56397957636793,0.6740288090585584,1.259399659606132,0.0254686964504373,0.014583333333333334,0.0,0.0,0.010885363117103967,0.014583333333333334,0.0,0.0,0.0,0.0,19.18460392431317,19.18460392431317,0.0,0.0,0.0,0.014583333333333334
9.883333333333333,75.9133311472676,1.2652221857877932,75.9133311472676,0.6741983238357881,1.2652221857877932,0.025592879596099082,0.014583333333333334,0.0,0.0,0.011009546262765749,0.014583333333333334,0.0,0.0,0.0,0.0,19.18460392431317,19.18460392431317,0.0,0.0,0.0,0.014583333333333334
9.9,76.26088435511973,1.2710147392519955,76.26088435511973,0.67436454388399,1.2710147392519955,0.025716389886153625,0.014583333333333334,0.0,0.0,0.011133056552820292,0.014583333333333334,0.0,0.0,0.0,0.0,19.18460392431317,19.18460392431317,0.0,0.0,0.0,0.014583333333333334
9.916666666666666,76.6066181605955,1.2767769693432585,76.6066181605955,0.6745274968611582,1.2767769693432585,0.025839219117344252,0.014583333333333334,0.0,0.0,0.011255885784010919,0.014583333333333334,0.0,0.0,0.0,0.0,19.18460392431317,19.18460392431317,0.0,0.0,0.0,0.014583333333333334
9.933333333333334,76.95051164467283,1.2825085274112138,76.95051164467283,0.6746872108655764,1.2825085274112138,0.02596135917402909,0.014583333333333334,0.0,0.0,0.011378025840695756,0.014583333333333334,0.0,0.0,0.0,0.0,19.18460392431317,19.18460392431317,0.0,0.0,0.0,0.014583333333333334
9.95,77.29254400964253,1.2882090668273753,77.29254400964253,0.6748437144244598,1.2882090668273753,0.02608280202859446,0.014583333333333334,0.0,0.0,0.011499468695261125,0.014583333333333334,0.0,0.0,0.0,0.0,19.18460392431317,19.18460392431317,0.0,0.0,0.0,0.014583333333333334
9.966666666666667,77.63269458011005,1.2938782430018343,77.63269458011005,0.6749970364825336,1.2938782430018343,0.026203539741838155,0.014583333333333334,0.0,0.0,0.011620206408504821,0.014583333333333334,0.0,0.0,0.0,0.0,19.18460392431317,19.18460392431317,0.0,0.0,0.0,0.014583333333333334
9.983333333333333,77.97094280399273,1.2995157133998787,77.97094280399273,0.6751472063905505,1.2995157133998787,0.026323564463322877,0.014583333333333334,0.0,0.0,0.011740231129989544,0.014583333333333334,0.0,0.0,0.0,0.0,19.18460392431317,19.18460392431317,0.0,0.0,0.0,0.014583333333333334
10.0,78.3072682535127,1.305121137558545,78.3072682535127,0.6752942538937494,1.305121137558545,0.026442868431699948,0.014583333333333334,0.0,0.0,0.011859535098366614,0.014583333333333334,0.0,0.0,0.0,0.0,19.18460392431317,19.18460392431317,0.0,0.0,0.0,0.014583333333333334
10.016666666666666,78.64165062618481,1.3106941771030802,78.64165062618481,0.6754382091202605,1.3106941771030802,0.026561443975003245,0.014583333333333334,0.0,0.0,0.011978110641669912,0.014583333333333334,0.0,0.0,0.0,0.0,19.18460392431317,19.18460392431317,0.0,0.0,0.0,0.014583333333333334
10.033333333333333,78.97406974580021,1.3162344957633367,78.97406974580021,0.6755791025694553,1.3162344957633367,0.026679283510913726,0.014583333333333334,0.0,0.0,0.012095950177580393,0.014583333333333334,0.0,0.0,0.0,0.0,19.18460392431317,19.18460392431317,0.0,0.0,0.0,0.014583333333333334
10.05,79.30450556340469,1.3217417593900782,79.30450556340469,0.6757169651002486,1.3217417593900782,0.026796379546994497,0.014583333333333334,0.0,0.0,0.012213046213661163,0.014583333333333334,0.0,0.0,0.0,0.0,19.18460392431317,19.18460392431317,0.0,0.0,0.0,0.014583333333333334
10.066666666666666,79.63293815827238,1.3272156359712064,79.63293815827238,0.6758518279193525,1.3272156359712064,0.026912724680896664,0.014583333333333334,0.0,0.0,0.01232939134756333,0.014583333333333334,0.0,0.0,0.0,0.0,19.18460392431317,19.18460392431317,0.0,0.0,0.0,0.014583333333333334
10.083333333333334,79.95934773887453,1.3326557956479088,79.95934773887453,0.6759837225694865,1.3326557956479088,0.02702831160053628,0.014583333333333334,0.0,0.0,0.012444978267202946,0.014583333333333334,0.0,0.0,0.0,0.0,19.18460392431317,19.18460392431317,0.0,0.0,0.0,0.014583333333333334
10.1,80.28371464384267,1.3380619107307112,80.28371464384267,0.6761126809175458,1.3380619107307112,0.027143133084242276,0.014583333333333334,0.0,0.0,0.012559799750908943,0.014583333333333334,0.0,0.0,0.0,0.0,19.18460392431317,19.18460392431317,0.0,0.0,0.0,0.014583333333333334
10.116666666666667,80.60601934292754,1.343433655715459,80.60601934292754,0.676238735142731,1.343433655715459,0.027257182000876002,0.014583333333333334,0.0,0.0,0.012673848667542668,0.014583333333333334,0.0,0.0,0.0,0.0,19.18460392431317,19.18460392431317,0.0,0.0,0.0,0.014583333333333334
10.133333333333333,80.92624243795147,1.3487707072991912,80.92624243795147,0.676361917724642,1.3487707072991912,0.027370451309922078,0.014583333333333334,0.0,0.0,0.012787117976588745,0.014583333333333334,0.0,0.0,0.0,0.0,19.18460392431317,19.18460392431317,0.0,0.0,0.0,0.014583333333333334
10.15,81.24436466375693,1.3540727443959488,81.24436466375693,0.6764822614313387,1.3540727443959488,0.02748293406155147,0.014583333333333334,0.0,0.0,0.012899600728218136,0.014583333333333334,0.0,0.0,0.0,0.0,19.18460392431317,19.18460392431317,0.0,0.0,0.0,0.014583333333333334
10.166666666666666,81.56036688914811,1.3593394481524685,81.56036688914811,0.6765997993073718,1.3593394481524685,0.02759462339665628,0.014583333333333334,0.0,0.0,0.013011290063322946,0.014583333333333334,0.0,0.0,0.0,0.0,19.18460392431317,19.18460392431317,0.0,0.0,0.0,0.014583333333333334
10.183333333333334,81.87423011782836,1.364570501963806,81.87423011782836,0.6767145646617856,1.364570501963806,0.027705512546857224,0.014583333333333334,0.0,0.0,0.01312217921352389,0.014583333333333334,0.0,0.0,0.0,0.0,19.18460392431317,19.18460392431317,0.0,0.0,0.0,0.014583333333333334
10.2,82.18593548933099,1.3697655914888498,82.18593548933099,0.6768265910560973,1.3697655914888498,0.027815594834483558,0.014583333333333334,0.0,0.0,0.013232261501150224,0.014583333333333334,0.0,0.0,0.0,0.0,19.18460392431317,19.18460392431317,0.0,0.0,0.0,0.014583333333333334
10.216666666666667,82.49546427994517,1.3749244046657527,82.49546427994517,0.6769359122922533,1.3749244046657527,0.027924863672526088,0.014583333333333334,0.0,0.0,0.013341530339192754,0.014583333333333334,0.0,0.0,0.0,0.0,19.18460392431317,19.18460392431317,0.0,0.0,0.0,0.014583333333333334
10.233333333333333,82.80279790363545,1.3800466317272575,82.80279790363545,0.677042562400568,1.3800466317272575,0.028033312564563324,0.014583333333333334,0.0,0.0,0.01344997923122999,0.014583333333333334,0.0,0.0,0.0,0.0,19.18460392431317,19.18460392431317,0.0,0.0,0.0,0.014583333333333334
10.25,83.10791791295617,1.3851319652159362,83.10791791295617,0.6771465756276458,1.3851319652159362,0.02814093510466134,0.014583333333333334,0.0,0.0,0.013557601771328007,0.014583333333333334,0.0,0.0,0.0,0.0,19.18460392431317,19.18460392431317,0.0,0.0,0.0,0.014583333333333334
10.266666666666666,83.4108059999591,1.3901800999993181,83.4108059999591,0.6772479864242901,1.3901800999993181,0.02824772497724742,0.014583333333333334,0.0,0.0,0.013664391643914087,0.014583333333333334,0.0,0.0,0.0,0.0,19.18460392431317,19.18460392431317,0.0,0.0,0.0,0.014583333333333334
10.283333333333333,83.71144399709594,1.3951907332849323,83.71144399709594,0.6773468294334026,1.3951907332849323,0.028353675956958087,0.014583333333333334,0.0,0.0,0.013770342623624754,0.014583333333333334,0.0,0.0,0.0,0.0,19.18460392431317,19.18460392431317,0.0,0.0,0.0,0.014583333333333334
10.3,84.00981387811427,1.400163564635238,84.00981387811427,0.6774431394778746,1.400163564635238,0.028458781908461676,0.014583333333333334,0.0,0.0,0.013875448575128343,0.014583333333333334,0.0,0.0,0.0,0.0,19.18460392431317,19.18460392431317,0.0,0.0,0.0,0.014583333333333334
10.316666666666666,84.30589775894747,1.4050982959824578,84.30589775894747,0.6775369515484739,1.4050982959824578,0.02856303678625592,0.014583333333333334,0.0,0.0,0.013979703452922588,0.014583333333333334,0.0,0.0,0.0,0.0,19.18460392431317,19.18460392431317,0.0,0.0,0.0,0.014583333333333334
10.333333333333334,84.59967789859856,1.4099946316433092,84.59967789859856,0.6776283007917309,1.4099946316433092,0.028666434634440987,0.014583333333333334,0.0,0.0,0.014083101301107653,0.014583333333333334,0.0,0.0,0.0,0.0,19.18460392431317,19.18460392431317,0.0,0.0,0.0,0.014583333333333334
10.35,84.89113670001768,1.414852278333628,84.89113670001768,0.6777172224978245,1.414852278333628,0.028768969586468206,0.014583333333333334,0.0,0.0,0.014185636253134872,0.014583333333333334,0.0,0.0,0.0,0.0,19.18460392431317,19.18460392431317,0.0,0.0,0.0,0.014583333333333334
10.366666666666667,85.18025671097323,1.419670945182887,85.18025671097323,0.6778037520884735,1.419670945182887,0.028870635864865005,0.014583333333333334,0.0,0.0,0.014287302531531671,0.014583333333333334,0.0,0.0,0.0,0.0,19.18460392431317,19.18460392431317,0.0,0.0,0.0,0.014583333333333334
10.383333333333333,85.46702062491659,1.4244503437486098,85.46702062491659,0.6778879251048341,1.4244503437486098,0.028971427780936476,0.014583333333333334,0.0,0.0,0.014388094447603143,0.014583333333333334,0.0,0.0,0.0,0.0,19.18460392431317,19.18460392431317,0.0,0.0,0.0,0.014583333333333334
10.4,85.75141128184045,1.429190188030674,85.75141128184045,0.6779697771954074,1.429190188030674,0.029071339734444004,0.014583333333333334,0.0,0.0,0.01448800640111067,0.014583333333333334,0.0,0.0,0.0,0.0,19.18460392431317,19.18460392431317,0.0,0.0,0.0,0.014583333333333334
10.416666666666666,86.0334116691305,1.4338901944855083,86.0334116691305,0.6780493441039602,1.4338901944855083,0.029170366213261294,0.014583333333333334,0.0,0.0,0.01458703287992796,0.014583333333333334,0.0,0.0,0.0,0.0,19.18460392431317,19.18460392431317,0.0,0.0,0.0,0.014583333333333334
10.433333333333334,86.31300492241049,1.4385500820401746,86.31300492241049,0.6781266616574605,1.4385500820401746,0.02926850179300839,0.014583333333333334,0.0,0.0,0.014685168459675057,0.014583333333333334,0.0,0.0,0.0,0.0,19.18460392431317,19.18460392431317,0.0,0.0,0.0,0.014583333333333334
10.45,86.59017432638065,1.4431695721063442,86.59017432638065,0.6782017657540315,1.4431695721063442,0.029365741136664045,0.014583333333333334,0.0,0.0,0.014782407803330712,0.014583333333333334,0.0,0.0,0.0,0.0,19.18460392431317,19.18460392431317,0.0,0.0,0.0,0.014583333333333334
10.466666666666667,86.86490331564949,1.447748388594158,86.86490331564949,0.6782746923509277,1.447748388594158,0.029462078994157037,0.014583333333333334,0.0,0.0,0.014878745660823704,0.014583333333333334,0.0,0.0,0.0,0.0,19.18460392431317,19.18460392431317,0.0,0.0,0.0,0.014583333333333334
10.483333333333333,87.13717547555832,1.452286257925972,87.13717547555832,0.6783454774525343,1.452286257925972,0.02955751020193663,0.014583333333333334,0.0,0.0,0.014974176868603296,0.014583333333333334,0.0,0.0,0.0,0.0,19.18460392431317,19.18460392431317,0.0,0.0,0.0,0.014583333333333334
10.5,87.4069745429997,1.456782909049995,87.4069745429997,0.6784141570983935,1.456782909049995,0.029652029682523194,0.014583333333333334,0.0,0.0,0.01506869634918986,0.014583333333333334,0.0,0.0,0.0,0.0,19.18460392431317,19.18460392431317,0.0,0.0,0.0,0.014583333333333334
10.516666666666666,87.67428440722792,1.4612380734537986,87.67428440722792,0.678480767351261,1.4612380734537986,0.029745632444038748,0.014583333333333334,0.0,0.0,0.015162299110705414,0.014583333333333334,0.0,0.0,0.0,0.0,19.18460392431317,19.18460392431317,0.0,0.0,0.0,0.014583333333333334
10.533333333333333,87.93908911066346,1.4656514851777243,87.93908911066346,0.6785453442851949,1.4656514851777243,0.02983831357971876,0.014583333333333334,0.0,0.0,0.015254980246385427,0.014583333333333334,0.0,0.0,0.0,0.0,19.18460392431317,19.18460392431317,0.0,0.0,0.0,0.014583333333333334
10.55,88.20137284968965,1.4700228808281608,88.20137284968965,0.6786079239736796,1.4700228808281608,0.029930068267404922,0.014583333333333334,0.0,0.0,0.015346734934071588,0.014583333333333334,0.0,0.0,0.0,0.0,19.18460392431317,19.18460392431317,0.0,0.0,0.0,0.014583333333333334
10.566666666666666,88.46111997544259,1.4743519995907097,88.46111997544259,0.6786685424777887,1.4743519995907097,0.030020891769020116,0.014583333333333334,0.0,0.0,0.015437558435686782,0.014583333333333334,0.0,0.0,0.0,0.0,19.18460392431317,19.18460392431317,0.0,0.0,0.0,0.014583333333333334
10.583333333333334,88.71831499459375,1.4786385832432292,88.71831499459375,0.678727235834388,1.4786385832432292,0.03011077943002558,0.014583333333333334,0.0,0.0,0.015527446096692245,0.014583333333333334,0.0,0.0,0.0,0.0,19.18460392431317,19.18460392431317,0.0,0.0,0.0,0.014583333333333334
10.6,88.97294257012533,1.4828823761687555,88.97294257012533,0.6787840400443825,1.4828823761687555,0.030199726678861134,0.014583333333333334,0.0,0.0,0.0156163933455278,0.014583333333333334,0.0,0.0,0.0,0.0,19.18460392431317,19.18460392431317,0.0,0.0,0.0,0.014583333333333334
10.616666666666667,89.22498752209827,1.4870831253683046,89.22498752209827,0.6788389910610106,1.4870831253683046,0.030287729026368865,0.014583333333333334,0.0,0.0,0.01570439569303553,0.014583333333333334,0.0,0.0,0.0,0.0,19.18460392431317,19.18460392431317,0.0,0.0,0.0,0.014583333333333334
10.633333333333333,89.47443482841301,1.4912405804735502,89.47443482841301,0.6788921247781868,1.4912405804735502,0.03037478206520088,0.014583333333333334,0.0,0.0,0.015791448731867545,0.014583333333333334,0.0,0.0,0.0,0.0,19.18460392431317,19.18460392431317,0.0,0.0,0.0,0.014583333333333334
10.65,89.72126962556266,1.4953544937593777,89.72126962556266,0.6789434770188962,1.4953544937593777,0.03046088146921162,0.014583333333333334,0.0,0.0,0.015877548135878286,0.014583333333333334,0.0,0.0,0.0,0.0,19.18460392431317,19.18460392431317,0.0,0.0,0.0,0.014583333333333334
10.666666666666666,89.96547720937875,1.4994246201563124,89.96547720937875,0.6789930835236451,1.4994246201563124,0.03054602299283543,0.014583333333333334,0.0,0.0,0.015962689659502097,0.014583333333333334,0.0,0.0,0.0,0.0,19.18460392431317,19.18460392431317,0.0,0.0,0.0,0.014583333333333334
10.683333333333334,90.20704303576954,1.5034507172628258,90.20704303576954,0.6790409799389674,1.5034507172628258,0.030630202470449824,0.014583333333333334,0.0,0.0,0.01604686913711649,0.014583333333333334,0.0,0.0,0.0,0.0,19.18460392431317,19.18460392431317,0.0,0.0,0.0,0.014583333333333334
10.7,90.44595272145052,1.5074325453575088,90.44595272145052,0.6790872018059925,1.5074325453575088,0.030713415815725034,0.014583333333333334,0.0,0.0,0.0161300824823917,0.014583333333333334,0.0,0.0,0.0,0.0,19.18460392431317,19.18460392431317,0.0,0.0,0.0,0.014583333333333334
10.716666666666667,90.68219204466754,1.5113698674111258,90.68219204466754,0.6791317845490755,1.5113698674111258,0.03079565902096062,0.014583333333333334,0.0,0.0,0.016212325687627288,0.014583333333333334,0.0,0.0,0.0,0.0,19.18460392431317,19.18460392431317,0.0,0.0,0.0,0.014583333333333334
10.733333333333333,90.91574694591185,1.5152624490985307,90.91574694591185,0.6791747634644929,1.5152624490985307,0.030876928156409328,0.014583333333333334,0.0,0.0,0.016293594823075994,0.014583333333333334,0.0,0.0,0.0,0.0,19.18460392431317,19.18460392431317,0.0,0.0,0.0,0.014583333333333334
10.75,91.1466035286278,1.5191100588104631,91.1466035286278,0.679216173709207,1.5191100588104631,0.030957219369589294,0.014583333333333334,0.0,0.0,0.01637388603625596,0.014583333333333334,0.0,0.0,0.0,0.0,19.18460392431317,19.18460392431317,0.0,0.0,0.0,0.014583333333333334
10.766666666666666,91.37474805991242,1.522912467665207,91.37474805991242,0.6792560502897002,1.522912467665207,0.03103652888458474,0.014583333333333334,0.0,0.0,0.016453195551251406,0.014583333333333334,0.0,0.0,0.0,0.0,19.18460392431317,19.18460392431317,0.0,0.0,0.0,0.014583333333333334
10.783333333333333,91.6001669712073,1.5266694495201216,91.6001669712073,0.6792944280508841,1.5266694495201216,0.03111485300133601,0.014583333333333334,0.0,0.0,0.016531519668002675,0.014583333333333334,0.0,0.0,0.0,0.0,19.18460392431317,19.18460392431317,0.0,0.0,0.0,0.014583333333333334
10.8,91.82284685898246,1.530380780983041,91.82284685898246,0.6793313416650835,1.530380780983041,0.03119218809491952,0.014583333333333334,0.0,0.0,0.016608854761586186,0.014583333333333334,0.0,0.0,0.0,0.0,19.18460392431317,19.18460392431317,0.0,0.0,0.0,0.014583333333333334
10.816666666666666,92.04277448541224,1.5340462414235372,92.04277448541224,0.6793668256211,1.5340462414235372,0.03126853061481812,0.014583333333333334,0.0,0.0,0.01668519728148479,0.014583333333333334,0.0,0.0,0.0,0.0,19.18460392431317,19.18460392431317,0.0,0.0,0.0,0.014583333333333334
10.833333333333334,92.25993677904339,1.5376656129840565,92.25993677904339,0.679400914213356,1.5376656129840565,0.03134387708418267,0.014583333333333334,0.0,0.0,0.016760543750849333,0.014583333333333334,0.0,0.0,0.0,0.0,19.18460392431317,19.18460392431317,0.0,0.0,0.0,0.014583333333333334
10.85,92.47432083545473,1.5412386805909122,92.47432083545473,0.6794336415311233,1.5412386805909122,0.031418224099085124,0.014583333333333334,0.0,0.0,0.01683489076575179,0.014583333333333334,0.0,0.0,0.0,0.0,19.18460392431317,19.18460392431317,0.0,0.0,0.0,0.014583333333333334
10.866666666666667,92.68591391790915,1.5447652319651524,92.68591391790915,0.6794650414478377,1.5447652319651524,0.03149156832776421,0.014583333333333334,0.0,0.0,0.016908234994430876,0.014583333333333334,0.0,0.0,0.0,0.0,19.18460392431317,19.18460392431317,0.0,0.0,0.0,0.014583333333333334
10.883333333333333,92.8947034579968,1.54824505763328,92.8947034579968,0.679495147610502,1.54824505763328,0.03156390650986366,0.014583333333333334,0.0,0.0,0.016980573176530327,0.014583333333333334,0.0,0.0,0.0,0.0,19.18460392431317,19.18460392431317,0.0,0.0,0.0,0.014583333333333334
10.9,93.10067705627098,1.5516779509378498,93.10067705627098,0.6795239934291813,1.5516779509378498,0.031635235455664476,0.014583333333333334,0.0,0.0,0.017051902122331142,0.014583333333333334,0.0,0.0,0.0,0.0,19.18460392431317,19.18460392431317,0.0,0.0,0.0,0.014583333333333334
10.916666666666666,93.30382248287476,1.5550637080479128,93.30382248287476,0.6795516120665915,1.5550637080479128,0.03170555204531085,0.014583333333333334,0.0,0.0,0.017122218711977517,0.014583333333333334,0.0,0.0,0.0,0.0,19.18460392431317,19.18460392431317,0.0,0.0,0.0,0.014583333333333334
10.933333333333334,93.50412767816026,1.5584021279693376,93.50412767816026,0.6795780364277836,1.5584021279693376,0.031774853228031266,0.014583333333333334,0.0,0.0,0.017191519894697933,0.014583333333333334,0.0,0.0,0.0,0.0,19.18460392431317,19.18460392431317,0.0,0.0,0.0,0.014583333333333334
10.95,93.70158075329871,1.5616930125549786,93.70158075329871,0.6796032991499279,1.5616930125549786,0.03184313602135473,0.014583333333333334,0.0,0.0,0.017259802688021398,0.014583333333333334,0.0,0.0,0.0,0.0,19.18460392431317,19.18460392431317,0.0,0.0,0.0,0.014583333333333334
10.966666666666667,93.89616999088298,1.5649361665147163,93.89616999088298,0.679627432592198,1.5649361665147163,0.03191039751032323,0.014583333333333334,0.0,0.0,0.017327064176989895,0.014583333333333334,0.0,0.0,0.0,0.0,19.18460392431317,19.18460392431317,0.0,0.0,0.0,0.014583333333333334
10.983333333333333,94.08788384552079,1.5681313974253466,94.08788384552079,0.6796504688257595,1.5681313974253466,0.03197663484670058,0.014583333333333334,0.0,0.0,0.017393301513367248,0.014583333333333334,0.0,0.0,0.0,0.0,19.18460392431317,19.18460392431317,0.0,0.0,0.0,0.014583333333333334
11.0,94.27671094442034,1.571278515740339,94.27671094442034,0.6796724396238629,1.571278515740339,0.032041845248178775,0.014583333333333334,0.0,0.0,0.017458511914845442,0.014583333333333334,0.0,0.0,0.0,0.0,19.18460392431317,19.18460392431317,0.0,0.0,0.0,0.014583333333333334
11.016666666666666,94.4626400879666,1.5743773347994434,94.4626400879666,0.6796933764520461,1.5743773347994434,0.03210602599758197,0.014583333333333334,0.0,0.0,0.017522692664248638,0.014583333333333334,0.0,0.0,0.0,0.0,19.18460392431317,19.18460392431317,0.0,0.0,0.0,0.014583333333333334
11.033333333333333,94.64566025028978,1.577427670838163,94.64566025028978,0.6797133104584467,1.577427670838163,0.032169174442069154,0.014583333333333334,0.0,0.0,0.01758584110873582,0.014583333333333334,0.0,0.0,0.0,0.0,19.18460392431317,19.18460392431317,0.0,0.0,0.0,0.014583333333333334
11.05,94.82576057982452,1.5804293429970753,94.82576057982452,0.6797322724642271,1.5804293429970753,0.032231287992335655,0.014583333333333334,0.0,0.0,0.017647954659002322,0.014583333333333334,0.0,0.0,0.0,0.0,19.18460392431317,19.18460392431317,0.0,0.0,0.0,0.014583333333333334
11.066666666666666,95.00293039986101,1.583382173331017,95.00293039986101,0.6797502929541137,1.583382173331017,0.032292364121814576,0.014583333333333334,0.0,0.0,0.017709030788481243,0.014583333333333334,0.0,0.0,0.0,0.0,19.18460392431317,19.18460392431317,0.0,0.0,0.0,0.014583333333333334
11.083333333333334,95.17715920908711,1.5862859868181185,95.17715920908711,0.6797674020670551,1.5862859868181185,0.03235240036587841,0.014583333333333334,0.0,0.0,0.017769067032545074,0.014583333333333334,0.0,0.0,0.0,0.0,19.18460392431317,19.18460392431317,0.0,0.0,0.0,0.014583333333333334
11.1,95.34843668212187,1.5891406113686979,95.34843668212187,0.6797836295869978,1.5891406113686979,0.03241139432104153,0.014583333333333334,0.0,0.0,0.017828060987708196,0.014583333333333334,0.0,0.0,0.0,0.0,19.18460392431317,19.18460392431317,0.0,0.0,0.0,0.014583333333333334
11.116666666666667,95.51675267004023,1.5919458778340039,95.51675267004023,0.6797990049337841,1.5919458778340039,0.032469343644164275,0.014583333333333334,0.0,0.0,0.01788601031083094,0.014583333333333334,0.0,0.0,0.0,0.0,19.18460392431317,19.18460392431317,0.0,0.0,0.0,0.014583333333333334
11.133333333333333,95.68209720088899,1.5947016200148165,95.68209720088899,0.6798135571541744,1.5947016200148165,0.032526246051659075,0.014583333333333334,0.0,0.0,0.01794291271832574,0.014583333333333334,0.0,0.0,0.0,0.0,19.18460392431317,19.18460392431317,0.0,0.0,0.0,0.014583333333333334
11.15,95.84446048019394,1.597407674669899,95.84446048019394,0.6798273149129933,1.597407674669899,0.03258209931869925,0.014583333333333334,0.0,0.0,0.017998765985365917,0.014583333333333334,0.0,0.0,0.0,0.0,19.18460392431317,19.18460392431317,0.0,0.0,0.0,0.014583333333333334
11.166666666666666,96.00383289145815,1.6000638815243025,96.00383289145815,0.6798403064844061,1.6000638815243025,0.03263690127843115,0.014583333333333334,0.0,0.0,0.018053567945097816,0.014583333333333334,0.0,0.0,0.0,0.0,19.18460392431317,19.18460392431317,0.0,0.0,0.0,0.014583333333333334
11.183333333333334,96.16020499665129,1.6026700832775214,96.16020499665129,0.6798525597433226,1.6026700832775214,0.032690649821190125,0.014583333333333334,0.0,0.0,0.01810731648785679,0.014583333333333334,0.0,0.0,0.0,0.0,19.18460392431317,19.18460392431317,0.0,0.0,0.0,0.014583333333333334
11.2,96.31356753669004,1.6052261256115008,96.31356753669004,0.6798641021569346,1.6052261256115008,0.032743342893720905,0.014583333333333334,0.0,0.0,0.01816000956038757,0.014583333333333334,0.0,0.0,0.0,0.0,19.18460392431317,19.18460392431317,0.0,0.0,0.0,0.014583333333333334
11.216666666666667,96.46391143190971,1.607731857198495,96.46391143190971,0.6798749607763862,1.607731857198495,0.03279497849840304,0.014583333333333334,0.0,0.0,0.01821164516506971,0.014583333333333334,0.0,0.0,0.0,0.0,19.18460392431317,19.18460392431317,0.0,0.0,0.0,0.014583333333333334
11.233333333333333,96.61122778252647,1.6101871297087744,96.61122778252647,0.6798851622285809,1.6101871297087744,0.032845554692481946,0.014583333333333334,0.0,0.0,0.018262221359148612,0.014583333333333334,0.0,0.0,0.0,0.0,19.18460392431317,19.18460392431317,0.0,0.0,0.0,0.014583333333333334
11.25,96.75550786909103,1.6125917978181838,96.75550786909103,0.6798947327081247,1.6125917978181838,0.03289506958730598,0.014583333333333334,0.0,0.0,0.018311736253972647,0.014583333333333334,0.0,0.0,0.0,0.0,19.18460392431317,19.18460392431317,0.0,0.0,0.0,0.014583333333333334
11.266666666666666,96.89674315293286,1.6149457192155476,96.89674315293286,0.6799036979694113,1.6149457192155476,0.032943521347570406,0.014583333333333334,0.0,0.0,0.018360188014237073,0.014583333333333334,0.0,0.0,0.0,0.0,19.18460392431317,19.18460392431317,0.0,0.0,0.0,0.014583333333333334
11.283333333333333,97.03492527659554,1.6172487546099257,97.03492527659554,0.6799120833188463,1.6172487546099257,0.03299090819056839,0.014583333333333334,0.0,0.0,0.018407574857235053,0.014583333333333334,0.0,0.0,0.0,0.0,19.18460392431317,19.18460392431317,0.0,0.0,0.0,0.014583333333333334
11.3,97.17004606426295,1.6195007677377158,97.17004606426295,0.6799199136072162,1.6195007677377158,0.033037228385449986,0.014583333333333334,0.0,0.0,0.018453895052116653,0.014583333333333334,0.0,0.0,0.0,0.0,19.18460392431317,19.18460392431317,0.0,0.0,0.0,0.014583333333333334
11.316666666666666,97.30209752217618,1.621701625369603,97.30209752217618,0.6799272132222016,1.621701625369603,0.03308248025248932,0.014583333333333334,0.0,0.0,0.018499146919155985,0.014583333333333334,0.0,0.0,0.0,0.0,19.18460392431317,19.18460392431317,0.0,0.0,0.0,0.014583333333333334
11.333333333333334,97.43107183904148,1.623851197317358,97.43107183904148,0.6799340060810384,1.623851197317358,0.033126662162360695,0.014583333333333334,0.0,0.0,0.018543328829027362,0.014583333333333334,0.0,0.0,0.0,0.0,19.18460392431317,19.18460392431317,0.0,0.0,0.0,0.014583333333333334
11.35,97.55696138642878,1.6259493564404797,97.55696138642878,0.679940315623326,1.6259493564404797,0.033169772535424046,0.014583333333333334,0.0,0.0,0.018586439202090712,0.014583333333333334,0.0,0.0,0.0,0.0,19.18460392431317,19.18460392431317,0.0,0.0,0.0,0.014583333333333334
11.366666666666667,97.67975871916116,1.6279959786526859,97.67975871916116,0.679946164803987,1.6279959786526859,0.03321180984102032,0.014583333333333334,0.0,0.0,0.018628476507686984,0.014583333333333334,0.0,0.0,0.0,0.0,19.18460392431317,19.18460392431317,0.0,0.0,0.0,0.014583333333333334
11.383333333333333,97.79945657569485,1.6299909429282475,97.79945657569485,0.6799515760863776,1.6299909429282475,0.033252772596777155,0.014583333333333334,0.0,0.0,0.018669439263443822,0.014583333333333334,0.0,0.0,0.0,0.0,19.18460392431317,19.18460392431317,0.0,0.0,0.0,0.014583333333333334
11.4,97.91604787849025,1.6319341313081708,97.91604787849025,0.6799565714355525,1.6319341313081708,0.03329265936792561,0.014583333333333334,0.0,0.0,0.018709326034592275,0.014583333333333334,0.0,0.0,0.0,0.0,19.18460392431317,19.18460392431317,0.0,0.0,0.0,0.014583333333333334
11.416666666666666,98.02952573437311,1.6338254289062184,98.02952573437311,0.6799611723116851,1.6338254289062184,0.03333146876662808,0.014583333333333334,0.0,0.0,0.01874813543329475,0.014583333333333334,0.0,0.0,0.0,0.0,19.18460392431317,19.18460392431317,0.0,0.0,0.0,0.014583333333333334
11.433333333333334,98.13988343488714,1.6356647239147857,98.13988343488714,0.679965399663642,1.6356647239147857,0.03336919945131827,0.014583333333333334,0.0,0.0,0.018785866117984936,0.014583333333333334,0.0,0.0,0.0,0.0,19.18460392431317,19.18460392431317,0.0,0.0,0.0,0.014583333333333334
11.45,98.24711445663635,1.6374519076106058,98.24711445663635,0.6799692739227187,1.6374519076106058,0.03340585012605324,0.014583333333333334,0.0,0.0,0.018822516792719905,0.014583333333333334,0.0,0.0,0.0,0.0,19.18460392431317,19.18460392431317,0.0,0.0,0.0,0.014583333333333334
11.466666666666667,98.35121246161887,1.6391868743603144,98.35121246161887,0.6799728149965328,1.6391868743603144,0.033441419539878524,0.014583333333333334,0.0,0.0,0.01885808620654519,0.014583333333333334,0.0,0.0,0.0,0.0,19.18460392431317,19.18460392431317,0.0,0.0,0.0,0.014583333333333334
11.483333333333333,98.45217129755062,1.6408695216258435,98.45217129755062,0.6799760422630788,1.6408695216258435,0.0334759064862062,0.014583333333333334,0.0,0.0,0.018892573152872866,0.014583333333333334,0.0,0.0,0.0,0.0,19.18460392431317,19.18460392431317,0.0,0.0,0.0,0.014583333333333334
11.5,98.5499849981801,1.6424997499696683,98.5499849981801,0.679978974564945,1.6424997499696683,0.03350930980220683,0.014583333333333334,0.0,0.0,0.018925976468873496,0.014583333333333334,0.0,0.0,0.0,0.0,19.18460392431317,19.18460392431317,0.0,0.0,0.0,0.014583333333333334
11.516666666666666,98.6446477835934,1.64407746305989,98.6446477835934,0.6799816302036948,1.64407746305989,0.033541628368215386,0.014583333333333334,0.0,0.0,0.018958295034882052,0.014583333333333334,0.0,0.0,0.0,0.0,19.18460392431317,19.18460392431317,0.0,0.0,0.0,0.014583333333333334
11.533333333333333,98.73615406050983,1.6456025676751638,98.73615406050983,0.6799840269344124,1.6456025676751638,0.03357286110715172,0.014583333333333334,0.0,0.0,0.018989527773818387,0.014583333333333334,0.0,0.0,0.0,0.0,19.18460392431317,19.18460392431317,0.0,0.0,0.0,0.014583333333333334
11.55,98.82449842256814,1.647074973709469,98.82449842256814,0.6799861819604146,1.647074973709469,0.033603006983955956,0.014583333333333334,0.0,0.0,0.019019673650622623,0.014583333333333334,0.0,0.0,0.0,0.0,19.18460392431317,19.18460392431317,0.0,0.0,0.0,0.014583333333333334
11.566666666666666,98.90967565060299,1.6484945941767164,98.90967565060299,0.6799881119281311,1.6484945941767164,0.033632065005039194,0.014583333333333334,0.0,0.0,0.01904873167170586,0.014583333333333334,0.0,0.0,0.0,0.0,19.18460392431317,19.18460392431317,0.0,0.0,0.0,0.014583333333333334
11.583333333333334,98.9916807129122,1.6498613452152033,98.9916807129122,0.6799898329221529,1.6498613452152033,0.03366003421774991,0.014583333333333334,0.0,0.0,0.019076700884416573,0.014583333333333334,0.0,0.0,0.0,0.0,19.18460392431317,19.18460392431317,0.0,0.0,0.0,0.014583333333333334
11.6,99.07050876551412,1.651175146091902,99.07050876551412,0.6799913604604502,1.651175146091902,0.033686913709856436,0.014583333333333334,0.0,0.0,0.019103580376523103,0.014583333333333334,0.0,0.0,0.0,0.0,19.18460392431317,19.18460392431317,0.0,0.0,0.0,0.014583333333333334
11.616666666666667,99.14615515239575,1.6524359192065958,99.14615515239575,0.6799927094897622,1.6524359192065958,0.03371270260904587,0.014583333333333334,0.0,0.0,0.01912936927571254,0.014583333333333334,0.0,0.0,0.0,0.0,19.18460392431317,19.18460392431317,0.0,0.0,0.0,0.014583333333333334
11.633333333333333,99.21861540575094,1.653643590095849,99.21861540575094,0.6799938943811588,1.653643590095849,0.03373740008243975,0.014583333333333334,0.0,0.0,0.019154066749106417,0.014583333333333334,0.0,0.0,0.0,0.0,19.18460392431317,19.18460392431317,0.0,0.0,0.0,0.014583333333333334
11.65,99.28788524620931,1.6547980874368218,99.28788524620931,0.6799949289257744,1.6547980874368218,0.03376100533612689,0.014583333333333334,0.0,0.0,0.019177672002793553,0.014583333333333334,0.0,0.0,0.0,0.0,19.18460392431317,19.18460392431317,0.0,0.0,0.0,0.014583333333333334
11.666666666666666,99.35396058305528,1.6558993430509215,99.35396058305528,0.6799958263307175,1.6558993430509215,0.03378351761471358,0.014583333333333334,0.0,0.0,0.019200184281380244,0.014583333333333334,0.0,0.0,0.0,0.0,19.18460392431317,19.18460392431317,0.0,0.0,0.0,0.014583333333333334
11.683333333333334,99.41683751443765,1.656947291907294,99.41683751443765,0.6799965992151544,1.656947291907294,0.03380493620089168,0.014583333333333334,0.0,0.0,0.019221602867558345,0.014583333333333334,0.0,0.0,0.0,0.0,19.18460392431317,19.18460392431317,0.0,0.0,0.0,0.014583333333333334
11.7,99.4765123275694,1.6579418721261565,99.4765123275694,0.6799972596065682,1.6579418721261565,0.033825260415024594,0.014583333333333334,0.0,0.0,0.01924192708169126,0.014583333333333334,0.0,0.0,0.0,0.0,19.18460392431317,19.18460392431317,0.0,0.0,0.0,0.014583333333333334
11.716666666666667,99.53298149891793,1.6588830249819655,99.53298149891793,0.6799978189371966,1.6588830249819655,0.03384448961475174,0.014583333333333334,0.0,0.0,0.019261156281418407,0.014583333333333334,0.0,0.0,0.0,0.0,19.18460392431317,19.18460392431317,0.0,0.0,0.0,0.014583333333333334
11.733333333333333,99.58624169438556,1.659770694906426,99.58624169438556,0.6799982880406454,1.659770694906426,0.03386262319461153,0.014583333333333334,0.0,0.0,0.019279289861278196,0.014583333333333334,0.0,0.0,0.0,0.0,19.18460392431317,19.18460392431317,0.0,0.0,0.0,0.014583333333333334
11.75,99.63628976948043,1.6606048294913405,99.63628976948043,0.6799986771486822,1.6606048294913405,0.0338796605856833,0.014583333333333334,0.0,0.0,0.019296327252349966,0.014583333333333334,0.0,0.0,0.0,0.0,19.18460392431317,19.18460392431317,0.0,0.0,0.0,0.014583333333333334
11.766666666666666,99.68312276947748,1.6613853794912912,99.68312276947748,0.6799989958882078,1.6613853794912912,0.03389560125524834,0.014583333333333334,0.0,0.0,0.019312267921915007,0.014583333333333334,0.0,0.0,0.0,0.0,19.18460392431317,19.18460392431317,0.0,0.0,0.0,0.014583333333333334
11.783333333333333,99.72673792957002,1.662112298826167,99.72673792957002,0.6799992532784087,1.662112298826167,0.03391044470647023,0.014583333333333334,0.0,0.0,0.019327111373136894,0.014583333333333334,0.0,0.0,0.0,0.0,19.18460392431317,19.18460392431317,0.0,0.0,0.0,0.014583333333333334
11.8,99.76713267501137,1.6627855445835227,99.76713267501137,0.6799994577280896,1.6627855445835227,0.03392419047809486,0.014583333333333334,0.0,0.0,0.01934085714476153,0.014583333333333334,0.0,0.0,0.0,0.0,19.18460392431317,19.18460392431317,0.0,0.0,0.0,0.014583333333333334
11.816666666666666,99.80430462124681,1.6634050770207802,99.80430462124681,0.6799996170331873,1.6634050770207802,0.033936838144170124,0.014583333333333334,0.0,0.0,0.01935350481083679,0.014583333333333334,0.0,0.0,0.0,0.0,19.18460392431317,19.18460392431317,0.0,0.0,0.0,0.014583333333333334
11.833333333333334,99.83825157403585,1.6639708595672642,99.83825157403585,0.679999738374467,1.6639708595672642,0.03394838731378568,0.014583333333333334,0.0,0.0,0.019365053980452348,0.014583333333333334,0.0,0.0,0.0,0.0,19.18460392431317,19.18460392431317,0.0,0.0,0.0,0.014583333333333334
11.85,99.86897152956469,1.664482858826078,99.86897152956469,0.6799998283153994,1.664482858826078,0.033958837630832836,0.014583333333333334,0.0,0.0,0.019375504297499502,0.014583333333333334,0.0,0.0,0.0,0.0,19.18460392431317,19.18460392431317,0.0,0.0,0.0,0.014583333333333334
11.866666666666667,99.89646267454899,1.6649410445758164,99.89646267454899,0.6799998928002224,1.6649410445758164,0.03396818877378475,0.014583333333333334,0.0,0.0,0.019384855440451414,0.014583333333333334,0.0,0.0,0.0,0.0,19.18460392431317,19.18460392431317,0.0,0.0,0.0,0.014583333333333334
11.883333333333333,99.92072338632669,1.6653453897721113,99.92072338632669,0.6799999371521853,1.6653453897721113,0.033976440455497074,0.014583333333333334,0.0,0.0,0.01939310712216374,0.014583333333333334,0.0,0.0,0.0,0.0,19.18460392431317,19.18460392431317,0.0,0.0,0.0,0.014583333333333334
11.9,99.94175223294144,1.665695870549024,99.94175223294144,0.6799999660719763,1.665695870549024,0.03398359242302933,0.014583333333333334,0.0,0.0,0.019400259089695993,0.014583333333333334,0.0,0.0,0.0,0.0,19.18460392431317,19.18460392431317,0.0,0.0,0.0,0.014583333333333334
11.916666666666666,99.95954797321583,1.6659924662202639,99.95954797321583,0.6799999836363353,1.6659924662202639,0.03398964445748687,0.014583333333333334,0.0,0.0,0.019406311124153534,0.014583333333333334,0.0,0.0,0.0,0.0,19.18460392431317,19.18460392431317,0.0,0.0,0.0,0.014583333333333334
11.933333333333334,99.97410955681508,1.6662351592802513,99.97410955681508,0.6799999932968496,1.6662351592802513,0.03399459637388377,0.014583333333333334,0.0,0.0,0.01941126304055044,0.014583333333333334,0.0,0.0,0.0,0.0,19.18460392431317,19.18460392431317,0.0,0.0,0.0,0.014583333333333334
11.95,99.98543612430092,1.6664239354050152,99.98543612430092,0.6799999978789353,1.6664239354050152,0.033998448021026625,0.014583333333333334,0.0,0.0,0.019415114687693292,0.014583333333333334,0.0,0.0,0.0,0.0,19.18460392431317,19.18460392431317,0.0,0.0,0.0,0.014583333333333334
11.966666666666667,99.99352700717571,1.6665587834529285,99.99352700717571,0.6799999995810037,1.6665587834529285,0.034001199281419425,0.014583333333333334,0.0,0.0,0.01941786594808609,0.014583333333333334,0.0,0.0,0.0,0.0,19.18460392431317,19.18460392431317,0.0,0.0,0.0,0.014583333333333334
11.983333333333333,99.99838172791657,1.666639695465276,99.99838172791657,0.679999999973812,1.666639695465276,0.034002850071189375,0.014583333333333334,0.0,0.0,0.01941951673785604,0.014583333333333334,0.0,0.0,0.0,0.0,19.18460392431317,19.18460392431317,0.0,0.0,0.0,0.014583333333333334
12.0,100.0,1.6666666666666667,100.0,0.68,1.6666666666666667,0.034003400340034004,0.014583333333333334,0.0,0.0,0.01942006700670067,0.014583333333333334,0.0,0.0,0.0,0.0,19.18460392431317,19.18460392431317,0.0,0.0,0.0,0.014583333333333334
12.016666666666666,99.99838172791657,1.666639695465276,99.99838172791657,0.679999999973812,1.666639695465276,0.034002850071189375,0.014583333333333334,0.0,0.0,0.01941951673785604,0.014583333333333334,0.0,0.0,0.0,0.0,19.18460392431317,19.18460392431317,0.0,0.0,0.0,0.014583333333333334
12.033333333333333,99.99352700717571,1.6665587834529285,99.99352700717571,0.6799999995810037,1.6665587834529285,0.034001199281419425,0.014583333333333334,0.0,0.0,0.01941786594808609,0.014583333333333334,0.0,0.0,0.0,0.0,19.18460392431317,19.18460392431317,0.0,0.0,0.0,0.014583333333333334
12.05,99.98543612430092,1.6664239354050152,99.98543612430092,0.6799999978789353,1.6664239354050152,0.033998448021026625,0.014583333333333334,0.0,0.0,0.019415114687693292,0.014583333333333334,0.0,0.0,0.0,0.0,19.18460392431317,19.18460392431317,0.0,0.0,0.0,0.014583333333333334
12.066666666666666,99.97410955681508,1.6662351592802513,99.97410955681508,0.6799999932968496,1.6662351592802513,0.03399459637388377,0.014583333333333334,0.0,0.0,0.01941126304055044,0.014583333333333334,0.0,0.0,0.0,0.0,19.18460392431317,19.18460392431317,0.0,0.0,0.0,0.014583333333333334
12.083333333333334,99.95954797321583,1.6659924662202639,99.95954797321583,0.6799999836363353,1.6659924662202639,0.03398964445748687,0.014583333333333334,0.0,0.0,0.019406311124153534,0.014583333333333334,0.0,0.0,0.0,0.0,19.18460392431317,19.18460392431317,0.0,0.0,0.0,0.014583333333333334
12.1,99.94175223294144,1.665695870549024,99.94175223294144,0.6799999660719763,1.665695870549024,0.03398359242302933,0.014583333333333334,0.0,0.0,0.019400259089695993,0.014583333333333334,0.0,0.0,0.0,0.0,19.18460392431317,19.18460392431317,0.0,0.0,0.0,0.014583333333333334
12.116666666666667,99.92072338632669,1.6653453897721113,99.92072338632669,0.6799999371521853,1.6653453897721113,0.033976440455497074,0.014583333333333334,0.0,0.0,0.01939310712216374,0.014583333333333334,0.0,0.0,0.0,0.0,19.18460392431317,19.18460392431317,0.0,0.0,0.0,0.014583333333333334
12.133333333333333,99.89646267454899,1.6649410445758164,99.89646267454899,0.6799998928002224,1.6649410445758164,0.03396818877378475,0.014583333333333334,0.0,0.0,0.019384855440451414,0.014583333333333334,0.0,0.0,0.0,0.0,19.18460392431317,19.18460392431317,0.0,0.0,0.0,0.014583333333333334
12.15,99.86897152956469,1.664482858826078,99.86897152956469,0.6799998283153994,1.664482858826078,0.033958837630832836,0.014583333333333334,0.0,0.0,0.019375504297499502,0.014583333333333334,0.0,0.0,0.0,0.0,19.18460392431317,19.18460392431317,0.0,0.0,0.0,0.014583333333333334
12.166666666666666,99.83825157403585,1.6639708595672642,99.83825157403585,0.679999738374467,1.6639708595672642,0.03394838731378568,0.014583333333333334,0.0,0.0,0.019365053980452348,0.014583333333333334,0.0,0.0,0.0,0.0,19.18460392431317,19.18460392431317,0.0,0.0,0.0,0.014583333333333334
12.183333333333334,99.80430462124681,1.6634050770207802,99.80430462124681,0.6799996170331873,1.6634050770207802,0.033936838144170124,0.014583333333333334,0.0,0.0,0.01935350481083679,0.014583333333333334,0.0,0.0,0.0,0.0,19.18460392431317,19.18460392431317,0.0,0.0,0.0,0.014583333333333334
12.2,99.76713267501137,1.6627855445835227,99.76713267501137,0.6799994577280896,1.6627855445835227,0.03392419047809486,0.014583333333333334,0.0,0.0,0.01934085714476153,0.014583333333333334,0.0,0.0,0.0,0.0,19.18460392431317,19.18460392431317,0.0,0.0,0.0,0.014583333333333334
12.216666666666667,99.72673792957002,1.662112298826167,99.72673792957002,0.6799992532784087,1.662112298826167,0.03391044470647023,0.014583333333333334,0.0,0.0,0.019327111373136894,0.014583333333333334,0.0,0.0,0.0,0.0,19.18460392431317,19.18460392431317,0.0,0.0,0.0,0.014583333333333334
12.233333333333333,99.68312276947749,1.6613853794912916,99.68312276947749,0.6799989958882078,1.6613853794912916,0.03389560125524835,0.014583333333333334,0.0,0.0,0.019312267921915014,0.014583333333333334,0.0,0.0,0.0,0.0,19.18460392431317,19.18460392431317,0.0,0.0,0.0,0.014583333333333334
12.25,99.63628976948043,1.6606048294913405,99.63628976948043,0.6799986771486822,1.6606048294913405,0.0338796605856833,0.014583333333333334,0.0,0.0,0.019296327252349966,0.014583333333333334,0.0,0.0,0.0,0.0,19.18460392431317,19.18460392431317,0.0,0.0,0.0,0.014583333333333334
12.266666666666666,99.58624169438558,1.6597706949064264,99.58624169438558,0.6799982880406454,1.6597706949064264,0.03386262319461153,0.014583333333333334,0.0,0.0,0.019279289861278196,0.014583333333333334,0.0,0.0,0.0,0.0,19.18460392431317,19.18460392431317,0.0,0.0,0.0,0.014583333333333334
12.283333333333333,99.53298149891793,1.6588830249819655,99.53298149891793,0.6799978189371966,1.6588830249819655,0.03384448961475174,0.014583333333333334,0.0,0.0,0.019261156281418407,0.014583333333333334,0.0,0.0,0.0,0.0,19.18460392431317,19.18460392431317,0.0,0.0,0.0,0.014583333333333334
12.3,99.4765123275694,1.6579418721261565,99.4765123275694,0.6799972596065682,1.6579418721261565,0.033825260415024594,0.014583333333333334,0.0,0.0,0.01924192708169126,0.014583333333333334,0.0,0.0,0.0,0.0,19.18460392431317,19.18460392431317,0.0,0.0,0.0,0.014583333333333334
12.316666666666666,99.41683751443765,1.656947291907294,99.41683751443765,0.6799965992151544,1.656947291907294,0.03380493620089168,0.014583333333333334,0.0,0.0,0.019221602867558345,0.014583333333333334,0.0,0.0,0.0,0.0,19.18460392431317,19.18460392431317,0.0,0.0,0.0,0.014583333333333334
12.333333333333334,99.35396058305528,1.6558993430509215,99.35396058305528,0.6799958263307175,1.6558993430509215,0.03378351761471358,0.014583333333333334,0.0,0.0,0.019200184281380244,0.014583333333333334,0.0,0.0,0.0,0.0,19.18460392431317,19.18460392431317,0.0,0.0,0.0,0.014583333333333334
12.35,99.28788524620931,1.6547980874368218,99.28788524620931,0.6799949289257744,1.6547980874368218,0.03376100533612689,0.014583333333333334,0.0,0.0,0.019177672002793553,0.014583333333333334,0.0,0.0,0.0,0.0,19.18460392431317,19.18460392431317,0.0,0.0,0.0,0.014583333333333334
12.366666666666667,99.21861540575095,1.6536435900958493,99.21861540575095,0.6799938943811588,1.6536435900958493,0.03373740008243976,0.014583333333333334,0.0,0.0,0.019154066749106424,0.014583333333333334,0.0,0.0,0.0,0.0,19.18460392431317,19.18460392431317,0.0,0.0,0.0,0.014583333333333334
12.383333333333333,99.14615515239575,1.6524359192065958,99.14615515239575,0.6799927094897622,1.6524359192065958,0.03371270260904587,0.014583333333333334,0.0,0.0,0.01912936927571254,0.014583333333333334,0.0,0.0,0.0,0.0,19.18460392431317,19.18460392431317,0.0,0.0,0.0,0.014583333333333334
12.4,99.07050876551415,1.6511751460919024,99.07050876551415,0.6799913604604502,1.6511751460919024,0.03368691370985645,0.014583333333333334,0.0,0.0,0.019103580376523117,0.014583333333333334,0.0,0.0,0.0,0.0,19.18460392431317,19.18460392431317,0.0,0.0,0.0,0.014583333333333334
12.416666666666666,98.9916807129122,1.6498613452152033,98.9916807129122,0.6799898329221529,1.6498613452152033,0.03366003421774991,0.014583333333333334,0.0,0.0,0.019076700884416573,0.014583333333333334,0.0,0.0,0.0,0.0,19.18460392431317,19.18460392431317,0.0,0.0,0.0,0.014583333333333334
12.433333333333334,98.90967565060299,1.6484945941767164,98.90967565060299,0.6799881119281311,1.6484945941767164,0.033632065005039194,0.014583333333333334,0.0,0.0,0.01904873167170586,0.014583333333333334,0.0,0.0,0.0,0.0,19.18460392431317,19.18460392431317,0.0,0.0,0.0,0.014583333333333334
12.45,98.82449842256814,1.647074973709469,98.82449842256814,0.6799861819604146,1.647074973709469,0.033603006983955956,0.014583333333333334,0.0,0.0,0.019019673650622623,0.014583333333333334,0.0,0.0,0.0,0.0,19.18460392431317,19.18460392431317,0.0,0.0,0.0,0.014583333333333334
12.466666666666667,98.73615406050985,1.645602567675164,98.73615406050985,0.6799840269344124,1.645602567675164,0.03357286110715173,0.014583333333333334,0.0,0.0,0.018989527773818394,0.014583333333333334,0.0,0.0,0.0,0.0,19.18460392431317,19.18460392431317,0.0,0.0,0.0,0.014583333333333334
12.483333333333333,98.6446477835934,1.64407746305989,98.6446477835934,0.6799816302036948,1.64407746305989,0.033541628368215386,0.014583333333333334,0.0,0.0,0.018958295034882052,0.014583333333333334,0.0,0.0,0.0,0.0,19.18460392431317,19.18460392431317,0.0,0.0,0.0,0.014583333333333334
12.5,98.54998499818012,1.6424997499696687,98.54998499818012,0.679978974564945,1.6424997499696687,0.03350930980220684,0.014583333333333334,0.0,0.0,0.018925976468873503,0.014583333333333334,0.0,0.0,0.0,0.0,19.18460392431317,19.18460392431317,0.0,0.0,0.0,0.014583333333333334
12.516666666666666,98.45217129755063,1.640869521625844,98.45217129755063,0.6799760422630788,1.640869521625844,0.03347590648620621,0.014583333333333334,0.0,0.0,0.018892573152872873,0.014583333333333334,0.0,0.0,0.0,0.0,19.18460392431317,19.18460392431317,0.0,0.0,0.0,0.014583333333333334
12.533333333333333,98.35121246161887,1.6391868743603144,98.35121246161887,0.6799728149965328,1.6391868743603144,0.033441419539878524,0.014583333333333334,0.0,0.0,0.01885808620654519,0.014583333333333334,0.0,0.0,0.0,0.0,19.18460392431317,19.18460392431317,0.0,0.0,0.0,0.014583333333333334
12.55,98.24711445663637,1.637451907610606,98.24711445663637,0.6799692739227187,1.637451907610606,0.033405850126053245,0.014583333333333334,0.0,0.0,0.01882251679271991,0.014583333333333334,0.0,0.0,0.0,0.0,19.18460392431317,19.18460392431317,0.0,0.0,0.0,0.014583333333333334
12.566666666666666,98.13988343488714,1.6356647239147857,98.13988343488714,0.679965399663642,1.6356647239147857,0.03336919945131827,0.014583333333333334,0.0,0.0,0.018785866117984936,0.014583333333333334,0.0,0.0,0.0,0.0,19.18460392431317,19.18460392431317,0.0,0.0,0.0,0.014583333333333334
12.583333333333334,98.02952573437311,1.6338254289062184,98.02952573437311,0.6799611723116851,1.6338254289062184,0.03333146876662808,0.014583333333333334,0.0,0.0,0.01874813543329475,0.014583333333333334,0.0,0.0,0.0,0.0,19.18460392431317,19.18460392431317,0.0,0.0,0.0,0.014583333333333334
12.6,97.91604787849025,1.6319341313081708,97.91604787849025,0.6799565714355525,1.6319341313081708,0.03329265936792561,0.014583333333333334,0.0,0.0,0.018709326034592275,0.014583333333333334,0.0,0.0,0.0,0.0,19.18460392431317,19.18460392431317,0.0,0.0,0.0,0.014583333333333334
12.616666666666667,97.79945657569486,1.6299909429282478,97.79945657569486,0.6799515760863776,1.6299909429282478,0.033252772596777155,0.014583333333333334,0.0,0.0,0.018669439263443822,0.014583333333333334,0.0,0.0,0.0,0.0,19.18460392431317,19.18460392431317,0.0,0.0,0.0,0.014583333333333334
12.633333333333333,97.67975871916116,1.6279959786526859,97.67975871916116,0.679946164803987,1.6279959786526859,0.03321180984102032,0.014583333333333334,0.0,0.0,0.018628476507686984,0.014583333333333334,0.0,0.0,0.0,0.0,19.18460392431317,19.18460392431317,0.0,0.0,0.0,0.014583333333333334
12.65,97.55696138642878,1.6259493564404797,97.55696138642878,0.679940315623326,1.6259493564404797,0.033169772535424046,0.014583333333333334,0.0,0.0,0.018586439202090712,0.014583333333333334,0.0,0.0,0.0,0.0,19.18460392431317,19.18460392431317,0.0,0.0,0.0,0.014583333333333334
12.666666666666666,97.43107183904148,1.623851197317358,97.43107183904148,0.6799340060810384,1.623851197317358,0.033126662162360695,0.014583333333333334,0.0,0.0,0.018543328829027362,0.014583333333333334,0.0,0.0,0.0,0.0,19.18460392431317,19.18460392431317,0.0,0.0,0.0,0.014583333333333334
12.683333333333334,97.30209752217618,1.621701625369603,97.30209752217618,0.6799272132222016,1.621701625369603,0.03308248025248932,0.014583333333333334,0.0,0.0,0.018499146919155985,0.014583333333333334,0.0,0.0,0.0,0.0,19.18460392431317,19.18460392431317,0.0,0.0,0.0,0.014583333333333334
12.7,97.17004606426295,1.6195007677377158,97.17004606426295,0.6799199136072162,1.6195007677377158,0.033037228385449986,0.014583333333333334,0.0,0.0,0.018453895052116653,0.014583333333333334,0.0,0.0,0.0,0.0,19.18460392431317,19.18460392431317,0.0,0.0,0.0,0.014583333333333334
12.716666666666667,97.03492527659554,1.6172487546099257,97.03492527659554,0.6799120833188463,1.6172487546099257,0.03299090819056839,0.014583333333333334,0.0,0.0,0.018407574857235053,0.014583333333333334,0.0,0.0,0.0,0.0,19.18460392431317,19.18460392431317,0.0,0.0,0.0,0.014583333333333334
12.733333333333333,96.89674315293288,1.614945719215548,96.89674315293288,0.6799036979694114,1.614945719215548,0.03294352134757042,0.014583333333333334,0.0,0.0,0.018360188014237087,0.014583333333333334,0.0,0.0,0.0,0.0,19.18460392431317,19.18460392431317,0.0,0.0,0.0,0.014583333333333334
12.75,96.75550786909103,1.6125917978181838,96.75550786909103,0.6798947327081247,1.6125917978181838,0.03289506958730598,0.014583333333333334,0.0,0.0,0.018311736253972647,0.014583333333333334,0.0,0.0,0.0,0.0,19.18460392431317,19.18460392431317,0.0,0.0,0.0,0.014583333333333334
12.766666666666666,96.6112277825265,1.6101871297087749,96.6112277825265,0.6798851622285809,1.6101871297087749,0.03284555469248195,0.014583333333333334,0.0,0.0,0.01826222135914862,0.014583333333333334,0.0,0.0,0.0,0.0,19.18460392431317,19.18460392431317,0.0,0.0,0.0,0.014583333333333334
12.783333333333333,96.46391143190971,1.607731857198495,96.46391143190971,0.6798749607763862,1.607731857198495,0.03279497849840304,0.014583333333333334,0.0,0.0,0.01821164516506971,0.014583333333333334,0.0,0.0,0.0,0.0,19.18460392431317,19.18460392431317,0.0,0.0,0.0,0.014583333333333334
12.8,96.31356753669004,1.6052261256115008,96.31356753669004,0.6798641021569346,1.6052261256115008,0.032743342893720905,0.014583333333333334,0.0,0.0,0.01816000956038757,0.014583333333333334,0.0,0.0,0.0,0.0,19.18460392431317,19.18460392431317,0.0,0.0,0.0,0.014583333333333334
12.816666666666666,96.16020499665129,1.6026700832775214,96.16020499665129,0.6798525597433226,1.6026700832775214,0.032690649821190125,0.014583333333333334,0.0,0.0,0.01810731648785679,0.014583333333333334,0.0,0.0,0.0,0.0,19.18460392431317,19.18460392431317,0.0,0.0,0.0,0.014583333333333334
12.833333333333334,96.00383289145815,1.6000638815243025,96.00383289145815,0.6798403064844061,1.6000638815243025,0.03263690127843115,0.014583333333333334,0.0,0.0,0.018053567945097816,0.014583333333333334,0.0,0.0,0.0,0.0,19.18460392431317,19.18460392431317,0.0,0.0,0.0,0.014583333333333334
12.85,95.84446048019396,1.5974076746698993,95.84446048019396,0.6798273149129933,1.5974076746698993,0.03258209931869925,0.014583333333333334,0.0,0.0,0.017998765985365917,0.014583333333333334,0.0,0.0,0.0,0.0,19.18460392431317,19.18460392431317,0.0,0.0,0.0,0.014583333333333334
12.866666666666667,95.68209720088898,1.5947016200148163,95.68209720088898,0.6798135571541744,1.5947016200148163,0.032526246051659075,0.014583333333333334,0.0,0.0,0.01794291271832574,0.014583333333333334,0.0,0.0,0.0,0.0,19.18460392431317,19.18460392431317,0.0,0.0,0.0,0.014583333333333334
12.883333333333333,95.51675267004023,1.5919458778340039,95.51675267004023,0.6797990049337841,1.5919458778340039,0.032469343644164275,0.014583333333333334,0.0,0.0,0.01788601031083094,0.014583333333333334,0.0,0.0,0.0,0.0,19.18460392431317,19.18460392431317,0.0,0.0,0.0,0.014583333333333334
12.9,95.34843668212187,1.5891406113686979,95.34843668212187,0.6797836295869978,1.5891406113686979,0.03241139432104153,0.014583333333333334,0.0,0.0,0.017828060987708196,0.014583333333333334,0.0,0.0,0.0,0.0,19.18460392431317,19.18460392431317,0.0,0.0,0.0,0.014583333333333334
12.916666666666666,95.17715920908711,1.5862859868181185,95.17715920908711,0.6797674020670551,1.5862859868181185,0.03235240036587841,0.014583333333333334,0.0,0.0,0.017769067032545074,0.014583333333333334,0.0,0.0,0.0,0.0,19.18460392431317,19.18460392431317,0.0,0.0,0.0,0.014583333333333334
12.933333333333334,95.00293039986101,1.583382173331017,95.00293039986101,0.6797502929541137,1.583382173331017,0.032292364121814576,0.014583333333333334,0.0,0.0,0.017709030788481243,0.014583333333333334,0.0,0.0,0.0,0.0,19.18460392431317,19.18460392431317,0.0,0.0,0.0,0.014583333333333334
12.95,94.82576057982452,1.5804293429970753,94.82576057982452,0.6797322724642271,1.5804293429970753,0.032231287992335655,0.014583333333333334,0.0,0.0,0.017647954659002322,0.014583333333333334,0.0,0.0,0.0,0.0,19.18460392431317,19.18460392431317,0.0,0.0,0.0,0.014583333333333334
12.966666666666667,94.64566025028978,1.577427670838163,94.64566025028978,0.6797133104584467,1.577427670838163,0.032169174442069154,0.014583333333333334,0.0,0.0,0.01758584110873582,0.014583333333333334,0.0,0.0,0.0,0.0,19.18460392431317,19.18460392431317,0.0,0.0,0.0,0.014583333333333334
12.983333333333333,94.46264008796663,1.5743773347994439,94.46264008796663,0.6796933764520461,1.5743773347994439,0.03210602599758198,0.014583333333333334,0.0,0.0,0.017522692664248645,0.014583333333333334,0.0,0.0,0.0,0.0,19.18460392431317,19.18460392431317,0.0,0.0,0.0,0.014583333333333334
13.0,94.27671094442034,1.571278515740339,94.27671094442034,0.6796724396238629,1.571278515740339,0.032041845248178775,0.014583333333333334,0.0,0.0,0.017458511914845442,0.014583333333333334,0.0,0.0,0.0,0.0,19.18460392431317,19.18460392431317,0.0,0.0,0.0,0.014583333333333334
13.016666666666666,94.08788384552084,1.5681313974253472,94.08788384552084,0.6796504688257595,1.5681313974253472,0.03197663484670059,0.014583333333333334,0.0,0.0,0.017393301513367255,0.014583333333333334,0.0,0.0,0.0,0.0,19.18460392431317,19.18460392431317,0.0,0.0,0.0,0.014583333333333334
13.033333333333333,93.89616999088297,1.5649361665147161,93.89616999088297,0.679627432592198,1.5649361665147161,0.03191039751032323,0.014583333333333334,0.0,0.0,0.017327064176989895,0.014583333333333334,0.0,0.0,0.0,0.0,19.18460392431317,19.18460392431317,0.0,0.0,0.0,0.014583333333333334
13.049999999999999,93.70158075329876,1.5616930125549793,93.70158075329876,0.6796032991499279,1.5616930125549793,0.031843136021354745,0.014583333333333334,0.0,0.0,0.017259802688021412,0.014583333333333334,0.0,0.0,0.0,0.0,19.18460392431317,19.18460392431317,0.0,0.0,0.0,0.014583333333333334
13.066666666666666,93.50412767816026,1.5584021279693376,93.50412767816026,0.6795780364277836,1.5584021279693376,0.031774853228031266,0.014583333333333334,0.0,0.0,0.017191519894697933,0.014583333333333334,0.0,0.0,0.0,0.0,19.18460392431317,19.18460392431317,0.0,0.0,0.0,0.014583333333333334
13.083333333333334,93.30382248287476,1.5550637080479128,93.30382248287476,0.6795516120665915,1.5550637080479128,0.03170555204531085,0.014583333333333334,0.0,0.0,0.017122218711977517,0.014583333333333334,0.0,0.0,0.0,0.0,19.18460392431317,19.18460392431317,0.0,0.0,0.0,0.014583333333333334
13.1,93.10067705627098,1.5516779509378498,93.10067705627098,0.6795239934291813,1.5516779509378498,0.031635235455664476,0.014583333333333334,0.0,0.0,0.017051902122331142,0.014583333333333334,0.0,0.0,0.0,0.0,19.18460392431317,19.18460392431317,0.0,0.0,0.0,0.014583333333333334
13.116666666666667,92.89470345799683,1.5482450576332805,92.89470345799683,0.679495147610502,1.5482450576332805,0.03156390650986367,0.014583333333333334,0.0,0.0,0.016980573176530334,0.014583333333333334,0.0,0.0,0.0,0.0,19.18460392431317,19.18460392431317,0.0,0.0,0.0,0.014583333333333334
13.133333333333333,92.68591391790915,1.5447652319651524,92.68591391790915,0.6794650414478377,1.5447652319651524,0.03149156832776421,0.014583333333333334,0.0,0.0,0.016908234994430876,0.014583333333333334,0.0,0.0,0.0,0.0,19.18460392431317,19.18460392431317,0.0,0.0,0.0,0.014583333333333334
13.15,92.47432083545475,1.5412386805909124,92.47432083545475,0.6794336415311233,1.5412386805909124,0.03141822409908514,0.014583333333333334,0.0,0.0,0.016834890765751804,0.014583333333333334,0.0,0.0,0.0,0.0,19.18460392431317,19.18460392431317,0.0,0.0,0.0,0.014583333333333334
13.166666666666666,92.25993677904339,1.5376656129840565,92.25993677904339,0.679400914213356,1.5376656129840565,0.03134387708418267,0.014583333333333334,0.0,0.0,0.016760543750849333,0.014583333333333334,0.0,0.0,0.0,0.0,19.18460392431317,19.18460392431317,0.0,0.0,0.0,0.014583333333333334
13.183333333333334,92.04277448541224,1.5340462414235372,92.04277448541224,0.6793668256211,1.5340462414235372,0.03126853061481812,0.014583333333333334,0.0,0.0,0.01668519728148479,0.014583333333333334,0.0,0.0,0.0,0.0,19.18460392431317,19.18460392431317,0.0,0.0,0.0,0.014583333333333334
13.2,91.82284685898246,1.530380780983041,91.82284685898246,0.6793313416650835,1.530380780983041,0.03119218809491952,0.014583333333333334,0.0,0.0,0.016608854761586186,0.014583333333333334,0.0,0.0,0.0,0.0,19.18460392431317,19.18460392431317,0.0,0.0,0.0,0.014583333333333334
13.216666666666667,91.60016697120732,1.5266694495201218,91.60016697120732,0.6792944280508841,1.5266694495201218,0.031114853001336013,0.014583333333333334,0.0,0.0,0.01653151966800268,0.014583333333333334,0.0,0.0,0.0,0.0,19.18460392431317,19.18460392431317,0.0,0.0,0.0,0.014583333333333334
13.233333333333333,91.37474805991245,1.5229124676652075,91.37474805991245,0.6792560502897002,1.5229124676652075,0.031036528884584746,0.014583333333333334,0.0,0.0,0.016453195551251413,0.014583333333333334,0.0,0.0,0.0,0.0,19.18460392431317,19.18460392431317,0.0,0.0,0.0,0.014583333333333334
13.25,91.14660352862781,1.5191100588104633,91.14660352862781,0.679216173709207,1.5191100588104633,0.0309572193695893,0.014583333333333334,0.0,0.0,0.016373886036255968,0.014583333333333334,0.0,0.0,0.0,0.0,19.18460392431317,19.18460392431317,0.0,0.0,0.0,0.014583333333333334
13.266666666666666,90.91574694591186,1.5152624490985311,90.91574694591186,0.6791747634644929,1.5152624490985311,0.03087692815640933,0.014583333333333334,0.0,0.0,0.016293594823075998,0.014583333333333334,0.0,0.0,0.0,0.0,19.18460392431317,19.18460392431317,0.0,0.0,0.0,0.014583333333333334
13.283333333333333,90.68219204466756,1.511369867411126,90.68219204466756,0.6791317845490755,1.511369867411126,0.030795659020960625,0.014583333333333334,0.0,0.0,0.01621232568762729,0.014583333333333334,0.0,0.0,0.0,0.0,19.18460392431317,19.18460392431317,0.0,0.0,0.0,0.014583333333333334
13.299999999999999,90.44595272145055,1.5074325453575093,90.44595272145055,0.6790872018059925,1.5074325453575093,0.030713415815725047,0.014583333333333334,0.0,0.0,0.016130082482391714,0.014583333333333334,0.0,0.0,0.0,0.0,19.18460392431317,19.18460392431317,0.0,0.0,0.0,0.014583333333333334
13.316666666666666,90.20704303576956,1.503450717262826,90.20704303576956,0.6790409799389674,1.503450717262826,0.03063020247044983,0.014583333333333334,0.0,0.0,0.016046869137116497,0.014583333333333334,0.0,0.0,0.0,0.0,19.18460392431317,19.18460392431317,0.0,0.0,0.0,0.014583333333333334
13.333333333333334,89.96547720937876,1.4994246201563126,89.96547720937876,0.6789930835236451,1.4994246201563126,0.030546022992835434,0.014583333333333334,0.0,0.0,0.0159626896595021,0.014583333333333334,0.0,0.0,0.0,0.0,19.18460392431317,19.18460392431317,0.0,0.0,0.0,0.014583333333333334
13.35,89.72126962556268,1.4953544937593781,89.72126962556268,0.6789434770188962,1.4953544937593781,0.030460881469211627,0.014583333333333334,0.0,0.0,0.015877548135878293,0.014583333333333334,0.0,0.0,0.0,0.0,19.18460392431317,19.18460392431317,0.0,0.0,0.0,0.014583333333333334
13.366666666666667,89.47443482841301,1.4912405804735502,89.47443482841301,0.6788921247781868,1.4912405804735502,0.03037478206520088,0.014583333333333334,0.0,0.0,0.015791448731867545,0.014583333333333334,0.0,0.0,0.0,0.0,19.18460392431317,19.18460392431317,0.0,0.0,0.0,0.014583333333333334
13.383333333333333,89.2249875220983,1.487083125368305,89.2249875220983,0.6788389910610106,1.487083125368305,0.030287729026368875,0.014583333333333334,0.0,0.0,0.01570439569303554,0.014583333333333334,0.0,0.0,0.0,0.0,19.18460392431317,19.18460392431317,0.0,0.0,0.0,0.014583333333333334
13.4,88.97294257012533,1.4828823761687555,88.97294257012533,0.6787840400443825,1.4828823761687555,0.030199726678861134,0.014583333333333334,0.0,0.0,0.0156163933455278,0.014583333333333334,0.0,0.0,0.0,0.0,19.18460392431317,19.18460392431317,0.0,0.0,0.0,0.014583333333333334
13.416666666666666,88.71831499459375,1.4786385832432292,88.71831499459375,0.678727235834388,1.4786385832432292,0.03011077943002558,0.014583333333333334,0.0,0.0,0.015527446096692245,0.014583333333333334,0.0,0.0,0.0,0.0,19.18460392431317,19.18460392431317,0.0,0.0,0.0,0.014583333333333334
13.433333333333334,88.46111997544259,1.4743519995907097,88.46111997544259,0.6786685424777887,1.4743519995907097,0.030020891769020116,0.014583333333333334,0.0,0.0,0.015437558435686782,0.014583333333333334,0.0,0.0,0.0,0.0,19.18460392431317,19.18460392431317,0.0,0.0,0.0,0.014583333333333334
13.45,88.20137284968968,1.4700228808281612,88.20137284968968,0.6786079239736796,1.4700228808281612,0.029930068267404932,0.014583333333333334,0.0,0.0,0.015346734934071599,0.014583333333333334,0.0,0.0,0.0,0.0,19.18460392431317,19.18460392431317,0.0,0.0,0.0,0.014583333333333334
13.466666666666667,87.93908911066349,1.4656514851777247,87.93908911066349,0.6785453442851949,1.4656514851777247,0.029838313579718768,0.014583333333333334,0.0,0.0,0.015254980246385434,0.014583333333333334,0.0,0.0,0.0,0.0,19.18460392431317,19.18460392431317,0.0,0.0,0.0,0.014583333333333334
13.483333333333333,87.67428440722797,1.4612380734537995,87.67428440722797,0.6784807673512611,1.4612380734537995,0.029745632444038772,0.014583333333333334,0.0,0.0,0.015162299110705438,0.014583333333333334,0.0,0.0,0.0,0.0,19.18460392431317,19.18460392431317,0.0,0.0,0.0,0.014583333333333334
13.5,87.4069745429997,1.456782909049995,87.4069745429997,0.6784141570983935,1.456782909049995,0.029652029682523194,0.014583333333333334,0.0,0.0,0.01506869634918986,0.014583333333333334,0.0,0.0,0.0,0.0,19.18460392431317,19.18460392431317,0.0,0.0,0.0,0.014583333333333334
13.516666666666666,87.13717547555837,1.4522862579259728,87.13717547555837,0.6783454774525343,1.4522862579259728,0.029557510201936643,0.014583333333333334,0.0,0.0,0.01497417686860331,0.014583333333333334,0.0,0.0,0.0,0.0,19.18460392431317,19.18460392431317,0.0,0.0,0.0,0.014583333333333334
13.533333333333333,86.86490331564949,1.447748388594158,86.86490331564949,0.6782746923509277,1.447748388594158,0.029462078994157037,0.014583333333333334,0.0,0.0,0.014878745660823704,0.014583333333333334,0.0,0.0,0.0,0.0,19.18460392431317,19.18460392431317,0.0,0.0,0.0,0.014583333333333334
13.549999999999999,86.59017432638069,1.4431695721063449,86.59017432638069,0.6782017657540315,1.4431695721063449,0.029365741136664063,0.014583333333333334,0.0,0.0,0.01478240780333073,0.014583333333333334,0.0,0.0,0.0,0.0,19.18460392431317,19.18460392431317,0.0,0.0,0.0,0.014583333333333334
13.566666666666666,86.31300492241049,1.4385500820401746,86.31300492241049,0.6781266616574605,1.4385500820401746,0.02926850179300839,0.014583333333333334,0.0,0.0,0.014685168459675057,0.014583333333333334,0.0,0.0,0.0,0.0,19.18460392431317,19.18460392431317,0.0,0.0,0.0,0.014583333333333334
13.583333333333334,86.0334116691305,1.4338901944855083,86.0334116691305,0.6780493441039602,1.4338901944855083,0.029170366213261294,0.014583333333333334,0.0,0.0,0.01458703287992796,0.014583333333333334,0.0,0.0,0.0,0.0,19.18460392431317,19.18460392431317,0.0,0.0,0.0,0.014583333333333334
13.6,85.75141128184048,1.4291901880306745,85.75141128184048,0.6779697771954074,1.4291901880306745,0.02907133973444401,0.014583333333333334,0.0,0.0,0.014488006401110677,0.014583333333333334,0.0,0.0,0.0,0.0,19.18460392431317,19.18460392431317,0.0,0.0,0.0,0.014583333333333334
13.616666666666667,85.46702062491659,1.4244503437486098,85.46702062491659,0.6778879251048341,1.4244503437486098,0.028971427780936476,0.014583333333333334,0.0,0.0,0.014388094447603143,0.014583333333333334,0.0,0.0,0.0,0.0,19.18460392431317,19.18460392431317,0.0,0.0,0.0,0.014583333333333334
13.633333333333333,85.18025671097324,1.4196709451828873,85.18025671097324,0.6778037520884735,1.4196709451828873,0.028870635864865008,0.014583333333333334,0.0,0.0,0.014287302531531675,0.014583333333333334,0.0,0.0,0.0,0.0,19.18460392431317,19.18460392431317,0.0,0.0,0.0,0.014583333333333334
13.65,84.89113670001768,1.414852278333628,84.89113670001768,0.6777172224978245,1.414852278333628,0.028768969586468206,0.014583333333333334,0.0,0.0,0.014185636253134872,0.014583333333333334,0.0,0.0,0.0,0.0,19.18460392431317,19.18460392431317,0.0,0.0,0.0,0.014583333333333334
13.666666666666666,84.59967789859859,1.4099946316433098,84.59967789859859,0.677628300791731,1.4099946316433098,0.028666434634441004,0.014583333333333334,0.0,0.0,0.01408310130110767,0.014583333333333334,0.0,0.0,0.0,0.0,19.18460392431317,19.18460392431317,0.0,0.0,0.0,0.014583333333333334
13.683333333333334,84.30589775894747,1.4050982959824578,84.30589775894747,0.6775369515484739,1.4050982959824578,0.02856303678625592,0.014583333333333334,0.0,0.0,0.013979703452922588,0.014583333333333334,0.0,0.0,0.0,0.0,19.18460392431317,19.18460392431317,0.0,0.0,0.0,0.014583333333333334
13.7,84.00981387811429,1.4001635646352382,84.00981387811429,0.6774431394778746,1.4001635646352382,0.02845878190846168,0.014583333333333334,0.0,0.0,0.013875448575128346,0.014583333333333334,0.0,0.0,0.0,0.0,19.18460392431317,19.18460392431317,0.0,0.0,0.0,0.014583333333333334
13.716666666666667,83.71144399709594,1.3951907332849323,83.71144399709594,0.6773468294334026,1.3951907332849323,0.028353675956958087,0.014583333333333334,0.0,0.0,0.013770342623624754,0.014583333333333334,0.0,0.0,0.0,0.0,19.18460392431317,19.18460392431317,0.0,0.0,0.0,0.014583333333333334
13.733333333333333,83.41080599995912,1.3901800999993188,83.41080599995912,0.6772479864242902,1.3901800999993188,0.028247724977247434,0.014583333333333334,0.0,0.0,0.0136643916439141,0.014583333333333334,0.0,0.0,0.0,0.0,19.18460392431317,19.18460392431317,0.0,0.0,0.0,0.014583333333333334
13.75,83.10791791295617,1.3851319652159362,83.10791791295617,0.6771465756276458,1.3851319652159362,0.02814093510466134,0.014583333333333334,0.0,0.0,0.013557601771328007,0.014583333333333334,0.0,0.0,0.0,0.0,19.18460392431317,19.18460392431317,0.0,0.0,0.0,0.014583333333333334
13.766666666666666,82.80279790363551,1.3800466317272584,82.80279790363551,0.677042562400568,1.3800466317272584,0.028033312564563338,0.014583333333333334,0.0,0.0,0.013449979231230005,0.014583333333333334,0.0,0.0,0.0,0.0,19.18460392431317,19.18460392431317,0.0,0.0,0.0,0.014583333333333334
13.783333333333333,82.49546427994514,1.3749244046657523,82.49546427994514,0.6769359122922533,1.3749244046657523,0.02792486367252608,0.014583333333333334,0.0,0.0,0.013341530339192748,0.014583333333333334,0.0,0.0,0.0,0.0,19.18460392431317,19.18460392431317,0.0,0.0,0.0,0.014583333333333334
13.799999999999999,82.18593548933104,1.3697655914888507,82.18593548933104,0.6768265910560973,1.3697655914888507,0.02781559483448358,0.014583333333333334,0.0,0.0,0.013232261501150245,0.014583333333333334,0.0,0.0,0.0,0.0,19.18460392431317,19.18460392431317,0.0,0.0,0.0,0.014583333333333334
13.816666666666666,81.87423011782836,1.364570501963806,81.87423011782836,0.6767145646617856,1.364570501963806,0.027705512546857224,0.014583333333333334,0.0,0.0,0.01312217921352389,0.014583333333333334,0.0,0.0,0.0,0.0,19.18460392431317,19.18460392431317,0.0,0.0,0.0,0.014583333333333334
13.833333333333334,81.56036688914816,1.3593394481524692,81.56036688914816,0.6765997993073718,1.3593394481524692,0.027594623396656297,0.014583333333333334,0.0,0.0,0.013011290063322963,0.014583333333333334,0.0,0.0,0.0,0.0,19.18460392431317,19.18460392431317,0.0,0.0,0.0,0.014583333333333334
13.85,81.24436466375693,1.3540727443959488,81.24436466375693,0.6764822614313387,1.3540727443959488,0.02748293406155147,0.014583333333333334,0.0,0.0,0.012899600728218136,0.014583333333333334,0.0,0.0,0.0,0.0,19.18460392431317,19.18460392431317,0.0,0.0,0.0,0.014583333333333334
13.866666666666667,80.92624243795153,1.3487707072991921,80.92624243795153,0.676361917724642,1.3487707072991921,0.0273704513099221,0.014583333333333334,0.0,0.0,0.012787117976588765,0.014583333333333334,0.0,0.0,0.0,0.0,19.18460392431317,19.18460392431317,0.0,0.0,0.0,0.014583333333333334
13.883333333333333,80.60601934292751,1.3434336557154585,80.60601934292751,0.676238735142731,1.3434336557154585,0.027257182000876,0.014583333333333334,0.0,0.0,0.012673848667542665,0.014583333333333334,0.0,0.0,0.0,0.0,19.18460392431317,19.18460392431317,0.0,0.0,0.0,0.014583333333333334
13.9,80.2837146438427,1.3380619107307117,80.2837146438427,0.6761126809175458,1.3380619107307117,0.027143133084242283,0.014583333333333334,0.0,0.0,0.01255979975090895,0.014583333333333334,0.0,0.0,0.0,0.0,19.18460392431317,19.18460392431317,0.0,0.0,0.0,0.014583333333333334
13.916666666666666,79.95934773887453,1.3326557956479088,79.95934773887453,0.6759837225694865,1.3326557956479088,0.02702831160053628,0.014583333333333334,0.0,0.0,0.012444978267202946,0.014583333333333334,0.0,0.0,0.0,0.0,19.18460392431317,19.18460392431317,0.0,0.0,0.0,0.014583333333333334
13.933333333333334,79.63293815827241,1.3272156359712068,79.63293815827241,0.6758518279193525,1.3272156359712068,0.02691272468089667,0.014583333333333334,0.0,0.0,0.012329391347563338,0.014583333333333334,0.0,0.0,0.0,0.0,19.18460392431317,19.18460392431317,0.0,0.0,0.0,0.014583333333333334
13.95,79.30450556340472,1.3217417593900787,79.30450556340472,0.6757169651002486,1.3217417593900787,0.026796379546994507,0.014583333333333334,0.0,0.0,0.012213046213661174,0.014583333333333334,0.0,0.0,0.0,0.0,19.18460392431317,19.18460392431317,0.0,0.0,0.0,0.014583333333333334
13.966666666666667,78.97406974580024,1.3162344957633372,78.97406974580024,0.6755791025694553,1.3162344957633372,0.02667928351091374,0.014583333333333334,0.0,0.0,0.012095950177580406,0.014583333333333334,0.0,0.0,0.0,0.0,19.18460392431317,19.18460392431317,0.0,0.0,0.0,0.014583333333333334
13.983333333333333,78.64165062618488,1.3106941771030813,78.64165062618488,0.6754382091202605,1.3106941771030813,0.026561443975003266,0.014583333333333334,0.0,0.0,0.011978110641669933,0.014583333333333334,0.0,0.0,0.0,0.0,19.18460392431317,19.18460392431317,0.0,0.0,0.0,0.014583333333333334
14.0,78.30726825351272,1.3051211375585452,78.30726825351272,0.6752942538937495,1.3051211375585452,0.02644286843169996,0.014583333333333334,0.0,0.0,0.011859535098366625,0.014583333333333334,0.0,0.0,0.0,0.0,19.18460392431317,19.18460392431317,0.0,0.0,0.0,0.014583333333333334
14.016666666666666,77.97094280399276,1.2995157133998791,77.97094280399276,0.6751472063905505,1.2995157133998791,0.026323564463322884,0.014583333333333334,0.0,0.0,0.01174023112998955,0.014583333333333334,0.0,0.0,0.0,0.0,19.18460392431317,19.18460392431317,0.0,0.0,0.0,0.014583333333333334
14.033333333333333,77.63269458011008,1.2938782430018347,77.63269458011008,0.6749970364825337,1.2938782430018347,0.02620353974183817,0.014583333333333334,0.0,0.0,0.011620206408504835,0.014583333333333334,0.0,0.0,0.0,0.0,19.18460392431317,19.18460392431317,0.0,0.0,0.0,0.014583333333333334
14.049999999999999,77.29254400964255,1.2882090668273758,77.29254400964255,0.6748437144244599,1.2882090668273758,0.02608280202859447,0.014583333333333334,0.0,0.0,0.011499468695261136,0.014583333333333334,0.0,0.0,0.0,0.0,19.18460392431317,19.18460392431317,0.0,0.0,0.0,0.014583333333333334
14.066666666666666,76.95051164467286,1.2825085274112142,76.95051164467286,0.6746872108655765,1.2825085274112142,0.0259613591740291,0.014583333333333334,0.0,0.0,0.011378025840695766,0.014583333333333334,0.0,0.0,0.0,0.0,19.18460392431317,19.18460392431317,0.0,0.0,0.0,0.014583333333333334
14.083333333333334,76.60661816059549,1.276776969343258,76.60661816059549,0.6745274968611582,1.276776969343258,0.025839219117344246,0.014583333333333334,0.0,0.0,0.011255885784010912,0.014583333333333334,0.0,0.0,0.0,0.0,19.18460392431317,19.18460392431317,0.0,0.0,0.0,0.014583333333333334
14.1,76.26088435511974,1.2710147392519957,76.26088435511974,0.67436454388399,1.2710147392519957,0.025716389886153632,0.014583333333333334,0.0,0.0,0.011133056552820299,0.014583333333333334,0.0,0.0,0.0,0.0,19.18460392431317,19.18460392431317,0.0,0.0,0.0,0.014583333333333334
14.116666666666667,75.9133311472676,1.2652221857877932,75.9133311472676,0.6741983238357881,1.2652221857877932,0.025592879596099082,0.014583333333333334,0.0,0.0,0.011009546262765749,0.014583333333333334,0.0,0.0,0.0,0.0,19.18460392431317,19.18460392431317,0.0,0.0,0.0,0.014583333333333334
14.133333333333333,75.56397957636793,1.259399659606132,75.56397957636793,0.6740288090585584,1.259399659606132,0.0254686964504373,0.014583333333333334,0.0,0.0,0.010885363117103967,0.014583333333333334,0.0,0.0,0.0,0.0,19.18460392431317,19.18460392431317,0.0,0.0,0.0,0.014583333333333334
14.15,75.21285080104573,1.253547513350762,75.21285080104573,0.6738559723458879,1.253547513350762,0.025343848739596393,0.014583333333333334,0.0,0.0,0.01076051540626306,0.014583333333333334,0.0,0.0,0.0,0.0,19.18460392431317,19.18460392431317,0.0,0.0,0.0,0.014583333333333334
14.166666666666666,74.8599660982079,1.2476661016367985,74.8599660982079,0.6736797869541675,1.2476661016367985,0.025218344840702525,0.014583333333333334,0.0,0.0,0.010635011507369192,0.014583333333333334,0.0,0.0,0.0,0.0,19.18460392431317,19.18460392431317,0.0,0.0,0.0,0.014583333333333334
14.183333333333334,74.50534686202417,1.241755781033736,74.50534686202417,0.6735002266137431,1.241755781033736,0.025092193217076116,0.014583333333333334,0.0,0.0,0.010508859883742783,0.014583333333333334,0.0,0.0,0.0,0.0,19.18460392431317,19.18460392431317,0.0,0.0,0.0,0.014583333333333334
14.2,74.1490146029048,1.2358169100484133,74.1490146029048,0.6733172655399917,1.2358169100484133,0.02496540241769816,0.014583333333333334,0.0,0.0,0.010382069084364825,0.014583333333333334,0.0,0.0,0.0,0.0,19.18460392431317,19.18460392431317,0.0,0.0,0.0,0.014583333333333334
14.216666666666667,73.79099094647376,1.229849849107896,73.79099094647376,0.6731308784443218,1.229849849107896,0.024837981076646105,0.014583333333333334,0.0,0.0,0.010254647743312771,0.014583333333333334,0.0,0.0,0.0,0.0,19.18460392431317,19.18460392431317,0.0,0.0,0.0,0.014583333333333334
14.233333333333333,73.43129763253866,1.223854960542311,73.43129763253866,0.6729410405450926,1.223854960542311,0.02470993791249973,0.014583333333333334,0.0,0.0,0.010126604579166396,0.014583333333333334,0.0,0.0,0.0,0.0,19.18460392431317,19.18460392431317,0.0,0.0,0.0,0.014583333333333334
14.25,73.06995651405653,1.2178326085676088,73.06995651405653,0.672747727578452,1.2178326085676088,0.024581281727716692,0.014583333333333334,0.0,0.0,0.009997948394383359,0.014583333333333334,0.0,0.0,0.0,0.0,19.18460392431317,19.18460392431317,0.0,0.0,0.0,0.014583333333333334
14.266666666666666,72.70698955609647,1.2117831592682746,72.70698955609647,0.6725509158090898,1.2117831592682746,0.0244520214079781,0.014583333333333334,0.0,0.0,0.009868688074644767,0.014583333333333334,0.0,0.0,0.0,0.0,19.18460392431317,19.18460392431317,0.0,0.0,0.0,0.014583333333333334
14.283333333333333,72.34241883479827,1.2057069805799712,72.34241883479827,0.6723505820409028,1.2057069805799712,0.024322165921503842,0.014583333333333334,0.0,0.0,0.009738832588170508,0.014583333333333334,0.0,0.0,0.0,0.0,19.18460392431317,19.18460392431317,0.0,0.0,0.0,0.014583333333333334
14.299999999999999,71.9762665363286,1.1996044422721432,71.9762665363286,0.6721467036275711,1.1996044422721432,0.024191724318338197,0.014583333333333334,0.0,0.0,0.009608390985004864,0.014583333333333334,0.0,0.0,0.0,0.0,19.18460392431317,19.18460392431317,0.0,0.0,0.0,0.014583333333333334
14.316666666666666,71.6085549558325,1.1934759159305417,71.6085549558325,0.6719392584830403,1.1934759159305417,0.024060705729605027,0.014583333333333334,0.0,0.0,0.009477372396271694,0.014583333333333334,0.0,0.0,0.0,0.0,19.18460392431317,19.18460392431317,0.0,0.0,0.0,0.014583333333333334
14.333333333333334,71.23930649638348,1.1873217749397247,71.23930649638348,0.6717282250919103,1.1873217749397247,0.02392911936673381,0.014583333333333334,0.0,0.0,0.009345786033400475,0.014583333333333334,0.0,0.0,0.0,0.0,19.18460392431317,19.18460392431317,0.0,0.0,0.0,0.014583333333333334
14.35,70.86854366792912,1.1811423944654853,70.86854366792912,0.6715135825197265,1.1811423944654853,0.023796974520655444,0.014583333333333334,0.0,0.0,0.00921364118732211,0.014583333333333334,0.0,0.0,0.0,0.0,19.18460392431317,19.18460392431317,0.0,0.0,0.0,0.014583333333333334
14.366666666666667,70.49628908623433,1.1749381514372388,70.49628908623433,0.6712953104231695,1.1749381514372388,0.023664280560968684,0.014583333333333334,0.0,0.0,0.00908094722763535,0.014583333333333334,0.0,0.0,0.0,0.0,19.18460392431317,19.18460392431317,0.0,0.0,0.0,0.014583333333333334
14.383333333333333,70.12256547182206,1.1687094245303675,70.12256547182206,0.6710733890601445,1.1687094245303675,0.023531046935077255,0.014583333333333334,0.0,0.0,0.008947713601743922,0.014583333333333334,0.0,0.0,0.0,0.0,19.18460392431317,19.18460392431317,0.0,0.0,0.0,0.014583333333333334
14.4,69.74739564891078,1.162456594148513,69.74739564891078,0.6708477992997647,1.162456594148513,0.023397283167297618,0.014583333333333334,0.0,0.0,0.008813949833964285,0.014583333333333334,0.0,0.0,0.0,0.0,19.18460392431317,19.18460392431317,0.0,0.0,0.0,0.014583333333333334
14.416666666666666,69.37080254434983,1.1561800424058304,69.37080254434983,0.670618522632228,1.1561800424058304,0.023262998857937738,0.014583333333333334,0.0,0.0,0.008679665524604405,0.014583333333333334,0.0,0.0,0.0,0.0,19.18460392431317,19.18460392431317,0.0,0.0,0.0,0.014583333333333334
14.433333333333334,68.99280918655185,1.1498801531091976,68.99280918655185,0.6703855411785842,1.1498801531091976,0.023128203682346915,0.014583333333333334,0.0,0.0,0.008544870349013581,0.014583333333333334,0.0,0.0,0.0,0.0,19.18460392431317,19.18460392431317,0.0,0.0,0.0,0.014583333333333334
14.45,68.61343870442363,1.1435573117403939,68.61343870442363,0.6701488377003904,1.1435573117403939,0.022992907389937235,0.014583333333333334,0.0,0.0,0.008409574056603902,0.014583333333333334,0.0,0.0,0.0,0.0,19.18460392431317,19.18460392431317,0.0,0.0,0.0,0.014583333333333334
14.466666666666667,68.23271432629352,1.1372119054382253,68.23271432629352,0.6699083956092513,1.1372119054382253,0.022857119803176153,0.014583333333333334,0.0,0.0,0.00827378646984282,0.014583333333333334,0.0,0.0,0.0,0.0,19.18460392431317,19.18460392431317,0.0,0.0,0.0,0.014583333333333334
14.483333333333333,67.85065937883832,1.1308443229806386,67.85065937883832,0.6696641989762453,1.1308443229806386,0.022720850816551567,0.014583333333333334,0.0,0.0,0.008137517483218233,0.014583333333333334,0.0,0.0,0.0,0.0,19.18460392431317,19.18460392431317,0.0,0.0,0.0,0.014583333333333334
14.5,67.4672972860066,1.1244549547667766,67.4672972860066,0.6694162325412293,1.1244549547667766,0.022584110395508374,0.014583333333333334,0.0,0.0,0.00800077706217504,0.014583333333333334,0.0,0.0,0.0,0.0,19.18460392431317,19.18460392431317,0.0,0.0,0.0,0.014583333333333334
14.516666666666666,67.0826515679415,1.118044192799025,67.0826515679415,0.6691644817220246,1.118044192799025,0.022446908575357902,0.014583333333333334,0.0,0.0,0.007863575242024568,0.014583333333333334,0.0,0.0,0.0,0.0,19.18460392431317,19.18460392431317,0.0,0.0,0.0,0.014583333333333334
14.533333333333333,66.69674583990087,1.1116124306650146,66.69674583990087,0.6689089326234785,1.1116124306650146,0.022309255460159775,0.014583333333333334,0.0,0.0,0.007725922126826441,0.014583333333333334,0.0,0.0,0.0,0.0,19.18460392431317,19.18460392431317,0.0,0.0,0.0,0.014583333333333334
14.549999999999999,66.30960381117653,1.1051600635196088,66.30960381117653,0.6686495720464012,1.1051600635196088,0.02217116122157696,0.014583333333333334,0.0,0.0,0.007587827888243626,0.014583333333333334,0.0,0.0,0.0,0.0,19.18460392431317,19.18460392431317,0.0,0.0,0.0,0.014583333333333334
14.566666666666666,65.92124928401142,1.0986874880668571,65.92124928401142,0.6683863874963751,1.0986874880668571,0.02203263609770397,0.014583333333333334,0.0,0.0,0.007449302764370638,0.014583333333333334,0.0,0.0,0.0,0.0,19.18460392431317,19.18460392431317,0.0,0.0,0.0,0.014583333333333334
14.583333333333334,65.53170615251612,1.0921951025419354,65.53170615251612,0.6681193671924351,1.0921951025419354,0.021893690391869027,0.014583333333333334,0.0,0.0,0.007310357058535694,0.014583333333333334,0.0,0.0,0.0,0.0,19.18460392431317,19.18460392431317,0.0,0.0,0.0,0.014583333333333334
14.6,65.14099840158364,1.0856833066930607,65.14099840158364,0.6678485000756161,1.0856833066930607,0.021754334471410015,0.014583333333333334,0.0,0.0,0.007171001138076682,0.014583333333333334,0.0,0.0,0.0,0.0,19.18460392431317,19.18460392431317,0.0,0.0,0.0,0.014583333333333334
14.616666666666667,64.74915010580334,1.079152501763389,64.74915010580334,0.6675737758173682,1.079152501763389,0.021614578766424985,0.014583333333333334,0.0,0.0,0.007031245433091651,0.014583333333333334,0.0,0.0,0.0,0.0,19.18460392431317,19.18460392431317,0.0,0.0,0.0,0.014583333333333334
14.633333333333333,64.35618542837413,1.0726030904729023,64.35618542837413,0.6672951848278356,1.0726030904729023,0.02147443376849754,0.014583333333333334,0.0,0.0,0.0068911004351642074,0.014583333333333334,0.0,0.0,0.0,0.0,19.18460392431317,19.18460392431317,0.0,0.0,0.0,0.014583333333333334
14.65,63.96212862001674,1.0660354770002791,63.96212862001674,0.6670127182639979,1.0660354770002791,0.02133391002939735,0.014583333333333334,0.0,0.0,0.006750576696064017,0.014583333333333334,0.0,0.0,0.0,0.0,19.18460392431317,19.18460392431317,0.0,0.0,0.0,0.014583333333333334
14.666666666666666,63.567004017885274,1.0594500669647546,63.567004017885274,0.6667263680376722,1.0594500669647546,0.021193018159756362,0.014583333333333334,0.0,0.0,0.006609684826423028,0.014583333333333334,0.0,0.0,0.0,0.0,19.18460392431317,19.18460392431317,0.0,0.0,0.0,0.014583333333333334
14.683333333333334,63.17083604447862,1.052847267407977,63.17083604447862,0.6664361268233733,1.052847267407977,0.02105176882772111,0.014583333333333334,0.0,0.0,0.006468435494387775,0.014583333333333334,0.0,0.0,0.0,0.0,19.18460392431317,19.18460392431317,0.0,0.0,0.0,0.014583333333333334
14.7,62.77364920655114,1.0462274867758523,62.77364920655114,0.666141988066031,1.0462274867758523,0.02091017275758156,0.014583333333333334,0.0,0.0,0.006326839424248228,0.014583333333333334,0.0,0.0,0.0,0.0,19.18460392431317,19.18460392431317,0.0,0.0,0.0,0.014583333333333334
14.716666666666667,62.37546809402373,1.0395911349003955,62.37546809402373,0.6658439459885618,1.0395911349003955,0.020768240728377033,0.014583333333333334,0.0,0.0,0.006184907395043699,0.014583333333333334,0.0,0.0,0.0,0.0,19.18460392431317,19.18460392431317,0.0,0.0,0.0,0.014583333333333334
14.733333333333333,61.97631737889415,1.0329386229815691,61.97631737889415,0.6655419955992942,1.0329386229815691,0.020625983572479464,0.014583333333333334,0.0,0.0,0.00604265023914613,0.014583333333333334,0.0,0.0,0.0,0.0,19.18460392431317,19.18460392431317,0.0,0.0,0.0,0.014583333333333334
14.75,61.57622181414829,1.0262703635691381,61.57622181414829,0.6652361326992448,1.0262703635691381,0.020483412174154857,0.014583333333333334,0.0,0.0,0.005900078840821523,0.014583333333333334,0.0,0.0,0.0,0.0,19.18460392431317,19.18460392431317,0.0,0.0,0.0,0.014583333333333334
14.766666666666666,61.17520623267121,1.01958677054452,61.17520623267121,0.6649263538892439,1.01958677054452,0.020340537468103118,0.014583333333333334,0.0,0.0,0.005757204134769784,0.014583333333333334,0.0,0.0,0.0,0.0,19.18460392431317,19.18460392431317,0.0,0.0,0.0,0.014583333333333334
14.783333333333333,60.773295546158664,1.0128882591026445,60.773295546158664,0.6646126565769099,1.0128882591026445,0.020197370437976894,0.014583333333333334,0.0,0.0,0.00561403710464356,0.014583333333333334,0.0,0.0,0.0,0.0,19.18460392431317,19.18460392431317,0.0,0.0,0.0,0.014583333333333334
14.799999999999999,60.37051474402977,1.0061752457338295,60.37051474402977,0.6642950389834684,1.0061752457338295,0.020053922114880145,0.014583333333333334,0.0,0.0,0.005470588781546812,0.014583333333333334,0.0,0.0,0.0,0.0,19.18460392431317,19.18460392431317,0.0,0.0,0.0,0.014583333333333334
14.816666666666666,59.96688889233969,0.9994481482056615,59.96688889233969,0.6639735001504173,0.9994481482056615,0.01991020357584657,0.014583333333333334,0.0,0.0,0.005326870242513236,0.014583333333333334,0.0,0.0,0.0,0.0,19.18460392431317,19.18460392431317,0.0,0.0,0.0,0.014583333333333334
14.833333333333334,59.5624431326941,0.9927073855449017,59.5624431326941,0.663648039946034,0.9927073855449017,0.019766225942299008,0.014583333333333334,0.0,0.0,0.0051828926089656745,0.014583333333333334,0.0,0.0,0.0,0.0,19.18460392431317,19.18460392431317,0.0,0.0,0.0,0.014583333333333334
14.85,59.15720268116429,0.9859533780194049,59.15720268116429,0.6633186590717252,0.9859533780194049,0.01962200037848993,0.014583333333333334,0.0,0.0,0.005038667045156597,0.014583333333333334,0.0,0.0,0.0,0.0,19.18460392431317,19.18460392431317,0.0,0.0,0.0,0.014583333333333334
14.866666666666667,58.751192827203646,0.9791865471200607,58.751192827203646,0.6629853590682147,0.9791865471200607,0.019477538089923755,0.014583333333333334,0.0,0.0,0.0048942047565904215,0.014583333333333334,0.0,0.0,0.0,0.0,19.18460392431317,19.18460392431317,0.0,0.0,0.0,0.014583333333333334
14.883333333333333,58.344438932565964,0.972407315542766,58.344438932565964,0.6626481423215728,0.972407315542766,0.019332850321761817,0.014583333333333334,0.0,0.0,0.004749516988428484,0.014583333333333334,0.0,0.0,0.0,0.0,19.18460392431317,19.18460392431317,0.0,0.0,0.0,0.014583333333333334
14.9,57.93696643022491,0.9656161071704152,57.93696643022491,0.6623070120690798,0.9656161071704152,0.019187948357210147,0.014583333333333334,0.0,0.0,0.004604615023876813,0.014583333333333334,0.0,0.0,0.0,0.0,19.18460392431317,19.18460392431317,0.0,0.0,0.0,0.014583333333333334
14.916666666666666,57.528800823296244,0.9588133470549374,57.528800823296244,0.6619619724049276,0.9588133470549374,0.019042843515891295,0.014583333333333334,0.0,0.0,0.004459510182557962,0.014583333333333334,0.0,0.0,0.0,0.0,19.18460392431317,19.18460392431317,0.0,0.0,0.0,0.014583333333333334
14.933333333333334,57.11996768396074,0.9519994613993457,57.11996768396074,0.6616130282857543,0.9519994613993457,0.018897547152200062,0.014583333333333334,0.0,0.0,0.004314213818866729,0.014583333333333334,0.0,0.0,0.0,0.0,19.18460392431317,19.18460392431317,0.0,0.0,0.0,0.014583333333333334
14.95,56.710492652391174,0.9451748775398529,56.710492652391174,0.6612601855360133,0.9451748775398529,0.018752070653644818,0.014583333333333334,0.0,0.0,0.004168737320311484,0.014583333333333334,0.0,0.0,0.0,0.0,19.18460392431317,19.18460392431317,0.0,0.0,0.0,0.014583333333333334
14.966666666666667,56.30040143567984,0.9383400239279973,56.30040143567984,0.6609034508531727,0.9383400239279973,0.01860642543917378,0.014583333333333334,0.0,0.0,0.0040230921058404465,0.014583333333333334,0.0,0.0,0.0,0.0,19.18460392431317,19.18460392431317,0.0,0.0,0.0,0.014583333333333334
14.983333333333333,55.88971980677061,0.9314953301128435,55.88971980677061,0.660542831812748,0.9314953301128435,0.018460622957488394,0.014583333333333334,0.0,0.0,0.00387728962415506,0.014583333333333334,0.0,0.0,0.0,0.0,19.18460392431317,19.18460392431317,0.0,0.0,0.0,0.014583333333333334
15.0,55.47847360339225,0.9246412267232041,55.47847360339225,0.6601783368731616,0.9246412267232041,0.018314674685343084,0.014583333333333334,0.0,0.0,0.0037313413520097503,0.014583333333333334,0.0,0.0,0.0,0.0,19.18460392431317,19.18460392431317,0.0,0.0,0.0,0.014583333333333334
15.016666666666666,55.06668872699604,0.917778145449934,55.06668872699604,0.6598099753804334,0.917778145449934,0.01816859212583321,0.014583333333333334,0.0,0.0,0.0035852587924998756,0.014583333333333334,0.0,0.0,0.0,0.0,19.18460392431317,19.18460392431317,0.0,0.0,0.0,0.014583333333333334
15.033333333333333,54.65439114169581,0.9109065190282635,54.65439114169581,0.6594377575726968,0.9109065190282635,0.01802238680667114,0.014583333333333334,0.0,0.0,0.0034390534733378074,0.014583333333333334,0.0,0.0,0.0,0.0,19.18460392431317,19.18460392431317,0.0,0.0,0.0,0.014583333333333334
15.049999999999999,54.24160687321231,0.9040267812202052,54.24160687321231,0.6590616945845436,0.9040267812202052,0.01787607027845181,0.014583333333333334,0.0,0.0,0.0032927369451184775,0.014583333333333334,0.0,0.0,0.0,0.0,19.18460392431317,19.18460392431317,0.0,0.0,0.0,0.014583333333333334
15.066666666666666,53.82836200782054,0.8971393667970089,53.82836200782054,0.6586817984511913,0.8971393667970089,0.0177296541129078,0.014583333333333334,0.0,0.0,0.003146320779574465,0.014583333333333334,0.0,0.0,0.0,0.0,19.18460392431317,19.18460392431317,0.0,0.0,0.0,0.014583333333333334
15.083333333333334,53.414682691301685,0.8902447115216947,53.414682691301685,0.658298082112479,0.8902447115216947,0.017583149901155382,0.014583333333333334,0.0,0.0,0.0029998165678220487,0.014583333333333334,0.0,0.0,0.0,0.0,19.18460392431317,19.18460392431317,0.0,0.0,0.0,0.014583333333333334
15.1,53.00059512789912,0.883343252131652,53.00059512789912,0.6579105594166834,0.883343252131652,0.017436569251931818,0.014583333333333334,0.0,0.0,0.0028532359185984846,0.014583333333333334,0.0,0.0,0.0,0.0,19.18460392431317,19.18460392431317,0.0,0.0,0.0,0.014583333333333334
15.116666666666667,52.58612557927819,0.8764354263213031,52.58612557927819,0.6575192451241603,0.8764354263213031,0.017289923789824628,0.014583333333333334,0.0,0.0,0.0027065904564912945,0.014583333333333334,0.0,0.0,0.0,0.0,19.18460392431317,19.18460392431317,0.0,0.0,0.0,0.014583333333333334
15.133333333333333,52.1713003634921,0.8695216727248684,52.1713003634921,0.6571241549108071,0.8695216727248684,0.017143225153494167,0.014583333333333334,0.0,0.0,0.0025598918201608332,0.014583333333333334,0.0,0.0,0.0,0.0,19.18460392431317,19.18460392431317,0.0,0.0,0.0,0.014583333333333334
15.15,51.75614585395124,0.8626024308991873,51.75614585395124,0.6567253053713478,0.8626024308991873,0.01699648499388946,0.014583333333333334,0.0,0.0,0.002413151660556126,0.014583333333333334,0.0,0.0,0.0,0.0,19.18460392431317,19.18460392431317,0.0,0.0,0.0,0.014583333333333334
15.166666666666666,51.34068847839877,0.8556781413066461,51.34068847839877,0.6563227140224377,0.8556781413066461,0.016849714972458837,0.014583333333333334,0.0,0.0,0.002266381639125504,0.014583333333333334,0.0,0.0,0.0,0.0,19.18460392431317,19.18460392431317,0.0,0.0,0.0,0.014583333333333334
15.183333333333334,50.92495471789108,0.8487492452981847,50.92495471789108,0.6559163993055896,0.8487492452981847,0.016702926759355596,0.014583333333333334,0.0,0.0,0.002119593426022262,0.014583333333333334,0.0,0.0,0.0,0.0,19.18460392431317,19.18460392431317,0.0,0.0,0.0,0.014583333333333334
15.2,50.508971105784475,0.8418161850964079,50.508971105784475,0.6555063805899193,0.8418161850964079,0.01655613203163996,0.014583333333333334,0.0,0.0,0.0019727986983066256,0.014583333333333334,0.0,0.0,0.0,0.0,19.18460392431317,19.18460392431317,0.0,0.0,0.0,0.014583333333333334
15.216666666666667,50.09276422672726,0.8348794037787877,50.09276422672726,0.6550926781747097,0.8348794037787877,0.016409342471477673,0.014583333333333334,0.0,0.0,0.0018260091381443397,0.014583333333333334,0.0,0.0,0.0,0.0,19.18460392431317,19.18460392431317,0.0,0.0,0.0,0.014583333333333334
15.233333333333333,49.67636071565882,0.8279393452609802,49.67636071565882,0.6546753132917952,0.8279393452609802,0.016262569764336515,0.014583333333333334,0.0,0.0,0.0016792364310031817,0.014583333333333334,0.0,0.0,0.0,0.0,19.18460392431317,19.18460392431317,0.0,0.0,0.0,0.014583333333333334
15.25,49.25978725681457,0.8209964542802428,49.25978725681457,0.6542543081077629,0.8209964542802428,0.01611582559718112,0.014583333333333334,0.0,0.0,0.0015324922638477873,0.014583333333333334,0.0,0.0,0.0,0.0,19.18460392431317,19.18460392431317,0.0,0.0,0.0,0.014583333333333334
15.266666666666666,48.84307058273848,0.8140511763789746,48.84307058273848,0.6538296857259733,0.8140511763789746,0.015969121656667383,0.014583333333333334,0.0,0.0,0.0013857883233340494,0.014583333333333334,0.0,0.0,0.0,0.0,19.18460392431317,19.18460392431317,0.0,0.0,0.0,0.014583333333333334
15.283333333333333,48.426237473302,0.8071039578883666,48.426237473302,0.6534014701883977,0.8071039578883666,0.015822469627336737,0.014583333333333334,0.0,0.0,0.0012391362940034033,0.014583333333333334,0.0,0.0,0.0,0.0,19.18460392431317,19.18460392431317,0.0,0.0,0.0,0.014583333333333334
15.299999999999999,48.009314754731555,0.8001552459121926,48.009314754731555,0.6529696864772743,0.8001552459121926,0.0156758811898119,0.014583333333333334,0.0,0.0,0.0010925478564785679,0.014583333333333334,0.0,0.0,0.0,0.0,19.18460392431317,19.18460392431317,0.0,0.0,0.0,0.014583333333333334
15.316666666666666,47.592329298642255,0.7932054883107043,47.592329298642255,0.6525343605165805,0.7932054883107043,0.015529368018993921,0.014583333333333334,0.0,0.0,0.0009460346856605874,0.014583333333333334,0.0,0.0,0.0,0.0,19.18460392431317,19.18460392431317,0.0,0.0,0.0,0.014583333333333334
15.333333333333334,47.17530802108175,0.7862551336846958,47.17530802108175,0.6520955191733241,0.7862551336846958,0.015382941782262618,0.014583333333333334,0.0,0.0,0.0007996084489292846,0.014583333333333334,0.0,0.0,0.0,0.0,19.18460392431317,19.18460392431317,0.0,0.0,0.0,0.014583333333333334
15.35,46.758277881580526,0.7793046313596754,46.758277881580526,0.6516531902586501,0.7793046313596754,0.015236614137679981,0.014583333333333334,0.0,0.0,0.0006532808043466475,0.014583333333333334,0.0,0.0,0.0,0.0,19.18460392431317,19.18460392431317,0.0,0.0,0.0,0.014583333333333334
15.366666666666667,46.34126588221265,0.7723544313702109,46.34126588221265,0.6512074025287661,0.7723544313702109,0.015090396732198535,0.014583333333333334,0.0,0.0,0.0005070633988652016,0.014583333333333334,0.0,0.0,0.0,0.0,19.18460392431317,19.18460392431317,0.0,0.0,0.0,0.014583333333333334
15.383333333333333,45.924299066664545,0.7654049844444091,45.924299066664545,0.6507581856856847,0.7654049844444091,0.014944301199874688,0.014583333333333334,0.0,0.0,0.00036096786654135453,0.014583333333333334,0.0,0.0,0.0,0.0,19.18460392431317,19.18460392431317,0.0,0.0,0.0,0.014583333333333334
15.4,45.50740451931405,0.7584567419885675,45.50740451931405,0.6503055703777834,0.7584567419885675,0.014798339160088528,0.014583333333333334,0.0,0.0,0.00021500582675519457,0.014583333333333334,0.0,0.0,0.0,0.0,19.18460392431317,19.18460392431317,0.0,0.0,0.0,0.014583333333333334
15.416666666666666,45.09060936431896,0.7515101560719826,45.09060936431896,0.6498495882001819,0.7515101560719826,0.014652522215770548,0.014583333333333334,0.0,0.0,6.918888243721485e-05,0.014583333333333334,0.0,0.0,0.0,0.0,19.18460392431317,19.18460392431317,0.0,0.0,0.0,0.014583333333333334
15.433333333333334,44.673940764715866,0.7445656794119311,44.673940764715866,0.6493902716949383,0.7445656794119311,0.014506861951636373,0.014506861951636373,0.0,0.0,0.0,0.014583333333333334,7.647138169696033e-05,0.0,0.0,0.0,19.18460392431317,19.18460392431317,0.0,0.0,0.0,0.014506861951636373
15.45,44.25742592153,0.7376237653588333,44.25742592153,0.6489276543510629,0.7376237653588333,0.014361369932430439,0.014361369932430439,0.0,0.0,0.0,0.014583333333333334,0.00022196340090289458,0.0,0.0,0.0,19.18460392431317,19.18460392431317,0.0,0.0,0.0,0.014361369932430439
15.466666666666667,43.84109207289576,0.730684867881596,43.84109207289576,0.6484617706043503,0.730684867881596,0.014216057701179284,0.014216057701179284,0.0,0.0,0.0,0.014583333333333334,0.00036727563215404983,0.0,0.0,0.0,19.18460392431317,19.18460392431317,0.0,0.0,0.0,0.014216057701179284
15.483333333333333,43.42496649318905,0.7237494415531509,43.42496649318905,0.6479926558370322,0.7237494415531509,0.0140709367774556,0.0140709367774556,0.0,0.0,0.0,0.014583333333333334,0.0005123965558777328,0.0,0.0,0.0,19.18460392431317,19.18460392431317,0.0,0.0,0.0,0.0140709367774556
15.5,43.00907649217128,0.716817941536188,43.00907649217128,0.6475203463772482,0.716817941536188,0.01392601865565372,0.01392601865565372,0.0,0.0,0.0,0.014583333333333334,0.0006573146776796129,0.0,0.0,0.0,19.18460392431317,19.18460392431317,0.0,0.0,0.0,0.01392601865565372
15.516666666666666,42.593449414146065,0.709890823569101,42.593449414146065,0.647044879498338,0.709890823569101,0.013781314803277676,0.013781314803277676,0.0,0.0,0.0,0.014583333333333334,0.0008020185300556572,0.0,0.0,0.0,19.18460392431317,19.18460392431317,0.0,0.0,0.0,0.013781314803277676
15.533333333333333,42.17811263712852,0.702968543952142,42.17811263712852,0.6465662934179541,0.702968543952142,0.013636836659242505,0.013636836659242505,0.0,0.0,0.0,0.014583333333333334,0.0009464966740908281,0.0,0.0,0.0,19.18460392431317,19.18460392431317,0.0,0.0,0.0,0.013636836659242505
15.549999999999999,41.763093572027735,0.6960515595337956,41.763093572027735,0.6460846272969961,0.6960515595337956,0.013492595632189776,0.013492595632189776,0.0,0.0,0.0,0.014583333333333334,0.0010907377011435578,0.0,0.0,0.0,19.18460392431317,19.18460392431317,0.0,0.0,0.0,0.013492595632189776
15.566666666666666,41.34841966184358,0.689140327697393,41.34841966184358,0.6455999212383678,0.689140327697393,0.01334860309881848,0.01334860309881848,0.0,0.0,0.0,0.014583333333333334,0.0012347302345148536,0.0,0.0,0.0,19.18460392431317,19.18460392431317,0.0,0.0,0.0,0.01334860309881848
15.583333333333334,40.934118380877024,0.6822353063479504,40.934118380877024,0.6451122162855576,0.6822353063479504,0.013204870402231703,0.013204870402231703,0.0,0.0,0.0,0.014583333333333334,0.0013784629311016303,0.0,0.0,0.0,19.18460392431317,19.18460392431317,0.0,0.0,0.0,0.013204870402231703
15.6,40.52021723395614,0.675336953899269,40.52021723395614,0.6446215544210424,0.675336953899269,0.013061408850300589,0.013061408850300589,0.0,0.0,0.0,0.014583333333333334,0.001521924483032745,0.0,0.0,0.0,19.18460392431317,19.18460392431317,0.0,0.0,0.0,0.013061408850300589
15.616666666666667,40.10674375567643,0.6684457292612739,40.10674375567643,0.644127978564518,0.6684457292612739,0.012918229714045888,0.012918229714045888,0.0,0.0,0.0,0.014583333333333334,0.0016651036192874454,0.0,0.0,0.0,19.18460392431317,19.18460392431317,0.0,0.0,0.0,0.012918229714045888
15.633333333333333,39.693725509658066,0.6615620918276344,39.693725509658066,0.6436315325709554,0.6615620918276344,0.012775344226038628,0.012775344226038628,0.0,0.0,0.0,0.014583333333333334,0.0018079891072947055,0.0,0.0,0.0,19.18460392431317,19.18460392431317,0.0,0.0,0.0,0.012775344226038628
15.65,39.28119008781874,0.6546865014636457,39.28119008781874,0.643132261228484,0.6546865014636457,0.012632763578820273,0.012632763578820273,0.0,0.0,0.0,0.014583333333333334,0.0019505697545130606,0.0,0.0,0.0,19.18460392431317,19.18460392431317,0.0,0.0,0.0,0.012632763578820273
15.666666666666666,38.8691651096642,0.6478194184944034,38.8691651096642,0.6426302102561051,0.6478194184944034,0.01249049892334372,0.01249049892334372,0.0,0.0,0.0,0.014583333333333334,0.0020928344099896135,0.0,0.0,0.0,19.18460392431317,19.18460392431317,0.0,0.0,0.0,0.01249049892334372
15.683333333333334,38.45767822159577,0.6409613036932629,38.45767822159577,0.6421254263012336,0.6409613036932629,0.01234856136743567,0.01234856136743567,0.0,0.0,0.0,0.014583333333333334,0.002234771965897664,0.0,0.0,0.0,19.18460392431317,19.18460392431317,0.0,0.0,0.0,0.01234856136743567
15.7,38.046757096236945,0.6341126182706157,38.046757096236945,0.6416179569370734,0.6341126182706157,0.012206961974281753,0.012206961974281753,0.0,0.0,0.0,0.014583333333333334,0.0023763713590515805,0.0,0.0,0.0,19.18460392431317,19.18460392431317,0.0,0.0,0.0,0.012206961974281753
15.716666666666667,37.63642943177802,0.6272738238629669,37.63642943177802,0.641107850659824,0.6272738238629669,0.012065711760934768,0.012065711760934768,0.0,0.0,0.0,0.014583333333333334,0.0025176215723985654,0.0,0.0,0.0,19.18460392431317,19.18460392431317,0.0,0.0,0.0,0.012065711760934768
15.733333333333333,37.22672295134115,0.6204453825223525,37.22672295134115,0.6405951568857232,0.6204453825223525,0.011924821696847554,0.011924821696847554,0.0,0.0,0.0,0.014583333333333334,0.0026585116364857796,0.0,0.0,0.0,19.18460392431317,19.18460392431317,0.0,0.0,0.0,0.011924821696847554
15.75,36.81766540236488,0.6136277567060814,36.81766540236488,0.6400799259479248,0.6136277567060814,0.011784302702430837,0.011784302702430837,0.0,0.0,0.0,0.014583333333333334,0.002799030630902496,0.0,0.0,0.0,19.18460392431317,19.18460392431317,0.0,0.0,0.0,0.011784302702430837
15.766666666666666,36.409284556010626,0.6068214092668438,36.409284556010626,0.6395622090932158,0.6068214092668438,0.011644165647637594,0.011644165647637594,0.0,0.0,0.0,0.014583333333333334,0.0029391676856957392,0.0,0.0,0.0,19.18460392431317,19.18460392431317,0.0,0.0,0.0,0.011644165647637594
15.783333333333333,36.0016082065896,0.6000268034431601,36.0016082065896,0.6390420584785714,0.6000268034431601,0.011504421350574083,0.011504421350574083,0.0,0.0,0.0,0.014583333333333334,0.003078911982759251,0.0,0.0,0.0,19.18460392431317,19.18460392431317,0.0,0.0,0.0,0.011504421350574083
15.799999999999999,35.59466417101399,0.5932444028502332,35.59466417101399,0.6385195271675553,0.5932444028502332,0.0113650805761395,0.0113650805761395,0.0,0.0,0.0,0.014583333333333334,0.0032182527571938332,0.0,0.0,0.0,19.18460392431317,19.18460392431317,0.0,0.0,0.0,0.0113650805761395
15.816666666666666,35.188480288269425,0.5864746714711571,35.188480288269425,0.6379946691265597,0.5864746714711571,0.01122615403469393,0.01122615403469393,0.0,0.0,0.0,0.014583333333333334,0.003357179298639403,0.0,0.0,0.0,19.18460392431317,19.18460392431317,0.0,0.0,0.0,0.01122615403469393
15.833333333333334,34.783084418913596,0.5797180736485599,34.783084418913596,0.6374675392208946,0.5797180736485599,0.011087652380756822,0.011087652380756822,0.0,0.0,0.0,0.014583333333333334,0.0034956809525765117,0.0,0.0,0.0,19.18460392431317,19.18460392431317,0.0,0.0,0.0,0.011087652380756822
15.85,34.378504444598384,0.5729750740766397,34.378504444598384,0.6369381932107241,0.5729750740766397,0.010949586211735845,0.010949586211735845,0.0,0.0,0.0,0.014583333333333334,0.0036337471215974887,0.0,0.0,0.0,19.18460392431317,19.18460392431317,0.0,0.0,0.0,0.010949586211735845
15.866666666666667,33.97476826761849,0.5662461377936414,33.97476826761849,0.6364066877468533,0.5662461377936414,0.010811966066687658,0.010811966066687658,0.0,0.0,0.0,0.014583333333333334,0.0037713672666456755,0.0,0.0,0.0,19.18460392431317,19.18460392431317,0.0,0.0,0.0,0.010811966066687658
15.883333333333333,33.57190381048715,0.5595317301747859,33.57190381048715,0.6358730803663684,0.5595317301747859,0.010674802425111454,0.010674802425111454,0.0,0.0,0.0,0.014583333333333334,0.00390853090822188,0.0,0.0,0.0,19.18460392431317,19.18460392431317,0.0,0.0,0.0,0.010674802425111454
15.9,33.169939015538944,0.552832316925649,33.169939015538944,0.6353374294881322,0.552832316925649,0.010538105705775886,0.010538105705775886,0.0,0.0,0.0,0.014583333333333334,0.004045227627557447,0.0,0.0,0.0,19.18460392431317,19.18460392431317,0.0,0.0,0.0,0.010538105705775886
15.916666666666666,32.768901844562244,0.5461483640760374,32.768901844562244,0.6347997944081389,0.5461483640760374,0.010401886265580857,0.010401886265580857,0.0,0.0,0.0,0.014583333333333334,0.004181447067752477,0.0,0.0,0.0,19.18460392431317,19.18460392431317,0.0,0.0,0.0,0.010401886265580857
15.933333333333334,32.36882027846061,0.5394803379743435,32.36882027846061,0.6342602352947284,0.5394803379743435,0.010266154398454448,0.010266154398454448,0.0,0.0,0.0,0.014583333333333334,0.004317178934878886,0.0,0.0,0.0,19.18460392431317,19.18460392431317,0.0,0.0,0.0,0.010266154398454448
15.95,31.969722316946164,0.5328287052824361,31.969722316946164,0.633718813183666,0.5328287052824361,0.01013092033428667,0.01013092033428667,0.0,0.0,0.0,0.014583333333333334,0.004452412999046664,0.0,0.0,0.0,19.18460392431317,19.18460392431317,0.0,0.0,0.0,0.01013092033428667
15.966666666666667,31.57163597826364,0.5261939329710607,31.57163597826364,0.6331755899730874,0.5261939329710607,0.009996194237900108,0.009996194237900108,0.0,0.0,0.0,0.014583333333333334,0.004587139095433226,0.0,0.0,0.0,19.18460392431317,19.18460392431317,0.0,0.0,0.0,0.009996194237900108
15.983333333333333,31.17458929894935,0.5195764883158225,31.17458929894935,0.6326306284183171,0.5195764883158225,0.009861986208059443,0.009861986208059443,0.0,0.0,0.0,0.014583333333333334,0.004721347125273891,0.0,0.0,0.0,19.18460392431317,19.18460392431317,0.0,0.0,0.0,0.009861986208059443
16.0,30.7786103336229,0.512976838893715,30.7786103336229,0.6320839921265559,0.512976838893715,0.009728306276519667,0.009728306276519667,0.0,0.0,0.0,0.014583333333333334,0.004855027056813666,0.0,0.0,0.0,19.18460392431317,19.18460392431317,0.0,0.0,0.0,0.009728306276519667
16.016666666666666,30.383727154816043,0.5063954525802674,30.383727154816043,0.6315357455514491,0.5063954525802674,0.00959516440711499,0.00959516440711499,0.0,0.0,0.0,0.014583333333333334,0.004988168926218343,0.0,0.0,0.0,19.18460392431317,19.18460392431317,0.0,0.0,0.0,0.00959516440711499
16.03333333333333,29.98996785283757,0.4998327975472928,29.98996785283757,0.6309859539875329,0.4998327975472928,0.00946257049488857,0.00946257049488857,0.0,0.0,0.0,0.014583333333333334,0.005120762838444764,0.0,0.0,0.0,19.18460392431317,19.18460392431317,0.0,0.0,0.0,0.00946257049488857
16.05,29.597360535677225,0.49328934226128707,29.597360535677225,0.6304346835645659,0.49328934226128707,0.009330534365264547,0.009330534365264547,0.0,0.0,0.0,0.014583333333333334,0.005252798968068786,0.0,0.0,0.0,19.18460392431317,19.18460392431317,0.0,0.0,0.0,0.009330534365264547
16.066666666666666,29.20593332894959,0.4867655554824932,29.20593332894959,0.6298820012417488,0.4867655554824932,0.009199065773263257,0.009199065773263257,0.0,0.0,0.0,0.014583333333333334,0.005384267560070077,0.0,0.0,0.0,19.18460392431317,19.18460392431317,0.0,0.0,0.0,0.009199065773263257
16.083333333333332,28.81571437587864,0.480261906264644,28.81571437587864,0.6293279748018351,0.480261906264644,0.009068174402760192,0.009068174402760192,0.0,0.0,0.0,0.014583333333333334,0.005515158930573142,0.0,0.0,0.0,19.18460392431317,19.18460392431317,0.0,0.0,0.0,0.009068174402760192
16.1,28.426731837326003,0.4737788639554334,28.426731837326003,0.6287726728451396,0.4737788639554334,0.008937869865790328,0.008937869865790328,0.0,0.0,0.0,0.014583333333333334,0.005645463467543006,0.0,0.0,0.0,19.18460392431317,19.18460392431317,0.0,0.0,0.0,0.008937869865790328
16.116666666666667,28.039013891863885,0.4673168981977314,28.039013891863885,0.6282161647834464,0.4673168981977314,0.008808161701898444,0.008808161701898444,0.0,0.0,0.0,0.014583333333333334,0.00577517163143489,0.0,0.0,0.0,19.18460392431317,19.18460392431317,0.0,0.0,0.0,0.008808161701898444
16.133333333333333,27.652588735893463,0.4608764789315577,27.652588735893463,0.6276585208338223,0.4608764789315577,0.008679059377536208,0.008679059377536208,0.0,0.0,0.0,0.014583333333333334,0.005904273955797125,0.0,0.0,0.0,19.18460392431317,19.18460392431317,0.0,0.0,0.0,0.008679059377536208
16.15,27.267484583812617,0.45445807639687696,27.267484583812617,0.6270998120123407,0.45445807639687696,0.008550572285507697,0.008550572285507697,0.0,0.0,0.0,0.014583333333333334,0.006032761047825637,0.0,0.0,0.0,19.18460392431317,19.18460392431317,0.0,0.0,0.0,0.008550572285507697
16.166666666666668,26.88372966823249,0.44806216113720815,26.88372966823249,0.626540110127719,0.44806216113720815,0.008422709744463552,0.008422709744463552,0.0,0.0,0.0,0.014583333333333334,0.0061606235888697816,0.0,0.0,0.0,19.18460392431317,19.18460392431317,0.0,0.0,0.0,0.008422709744463552
16.183333333333334,26.5013522402474,0.4416892040041233,26.5013522402474,0.6259794877748782,0.4416892040041233,0.00829548099844569,0.00829548099844569,0.0,0.0,0.0,0.014583333333333334,0.006287852334887644,0.0,0.0,0.0,19.18460392431317,19.18460392431317,0.0,0.0,0.0,0.00829548099844569
16.2,26.120380569757334,0.4353396761626222,26.120380569757334,0.6254180183284251,0.4353396761626222,0.008168895216482615,0.008168895216482615,0.0,0.0,0.0,0.014583333333333334,0.006414438116850718,0.0,0.0,0.0,19.18460392431317,19.18460392431317,0.0,0.0,0.0,0.008168895216482615
16.216666666666665,25.740842945847998,0.4290140490974666,25.740842945847998,0.6248557759360679,0.4290140490974666,0.008042961492237379,0.008042961492237379,0.0,0.0,0.0,0.014583333333333334,0.006540371841095955,0.0,0.0,0.0,19.18460392431317,19.18460392431317,0.0,0.0,0.0,0.008042961492237379
16.233333333333334,25.362767677228344,0.4227127946204724,25.362767677228344,0.6242928355119661,0.4227127946204724,0.007917688843708434,0.007917688843708434,0.0,0.0,0.0,0.014583333333333334,0.0066656444896249,0.0,0.0,0.0,19.18460392431317,19.18460392431317,0.0,0.0,0.0,0.007917688843708434
16.25,24.98618309272992,0.416436384878832,24.98618309272992,0.6237292727300257,0.416436384878832,0.007793086212985147,0.007793086212985147,0.0,0.0,0.0,0.014583333333333334,0.006790247120348186,0.0,0.0,0.0,19.18460392431317,19.18460392431317,0.0,0.0,0.0,0.007793086212985147
16.266666666666666,24.611117541868644,0.41018529236447737,24.611117541868644,0.6231651640171406,0.41018529236447737,0.007669162466058456,0.007669162466058456,0.0,0.0,0.0,0.014583333333333334,0.006914170867274878,0.0,0.0,0.0,19.18460392431317,19.18460392431317,0.0,0.0,0.0,0.007669162466058456
16.28333333333333,24.237599395473293,0.4039599899245549,24.237599395473293,0.6226005865463922,0.4039599899245549,0.007545926392688345,0.007545926392688345,0.0,0.0,0.0,0.014583333333333334,0.0070374069406449885,0.0,0.0,0.0,19.18460392431317,19.18460392431317,0.0,0.0,0.0,0.007545926392688345
16.3,23.865657046382434,0.3977609507730406,23.865657046382434,0.6220356182302095,0.3977609507730406,0.007423386706328959,0.007423386706328959,0.0,0.0,0.0,0.014583333333333334,0.007159946627004374,0.0,0.0,0.0,19.18460392431317,19.18460392431317,0.0,0.0,0.0,0.007423386706328959
16.316666666666666,23.49531891021333,0.3915886485035555,23.49531891021333,0.6214703377135005,0.3915886485035555,0.0073015520441127475,0.0073015520441127475,0.0,0.0,0.0,0.014583333333333334,0.007281781289220586,0.0,0.0,0.0,19.18460392431317,19.18460392431317,0.0,0.0,0.0,0.0073015520441127475
16.333333333333332,23.126613426204862,0.3854435571034144,23.126613426204862,0.6209048243667585,0.3854435571034144,0.007180430966894515,0.007180430966894515,0.0,0.0,0.0,0.014583333333333334,0.007402902366438819,0.0,0.0,0.0,19.18460392431317,19.18460392431317,0.0,0.0,0.0,0.007180430966894515
16.35,22.759569058138997,0.37932615096898326,22.759569058138997,0.6203391582791561,0.37932615096898326,0.007060031959357072,0.007060031959357072,0.0,0.0,0.0,0.014583333333333334,0.007523301373976262,0.0,0.0,0.0,19.18460392431317,19.18460392431317,0.0,0.0,0.0,0.007060031959357072
16.366666666666667,22.39421429534373,0.3732369049223955,22.39421429534373,0.6197734202516297,0.3732369049223955,0.00694036343017958,0.00694036343017958,0.0,0.0,0.0,0.014583333333333334,0.0076429699031537535,0.0,0.0,0.0,19.18460392431317,19.18460392431317,0.0,0.0,0.0,0.00694036343017958
16.383333333333333,22.030577653779616,0.36717629422966025,22.030577653779616,0.6192076917899672,0.36717629422966025,0.00682143371226948,0.00682143371226948,0.0,0.0,0.0,0.014583333333333334,0.007761899621063853,0.0,0.0,0.0,19.18460392431317,19.18460392431317,0.0,0.0,0.0,0.00682143371226948
16.4,21.668687677216372,0.3611447946202729,21.668687677216372,0.6186420550979053,0.3611447946202729,0.006703251063060202,0.006703251063060202,0.0,0.0,0.0,0.014583333333333334,0.00788008227027313,0.0,0.0,0.0,19.18460392431317,19.18460392431317,0.0,0.0,0.0,0.006703251063060202
16.416666666666668,21.30857293850114,0.35514288230835234,21.30857293850114,0.6180765930702481,0.35514288230835234,0.0065858236648753225,0.0065858236648753225,0.0,0.0,0.0,0.014583333333333334,0.007997509668458011,0.0,0.0,0.0,19.18460392431317,19.18460392431317,0.0,0.0,0.0,0.0065858236648753225
16.433333333333334,20.950262040923754,0.3491710340153959,20.950262040923754,0.6175113892860138,0.3491710340153959,0.00646915962536097,0.00646915962536097,0.0,0.0,0.0,0.014583333333333334,0.008114173707972364,0.0,0.0,0.0,19.18460392431317,19.18460392431317,0.0,0.0,0.0,0.00646915962536097
16.45,20.593783619682718,0.34322972699471194,20.593783619682718,0.6169465280016224,0.34322972699471194,0.006353266977987768,0.006353266977987768,0.0,0.0,0.0,0.014583333333333334,0.008230066355345567,0.0,0.0,0.0,19.18460392431317,19.18460392431317,0.0,0.0,0.0,0.006353266977987768
16.466666666666665,20.23916634345728,0.33731943905762135,20.23916634345728,0.6163820941441333,0.33731943905762135,0.006238153682624092,0.006238153682624092,0.0,0.0,0.0,0.014583333333333334,0.008345179650709241,0.0,0.0,0.0,19.18460392431317,19.18460392431317,0.0,0.0,0.0,0.006238153682624092
16.483333333333334,19.88643891609029,0.33144064860150485,19.88643891609029,0.6158181733045467,0.33144064860150485,0.006123827626182205,0.006123827626182205,0.0,0.0,0.0,0.014583333333333334,0.008459505707151128,0.0,0.0,0.0,19.18460392431317,19.18460392431317,0.0,0.0,0.0,0.006123827626182205
16.5,19.535630078386585,0.3255938346397764,19.535630078386585,0.6152548517311776,0.3255938346397764,0.0060102966233387695,0.0060102966233387695,0.0,0.0,0.0,0.014583333333333334,0.008573036709994564,0.0,0.0,0.0,19.18460392431317,19.18460392431317,0.0,0.0,0.0,0.0060102966233387695
16.516666666666666,19.18676861003257,0.31977947683387614,19.18676861003257,0.6146922163231159,0.31977947683387614,0.005897568417331588,0.005897568417331588,0.0,0.0,0.0,0.014583333333333334,0.008685764916001745,0.0,0.0,0.0,19.18460392431317,19.18460392431317,0.0,0.0,0.0,0.005897568417331588
16.53333333333333,18.839883331643527,0.31399805552739213,18.839883331643527,0.6141303546237877,0.31399805552739213,0.005785650680834597,0.005785650680834597,0.0,0.0,0.0,0.014583333333333334,0.008797682652498737,0.0,0.0,0.0,19.18460392431317,19.18460392431317,0.0,0.0,0.0,0.005785650680834597
16.55,18.495003106943766,0.3082500517823961,18.495003106943766,0.613569354814629,0.3082500517823961,0.005674551016912714,0.005674551016912714,0.0,0.0,0.0,0.014583333333333334,0.00890878231642062,0.0,0.0,0.0,19.18460392431317,19.18460392431317,0.0,0.0,0.0,0.005674551016912714
16.566666666666666,18.152156845087365,0.30253594741812273,18.152156845087365,0.6130093057088882,0.30253594741812273,0.005564276960058931,0.005564276960058931,0.0,0.0,0.0,0.014583333333333334,0.009019056373274402,0.0,0.0,0.0,19.18460392431317,19.18460392431317,0.0,0.0,0.0,0.005564276960058931
16.583333333333332,17.81137350312453,0.2968562250520755,17.81137350312453,0.612450296745571,0.2968562250520755,0.005454835977315141,0.005454835977315141,0.0,0.0,0.0,0.014583333333333334,0.009128497356018193,0.0,0.0,0.0,19.18460392431317,19.18460392431317,0.0,0.0,0.0,0.005454835977315141
16.6,17.47268208862352,0.29121136814372534,17.47268208862352,0.6118924179835461,0.29121136814372534,0.00534623546947977,0.00534623546947977,0.0,0.0,0.0,0.014583333333333334,0.009237097863853565,0.0,0.0,0.0,19.18460392431317,19.18460392431317,0.0,0.0,0.0,0.00534623546947977
16.616666666666667,17.13611166245414,0.28560186104090235,17.13611166245414,0.6113357600958274,0.28560186104090235,0.005238482772403927,0.005238482772403927,0.0,0.0,0.0,0.014583333333333334,0.009344850560929405,0.0,0.0,0.0,19.18460392431317,19.18460392431317,0.0,0.0,0.0,0.005238482772403927
16.633333333333333,16.80169134174134,0.2800281890290223,16.80169134174134,0.6107804143640513,0.2800281890290223,0.005131585158378671,0.005131585158378671,0.0,0.0,0.0,0.014583333333333334,0.009451748174954661,0.0,0.0,0.0,19.18460392431317,19.18460392431317,0.0,0.0,0.0,0.005131585158378671
16.65,16.469450302998563,0.2744908383833094,16.469450302998563,0.6102264726731678,0.2744908383833094,0.005025549837616186,0.005025549837616186,0.0,0.0,0.0,0.014583333333333334,0.009557783495717148,0.0,0.0,0.0,19.18460392431317,19.18460392431317,0.0,0.0,0.0,0.005025549837616186
16.666666666666668,16.1394177854496,0.26899029642415995,16.1394177854496,0.6096740275063663,0.26899029642415995,0.004920383959827451,0.004920383959827451,0.0,0.0,0.0,0.014583333333333334,0.009662949373505883,0.0,0.0,0.0,19.18460392431317,19.18460392431317,0.0,0.0,0.0,0.004920383959827451
16.683333333333334,15.811623094549962,0.26352705157583267,15.811623094549962,0.6091231719402589,0.26352705157583267,0.004816094615899653,0.004816094615899653,0.0,0.0,0.0,0.014583333333333334,0.00976723871743368,0.0,0.0,0.0,19.18460392431317,19.18460392431317,0.0,0.0,0.0,0.004816094615899653
16.7,15.486095605716738,0.2581015934286123,15.486095605716738,0.6085739996403395,0.2581015934286123,0.0047126888396758285,0.0047126888396758285,0.0,0.0,0.0,0.014583333333333334,0.009870644493657505,0.0,0.0,0.0,19.18460392431317,19.18460392431317,0.0,0.0,0.0,0.0047126888396758285
16.716666666666665,15.162864768280599,0.25271441280467666,15.162864768280599,0.6080266048567495,0.25271441280467666,0.004610173609840823,0.004610173609840823,0.0,0.0,0.0,0.014583333333333334,0.009973159723492511,0.0,0.0,0.0,19.18460392431317,19.18460392431317,0.0,0.0,0.0,0.004610173609840823
16.733333333333334,14.841960109670724,0.2473660018278454,14.841960109670724,0.6074810824203709,0.2473660018278454,0.004508555851916561,0.004508555851916561,0.0,0.0,0.0,0.014583333333333334,0.010074777481416773,0.0,0.0,0.0,19.18460392431317,19.18460392431317,0.0,0.0,0.0,0.004508555851916561
16.75,14.523411239846673,0.24205685399744456,14.523411239846673,0.6069375277392763,0.24205685399744456,0.004407842440370717,0.004407842440370717,0.0,0.0,0.0,0.014583333333333334,0.010175490892962616,0.0,0.0,0.0,19.18460392431317,19.18460392431317,0.0,0.0,0.0,0.004407842440370717
16.766666666666666,14.207247855990213,0.23678746426650354,14.207247855990213,0.6063960367955651,0.23678746426650354,0.0043080402008424615,0.0043080402008424615,0.0,0.0,0.0,0.014583333333333334,0.010275293132490872,0.0,0.0,0.0,19.18460392431317,19.18460392431317,0.0,0.0,0.0,0.0043080402008424615
16.78333333333333,13.8934997474735,0.23155832912455834,13.8934997474735,0.6058567061426166,0.23155832912455834,0.004209155912490034,0.004209155912490034,0.0,0.0,0.0,0.014583333333333334,0.0103741774208433,0.0,0.0,0.0,19.18460392431317,19.18460392431317,0.0,0.0,0.0,0.004209155912490034
16.8,13.582196801118743,0.22636994668531238,13.582196801118743,0.6053196329027943,0.22636994668531238,0.004111196310464399,0.004111196310464399,0.0,0.0,0.0,0.014583333333333334,0.010472137022868935,0.0,0.0,0.0,19.18460392431317,19.18460392431317,0.0,0.0,0.0,0.004111196310464399
16.816666666666666,13.273369006767405,0.22122281677945674,13.273369006767405,0.6047849147656368,0.22122281677945674,0.004014168088514187,0.004014168088514187,0.0,0.0,0.0,0.014583333333333334,0.010569165244819146,0.0,0.0,0.0,19.18460392431317,19.18460392431317,0.0,0.0,0.0,0.004014168088514187
16.833333333333332,12.967046463176759,0.21611744105294597,12.967046463176759,0.6042526499865717,0.21611744105294597,0.0039180779017269525,0.0039180779017269525,0.0,0.0,0.0,0.014583333333333334,0.010665255431606381,0.0,0.0,0.0,19.18460392431317,19.18460392431317,0.0,0.0,0.0,0.0039180779017269525
16.85,12.66325938426468,0.211054323071078,12.66325938426468,0.6037229373861978,0.211054323071078,0.003822932369412745,0.003822932369412745,0.0,0.0,0.0,0.014583333333333334,0.010760400963920589,0.0,0.0,0.0,19.18460392431317,19.18460392431317,0.0,0.0,0.0,0.003822932369412745
16.866666666666667,12.362038105724208,0.2060339684287368,12.362038105724208,0.6031958763501747,0.2060339684287368,0.0037287380781360975,0.0037287380781360975,0.0,0.0,0.0,0.014583333333333334,0.010854595255197236,0.0,0.0,0.0,19.18460392431317,19.18460392431317,0.0,0.0,0.0,0.0037287380781360975
16.883333333333333,12.063413092030013,0.20105688486716689,12.063413092030013,0.6026715668297704,0.20105688486716689,0.003635501584902737,0.003635501584902737,0.0,0.0,0.0,0.014583333333333334,0.010947831748430597,0.0,0.0,0.0,19.18460392431317,19.18460392431317,0.0,0.0,0.0,0.003635501584902737
16.9,11.76741494386389,0.1961235823977315,11.76741494386389,0.6021501093431171,0.1961235823977315,0.0035432294205087872,0.0035432294205087872,0.0,0.0,0.0,0.014583333333333334,0.011040103912824546,0.0,0.0,0.0,19.18460392431317,19.18460392431317,0.0,0.0,0.0,0.0035432294205087872
16.916666666666668,11.474074405984245,0.19123457343307076,11.474074405984245,0.6016316049772279,0.19123457343307076,0.0034519280930595236,0.0034519280930595236,0.0,0.0,0.0,0.014583333333333334,0.01113140524027381,0.0,0.0,0.0,19.18460392431317,19.18460392431317,0.0,0.0,0.0,0.0034519280930595236
16.933333333333334,11.183422375570801,0.18639037292618002,11.183422375570801,0.6011161553908375,0.18639037292618002,0.00336160409166666,0.00336160409166666,0.0,0.0,0.0,0.014583333333333334,0.011221729241666673,0.0,0.0,0.0,19.18460392431317,19.18460392431317,0.0,0.0,0.0,0.00336160409166666
16.95,10.895489911074623,0.1815914985179104,10.895489911074623,0.600603862818126,0.1815914985179104,0.003272263890332703,0.003272263890332703,0.0,0.0,0.0,0.014583333333333334,0.011311069443000631,0.0,0.0,0.0,19.18460392431317,19.18460392431317,0.0,0.0,0.0,0.003272263890332703
16.966666666666665,10.610308241609314,0.17683847069348857,10.610308241609314,0.600094830073399,0.17683847069348857,0.0031839139520326663,0.0031839139520326663,0.0,0.0,0.0,0.014583333333333334,0.011399419381300667,0.0,0.0,0.0,19.18460392431317,19.18460392431317,0.0,0.0,0.0,0.0031839139520326663
16.983333333333334,10.327908776919816,0.17213181294866362,10.327908776919816,0.5995891605567959,0.17213181294866362,0.0030965607330035593,0.0030965607330035593,0.0,0.0,0.0,0.014583333333333334,0.011486772600329775,0.0,0.0,0.0,19.18460392431317,19.18460392431317,0.0,0.0,0.0,0.0030965607330035593
17.0,10.048323117970066,0.16747205196616777,10.048323117970066,0.5990869582611088,0.16747205196616777,0.003010210687253459,0.003010210687253459,0.0,0.0,0.0,0.014583333333333334,0.011573122646079875,0.0,0.0,0.0,19.18460392431317,19.18460392431317,0.0,0.0,0.0,0.003010210687253459
17.016666666666666,9.77158306819279,0.16285971780321315,0.0,0.0,0.0,0.0,0.0,0.00546212617046535,0.0,0.0,0.014583333333333334,0.009121207162867984,0.0,0.0,0.036191048400714035,19.148412875912456,19.148412875912456,0.0,0.16285971780321315,0.0,0.00546212617046535
17.03333333333333,9.497720645450954,0.15829534409084922,0.0,0.0,0.0,0.0,0.0,0.005309042366548828,0.0,0.0,0.014583333333333334,0.009274290966784506,0.0,0.0,0.03517674313129983,19.113236132781157,19.113236132781157,0.0,0.15829534409084922,0.0,0.005309042366548828
17.05,9.226768094761825,0.15377946824603042,0.0,0.0,0.0,0.0,0.0,0.005157585124897691,0.0,0.0,0.014583333333333334,0.009425748208435641,0.0,0.0,0.03417321516578454,19.079062917615374,19.079062917615374,0.0,0.15377946824603042,0.0,0.005157585124897691
17.066666666666666,8.958757901843027,0.1493126316973838,0.0,0.0,0.0,0.0,0.0,0.005007772604400542,0.0,0.0,0.014583333333333334,0.009575560728932791,0.0,0.0,0.033180584821640845,19.045882332793735,19.045882332793735,0.0,0.1493126316973838,0.0,0.005007772604400542
17.083333333333332,8.693722807540848,0.1448953801256808,0.0,0.0,0.0,0.0,0.0,0.0048596231065579755,0.0,0.0,0.014583333333333334,0.009723710226775359,0.0,0.0,0.0321989733612624,19.013683359432473,19.013683359432473,0.0,0.14489538012568082,0.0,0.0048596231065579755
17.1,8.431695823212557,0.1405282637202093,0.0,0.0,0.0,0.0,0.0,0.004713155084081003,0.0,0.0,0.014583333333333334,0.00987017824925233,0.0,0.0,0.0312285030489354,18.982454856383537,18.982454856383537,0.0,0.1405282637202093,0.0,0.004713155084081003
17.116666666666667,8.17271024713626,0.136211837452271,0.0,0.0,0.0,0.0,0.0,0.0045683871500638365,0.0,0.0,0.014583333333333334,0.010014946183269497,0.0,0.0,0.030269297211615778,18.952185559171923,18.952185559171923,0.0,0.136211837452271,0.0,0.0045683871500638365
17.133333333333333,7.916799682032144,0.1319466613672024,0.0,0.0,0.0,0.0,0.0,0.004425338087777935,0.0,0.0,0.014583333333333334,0.010157995245555398,0.0,0.0,0.029321480303822756,18.922864078868102,18.922864078868102,0.0,0.1319466613672024,0.0,0.004425338087777935
17.15,7.663998053787191,0.12773330089645318,0.0,0.0,0.0,0.0,0.0,0.00428402686113875,0.0,0.0,0.014583333333333334,0.010299306472194583,0.0,0.0,0.028385177976989598,18.894478900891112,18.894478900891112,0.0,0.12773330089645318,0.0,0.00428402686113875
17.166666666666668,7.414339631483831,0.12357232719139717,0.0,0.0,0.0,0.0,0.0,0.004144472625901361,0.0,0.0,0.014583333333333334,0.010438860707431972,0.0,0.0,0.027460517153643817,18.86701838373747,18.86701838373747,0.0,0.12357232719139717,0.0,0.004144472625901361
17.183333333333334,7.167859048844953,0.11946431748074922,0.0,0.0,0.0,0.0,0.0,0.004006694741647816,0.0,0.0,0.014583333333333334,0.010576638591685518,0.0,0.0,0.026547626106833158,18.840470757630637,18.840470757630637,0.0,0.1194643174807492,1.3877787807814457e-17,0.004006694741647816
17.2,6.924591327218328,0.1154098554536388,0.0,0.0,0.0,0.0,0.0,0.003870712784634988,0.0,0.0,0.014583333333333334,0.010712620548698346,0.0,0.0,0.025646634545253066,18.814824123085383,18.814824123085383,0.0,0.1154098554536388,0.0,0.003870712784634988
17.216666666666665,6.684571900238977,0.11140953167064961,0.0,0.0,0.0,0.0,0.0,0.0037365465615803567,0.0,0.0,0.014583333333333334,0.010846786771752976,0.0,0.0,0.0247576737045888,18.790066449380795,18.790066449380795,0.0,0.11140953167064961,0.0,0.0037365465615803567
17.233333333333334,6.447836640321743,0.10746394400536238,0.0,0.0,0.0,0.0,0.0,0.003604216124470847,0.0,0.0,0.014583333333333334,0.010979117208862486,0.0,0.0,0.023880876445636086,18.76618557293516,18.76618557293516,0.0,0.10746394400536238,0.0,0.003604216124470847
17.25,6.214421887154877,0.10357369811924795,0.0,0.0,0.0,0.0,0.0,0.00347374178649019,0.0,0.0,0.014583333333333334,0.011109591546843144,0.0,0.0,0.023016377359832876,18.743169195575327,18.743169195575327,0.0,0.10357369811924794,1.3877787807814457e-17,0.00347374178649019
17.266666666666666,5.984364478384677,0.09973940797307795,0.0,0.0,0.0,0.0,0.0,0.0033451441391710484,0.0,0.0,0.014583333333333334,0.011238189194162286,0.0,0.0,0.022164312882906212,18.72100488269242,18.72100488269242,0.0,0.09973940797307795,0.0,0.0033451441391710484
17.28333333333333,5.757701782705522,0.09596169637842536,0.0,0.0,0.0,0.0,0.0,0.0032184440708917014,0.0,0.0,0.014583333333333334,0.011364889262441632,0.0,0.0,0.021324821417427857,18.699680061274993,18.699680061274993,0.0,0.09596169637842536,0.0,0.0032184440708917014
17.3,5.534471735593843,0.09224119559323071,0.0,0.0,0.0,0.0,0.0,0.003093662786850648,0.0,0.0,0.014583333333333334,0.011489670546482686,0.0,0.0,0.02049804346516238,18.67918201780983,18.67918201780983,0.0,0.09224119559323071,0.0,0.003093662786850648
17.316666666666666,5.314712877956231,0.08857854796593718,0.0,0.0,0.0,0.0,0.0,0.00297082183067015,0.0,0.0,0.014583333333333334,0.011612511502663184,0.0,0.0,0.019684121770208264,18.65949789603962,18.65949789603962,0.0,0.08857854796593718,0.0,0.00297082183067015
17.333333333333332,5.098464397995539,0.08497440663325898,0.0,0.0,0.0,0.0,0.0,0.002849943107798575,0.0,0.0,0.014583333333333334,0.011733390225534759,0.0,0.0,0.01888320147405755,18.640614694565564,18.640614694565564,0.0,0.08497440663325898,0.0,0.002849943107798575
17.35,4.885766176639954,0.08142943627733255,0.0,0.0,0.0,0.0,0.0,0.0027310489109043717,0.0,0.0,0.014583333333333334,0.011852284422428961,0.0,0.0,0.018095430283851677,18.622519264281713,18.622519264281713,0.0,0.08142943627733255,0.0,0.0027310489109043717
17.366666666666667,4.676658836925653,0.07794431394876088,0.0,0.0,0.0,0.0,0.0,0.00261416194748002,0.0,0.0,0.014583333333333334,0.011969171385853314,0.0,0.0,0.017320958655280196,18.605198305626434,18.605198305626434,0.0,0.07794431394876088,0.0,0.00261416194748002
17.383333333333333,4.4711837977778215,0.07451972996296369,0.0,0.0,0.0,0.0,0.0,0.0024993053699045773,0.0,0.0,0.014583333333333334,0.012084027963428756,0.0,0.0,0.016559939991769707,18.588638365634665,18.588638365634665,0.0,0.07451972996296369,0.0,0.0024993053699045773
17.4,4.26938333269933,0.07115638887832217,0.0,0.0,0.0,0.0,0.0,0.0023865028082495233,0.0,0.0,0.014583333333333334,0.01219683052508381,0.0,0.0,0.01581253086184937,18.572825834772814,18.572825834772814,0.0,0.07115638887832217,0.0,0.0023865028082495233
17.416666666666668,4.0713006339492726,0.0678550105658212,0.0,0.0,0.0,0.0,0.0,0.002275778406153313,0.0,0.0,0.014583333333333334,0.01230755492718002,0.0,0.0,0.015078891236849155,18.557746943535964,18.557746943535964,0.0,0.0678550105658212,0.0,0.002275778406153313
17.433333333333334,3.8769798828824045,0.0646163313813734,0.0,0.0,0.0,0.0,0.0,0.002167156860139774,0.0,0.0,0.014583333333333334,0.01241617647319356,0.0,0.0,0.014359184751416312,18.543387758784547,18.543387758784547,0.0,0.0646163313813734,0.0,0.002167156860139774
17.45,3.686466327223255,0.06144110545372092,0.0,0.0,0.0,0.0,0.0,0.0020606634628128353,0.0,0.0,0.014583333333333334,0.012522669870520498,0.0,0.0,0.01365357898971576,18.529734179794833,18.529734179794833,0.0,0.06144110545372092,0.0,0.0020606634628128353
17.466666666666665,3.499806366173093,0.05833010610288489,0.0,0.0,0.0,0.0,0.0,0.001956324150429678,0.0,0.0,0.014583333333333334,0.012627009182903656,0.0,0.0,0.012962245800641085,18.516771933994193,18.516771933994193,0.0,0.05833010610288489,0.0,0.001956324150429678
17.483333333333334,3.3170476443950685,0.05528412740658448,0.0,0.0,0.0,0.0,0.0,0.0018541655554366189,0.0,0.0,0.014583333333333334,0.012729167777896715,0.0,0.0,0.012285361645907662,18.504486572348284,18.504486572348284,0.0,0.05528412740658448,0.0,0.0018541655554366189
17.5,3.1382391560997815,0.052303985934996355,0.0,0.0,0.0,0.0,0.0,0.001754215064650926,0.0,0.0,0.014583333333333334,0.012829118268682407,0.0,0.0,0.011623107985554746,18.49286346436273,18.49286346436273,0.0,0.052303985934996355,0.0,0.001754215064650926
17.516666666666666,2.9634313606678986,0.04939052267779831,0.0,0.0,0.0,0.0,0.0,0.0016565008838916328,0.0,0.0,0.014583333333333334,0.0129268324494417,0.0,0.0,0.010975671706177402,18.481887792656554,18.481887792656554,0.0,0.04939052267779831,0.0,0.0016565008838916328
17.53333333333333,2.792676311507013,0.04654460519178354,0.0,0.0,0.0,0.0,0.0,0.00156105211000803,0.0,0.0,0.014583333333333334,0.013022281223325303,0.0,0.0,0.01034324559817412,18.47154454705838,18.47154454705838,0.0,0.04654460519178354,0.0,0.00156105211000803
17.55,2.6260278001576056,0.04376713000262676,0.0,0.0,0.0,0.0,0.0,0.0014678988114321184,0.0,0.0,0.014583333333333334,0.013115434521901215,0.0,0.0,0.009726028889472613,18.461818518168908,18.461818518168908,0.0,0.04376713000262676,0.0,0.0014678988114321184
17.566666666666666,2.463541518055032,0.0410590253009172,0.0,0.0,0.0,0.0,0.0,0.001377072118600429,0.0,0.0,0.014583333333333334,0.013206261214732905,0.0,0.0,0.009124227844648267,18.45269429032426,18.45269429032426,0.0,0.0410590253009172,0.0,0.001377072118600429
17.583333333333332,2.305275238839477,0.03842125398065795,0.0,0.0,0.0,0.0,0.0,0.0012886043258617712,0.0,0.0,0.014583333333333334,0.013294729007471563,0.0,0.0,0.008538056440146212,18.444156233884115,18.444156233884115,0.0,0.03842125398065795,0.0,0.0012886043258617712
17.6,2.151289024713532,0.035854817078558865,0.0,0.0,0.0,0.0,0.0,0.0012025290068271286,0.0,0.0,0.014583333333333334,0.013380804326506205,0.0,0.0,0.007967737128568637,18.43618849675555,18.43618849675555,0.0,0.035854817078558865,0.0,0.0012025290068271286
17.616666666666667,2.0016454611101957,0.033360757685169926,0.0,0.0,0.0,0.0,0.0,0.0011188811455445401,0.0,0.0,0.014583333333333334,0.013464452187788793,0.0,0.0,0.007413501707815539,18.428774995047732,18.428774995047732,0.0,0.033360757685169926,0.0,0.0011188811455445401
17.633333333333333,1.8564099249050712,0.030940165415084517,0.0,0.0,0.0,0.0,0.0,0.0010376972864245362,0.0,0.0,0.014583333333333334,0.013545636046908798,0.0,0.0,0.006875592314463226,18.421899402733267,18.421899402733267,0.0,0.030940165415084517,0.0,0.0010376972864245362
17.65,1.715650892653073,0.028594181544217882,0.0,0.0,0.0,0.0,0.0,0.0009590157065385036,0.0,0.0,0.014583333333333334,0.01362431762679483,0.0,0.0,0.006354262565381751,18.415545140167886,18.415545140167886,0.0,0.028594181544217882,0.0,0.0009590157065385036
17.666666666666668,1.579440296942895,0.026324004949048248,0.0,0.0,0.0,0.0,0.0,0.0008828766148139487,0.0,0.0,0.014583333333333334,0.013700456718519384,0.0,0.0,0.005849778877566277,18.40969536129032,18.40969536129032,0.0,0.026324004949048248,0.0,0.0008828766148139487
17.683333333333334,1.4478539410804132,0.024130899018006885,0.0,0.0,0.0,0.0,0.0,0.0008093223838345097,0.0,0.0,0.014583333333333334,0.013774010949498823,0.0,0.0,0.00536242200400153,18.40433293928632,18.40433293928632,0.0,0.024130899018006885,0.0,0.0008093223838345097
17.7,1.3209719851185229,0.02201619975197538,0.0,0.0,0.0,0.0,0.0,0.0007383978215212459,0.0,0.0,0.014583333333333334,0.013844935511812088,0.0,0.0,0.004892488833772307,18.39944045045255,18.39944045045255,0.0,0.02201619975197538,0.0,0.0007383978215212459
17.716666666666665,1.198879520029561,0.019981325333826017,0.0,0.0,0.0,0.0,0.0,0.0006701504920839305,0.0,0.0,0.014583333333333334,0.013913182841249403,0.0,0.0,0.004440294518628003,18.39500015593392,18.39500015593392,0.0,0.019981325333826017,0.0,0.0006701504920839305
17.733333333333334,1.0816672519698651,0.018027787532831085,0.0,0.0,0.0,0.0,0.0,0.0006046310985117208,0.0,0.0,0.014583333333333334,0.013978702234821613,0.0,0.0,0.004006175007295797,18.390993980926627,18.390993980926627,0.0,0.018027787532831085,0.0,0.0006046310985117208
17.75,0.9694323257398086,0.01615720542899681,0.0,0.0,0.0,0.0,0.0,0.0005418939428714097,0.0,0.0,0.014583333333333334,0.014041439390461924,0.0,0.0,0.0035904900953326246,18.387403490831293,18.387403490831293,0.0,0.01615720542899681,0.0,0.0005418939428714097
17.766666666666666,0.8622793266477878,0.014371322110796463,0.0,0.0,0.0,0.0,0.0,0.0004819974863300417,0.0,0.0,0.014583333333333334,0.014101335847003292,0.0,0.0,0.0031936271357325473,18.38420986369556,18.38420986369556,0.0,0.014371322110796463,0.0,0.0004819974863300417
17.78333333333333,0.7603215145618043,0.012672025242696738,0.0,0.0,0.0,0.0,0.0,0.00042500503896590787,0.0,0.0,0.014583333333333334,0.014158328294367426,0.0,0.0,0.002816005609488164,18.38139385808607,18.38139385808607,0.0,0.012672025242696738,0.0,0.00042500503896590787
17.8,0.6636823654373913,0.011061372757289856,0.0,0.0,0.0,0.0,0.0,0.00037098562145287804,0.0,0.0,0.014583333333333334,0.014212347711880456,0.0,0.0,0.0024580828349533013,18.37893577525112,18.37893577525112,0.0,0.011061372757289856,0.0,0.00037098562145287804
17.816666666666666,0.5724975281873781,0.009541625469789634,0.0,0.0,0.0,0.0,0.0,0.00032001505891279667,0.0,0.0,0.014583333333333334,0.014263318274420537,0.0,0.0,0.0021203612155088077,18.376815414035608,18.376815414035608,0.0,0.009541625469789634,0.0,0.00032001505891279667
17.833333333333332,0.48691735560671984,0.008115289260111997,0.0,0.0,0.0,0.0,0.0,0.00027217739565357134,0.0,0.0,0.014583333333333334,0.014311155937679763,0.0,0.0,0.0018033976133582216,18.37501201642225,18.37501201642225,0.0,0.008115289260111997,0.0,0.00027217739565357134
17.85,0.4071102502498303,0.0067851708374971715,0.0,0.0,0.0,0.0,0.0,0.0002275667654499668,0.0,0.0,0.014583333333333334,0.014355766567883366,0.0,0.0,0.001507815741666038,18.373504200680586,18.373504200680586,0.0,0.0067851708374971715,0.0,0.0002275667654499668
17.866666666666667,0.33326720454040293,0.005554453409006716,0.0,0.0,0.0,0.0,0.0,0.0001862899293772906,0.0,0.0,0.014583333333333334,0.014397043403956042,0.0,0.0,0.0012343229797792702,18.372269877700806,18.372269877700806,0.0,0.0055544534090067165,0.0,0.0001862899293772906
17.883333333333333,0.26560815909048113,0.004426802651508019,0.0,0.0,0.0,0.0,0.0,0.00014846982998892492,0.0,0.0,0.014583333333333334,0.014434863503344409,0.0,0.0,0.0009837339225573375,18.37128614377825,18.37128614377825,0.0,0.004426802651508018,8.673617379884035e-19,0.00014846982998892492
17.9,0.20439126245739386,0.003406521040956564,0.0,0.0,0.0,0.0,0.0,0.00011425076734157652,0.0,0.0,0.014583333333333334,0.014469082565991756,0.0,0.0,0.0007570046757681254,18.37052913910248,18.37052913910248,0.0,0.0034065210409565646,0.0,0.00011425076734157652
17.916666666666668,0.14992704405698487,0.0024987840676164146,0.0,0.0,0.0,0.0,0.0,8.380632137998333e-05,0.0,0.0,0.014583333333333334,0.01449952701195335,0.0,0.0,0.0005552853483592032,18.36997385375412,18.36997385375412,0.0,0.0024987840676164146,0.0,8.380632137998333e-05
17.933333333333334,0.10260157825857294,0.001710026304309549,0.0,0.0,0.0,0.0,0.0,5.7352300218520016e-05,0.0,0.0,0.014583333333333334,0.014525981033114813,0.0,0.0,0.000380005845402122,18.36959384790872,18.36959384790872,0.0,0.001710026304309549,0.0,5.7352300218520016e-05
17.95,0.06291795352028096,0.0010486325586713493,0.0,0.0,0.0,0.0,0.0,3.5169920586757956e-05,0.0,0.0,0.014583333333333334,0.014548163412746576,0.0,0.0,0.00023302945748252207,18.369360818451238,18.369360818451238,0.0,0.0010486325586713493,0.0,3.5169920586757956e-05
17.966666666666665,0.031581384229091396,0.0005263564038181899,0.0,0.0,0.0,0.0,0.0,1.765338370388997e-05,0.0,0.0,0.014583333333333334,0.014565679949629444,0.0,0.0,0.00011696808973737553,18.3692438503615,18.3692438503615,0.0,0.0005263564038181899,0.0,1.765338370388997e-05
17.983333333333334,0.009720468493462838,0.00016200780822438063,0.0,0.0,0.0,0.0,0.0,5.433554110608081e-06,0.0,0.0,0.014583333333333334,0.014577899779222726,0.0,0.0,3.6001735160973476e-05,18.36920784862634,18.36920784862634,0.0,0.00016200780822438063,0.0,5.433554110608081e-06
18.0,8.904682680310141e-26,1.48411378005169e-27,0.0,0.0,0.0,0.0,0.0,4.977545600173363e-29,0.0,0.0,0.014583333333333334,0.014583333333333334,0.0,0.0,3.298030622337089e-28,18.36920784862634,18.36920784862634,0.0,1.48411378005169e-27,0.0,4.977545600173363e-29
18.016666666666666,0.0,0.0,0.0,0.0,0.0,0.0,0.0,0.0,0.0,0.0,0.011666666666666665,0.011666666666666665,0.0,0.0,0.0,18.36920784862634,18.36920784862634,0.0,0.0,0.0,0.0
18.03333333333333,0.0,0.0,0.0,0.0,0.0,0.0,0.0,0.0,0.0,0.0,0.011666666666666665,0.011666666666666665,0.0,0.0,0.0,18.36920784862634,18.36920784862634,0.0,0.0,0.0,0.0
18.05,0.0,0.0,0.0,0.0,0.0,0.0,0.0,0.0,0.0,0.0,0.011666666666666665,0.011666666666666665,0.0,0.0,0.0,18.36920784862634,18.36920784862634,0.0,0.0,0.0,0.0
18.066666666666666,0.0,0.0,0.0,0.0,0.0,0.0,0.0,0.0,0.0,0.0,0.011666666666666665,0.011666666666666665,0.0,0.0,0.0,18.36920784862634,18.36920784862634,0.0,0.0,0.0,0.0
18.083333333333332,0.0,0.0,0.0,0.0,0.0,0.0,0.0,0.0,0.0,0.0,0.011666666666666665,0.011666666666666665,0.0,0.0,0.0,18.36920784862634,18.36920784862634,0.0,0.0,0.0,0.0
18.1,0.0,0.0,0.0,0.0,0.0,0.0,0.0,0.0,0.0,0.0,0.011666666666666665,0.011666666666666665,0.0,0.0,0.0,18.36920784862634,18.36920784862634,0.0,0.0,0.0,0.0
18.116666666666667,0.0,0.0,0.0,0.0,0.0,0.0,0.0,0.0,0.0,0.0,0.011666666666666665,0.011666666666666665,0.0,0.0,0.0,18.36920784862634,18.36920784862634,0.0,0.0,0.0,0.0
18.133333333333333,0.0,0.0,0.0,0.0,0.0,0.0,0.0,0.0,0.0,0.0,0.011666666666666665,0.011666666666666665,0.0,0.0,0.0,18.36920784862634,18.36920784862634,0.0,0.0,0.0,0.0
18.15,0.0,0.0,0.0,0.0,0.0,0.0,0.0,0.0,0.0,0.0,0.011666666666666665,0.011666666666666665,0.0,0.0,0.0,18.36920784862634,18.36920784862634,0.0,0.0,0.0,0.0
18.166666666666668,0.0,0.0,0.0,0.0,0.0,0.0,0.0,0.0,0.0,0.0,0.011666666666666665,0.011666666666666665,0.0,0.0,0.0,18.36920784862634,18.36920784862634,0.0,0.0,0.0,0.0
18.183333333333334,0.0,0.0,0.0,0.0,0.0,0.0,0.0,0.0,0.0,0.0,0.011666666666666665,0.011666666666666665,0.0,0.0,0.0,18.36920784862634,18.36920784862634,0.0,0.0,0.0,0.0
18.2,0.0,0.0,0.0,0.0,0.0,0.0,0.0,0.0,0.0,0.0,0.011666666666666665,0.011666666666666665,0.0,0.0,0.0,18.36920784862634,18.36920784862634,0.0,0.0,0.0,0.0
18.216666666666665,0.0,0.0,0.0,0.0,0.0,0.0,0.0,0.0,0.0,0.0,0.011666666666666665,0.011666666666666665,0.0,0.0,0.0,18.36920784862634,18.36920784862634,0.0,0.0,0.0,0.0
18.233333333333334,0.0,0.0,0.0,0.0,0.0,0.0,0.0,0.0,0.0,0.0,0.011666666666666665,0.011666666666666665,0.0,0.0,0.0,18.36920784862634,18.36920784862634,0.0,0.0,0.0,0.0
18.25,0.0,0.0,0.0,0.0,0.0,0.0,0.0,0.0,0.0,0.0,0.011666666666666665,0.011666666666666665,0.0,0.0,0.0,18.36920784862634,18.36920784862634,0.0,0.0,0.0,0.0
18.266666666666666,0.0,0.0,0.0,0.0,0.0,0.0,0.0,0.0,0.0,0.0,0.011666666666666665,0.011666666666666665,0.0,0.0,0.0,18.36920784862634,18.36920784862634,0.0,0.0,0.0,0.0
18.28333333333333,0.0,0.0,0.0,0.0,0.0,0.0,0.0,0.0,0.0,0.0,0.011666666666666665,0.011666666666666665,0.0,0.0,0.0,18.36920784862634,18.36920784862634,0.0,0.0,0.0,0.0
18.3,0.0,0.0,0.0,0.0,0.0,0.0,0.0,0.0,0.0,0.0,0.011666666666666665,0.011666666666666665,0.0,0.0,0.0,18.36920784862634,18.36920784862634,0.0,0.0,0.0,0.0
18.316666666666666,0.0,0.0,0.0,0.0,0.0,0.0,0.0,0.0,0.0,0.0,0.011666666666666665,0.011666666666666665,0.0,0.0,0.0,18.36920784862634,18.36920784862634,0.0,0.0,0.0,0.0
18.333333333333332,0.0,0.0,0.0,0.0,0.0,0.0,0.0,0.0,0.0,0.0,0.011666666666666665,0.011666666666666665,0.0,0.0,0.0,18.36920784862634,18.36920784862634,0.0,0.0,0.0,0.0
18.35,0.0,0.0,0.0,0.0,0.0,0.0,0.0,0.0,0.0,0.0,0.011666666666666665,0.011666666666666665,0.0,0.0,0.0,18.36920784862634,18.36920784862634,0.0,0.0,0.0,0.0
18.366666666666667,0.0,0.0,0.0,0.0,0.0,0.0,0.0,0.0,0.0,0.0,0.011666666666666665,0.011666666666666665,0.0,0.0,0.0,18.36920784862634,18.36920784862634,0.0,0.0,0.0,0.0
18.383333333333333,0.0,0.0,0.0,0.0,0.0,0.0,0.0,0.0,0.0,0.0,0.011666666666666665,0.011666666666666665,0.0,0.0,0.0,18.36920784862634,18.36920784862634,0.0,0.0,0.0,0.0
18.4,0.0,0.0,0.0,0.0,0.0,0.0,0.0,0.0,0.0,0.0,0.011666666666666665,0.011666666666666665,0.0,0.0,0.0,18.36920784862634,18.36920784862634,0.0,0.0,0.0,0.0
18.416666666666668,0.0,0.0,0.0,0.0,0.0,0.0,0.0,0.0,0.0,0.0,0.011666666666666665,0.011666666666666665,0.0,0.0,0.0,18.36920784862634,18.36920784862634,0.0,0.0,0.0,0.0
18.433333333333334,0.0,0.0,0.0,0.0,0.0,0.0,0.0,0.0,0.0,0.0,0.011666666666666665,0.011666666666666665,0.0,0.0,0.0,18.36920784862634,18.36920784862634,0.0,0.0,0.0,0.0
18.45,0.0,0.0,0.0,0.0,0.0,0.0,0.0,0.0,0.0,0.0,0.011666666666666665,0.011666666666666665,0.0,0.0,0.0,18.36920784862634,18.36920784862634,0.0,0.0,0.0,0.0
18.466666666666665,0.0,0.0,0.0,0.0,0.0,0.0,0.0,0.0,0.0,0.0,0.011666666666666665,0.011666666666666665,0.0,0.0,0.0,18.36920784862634,18.36920784862634,0.0,0.0,0.0,0.0
18.483333333333334,0.0,0.0,0.0,0.0,0.0,0.0,0.0,0.0,0.0,0.0,0.011666666666666665,0.011666666666666665,0.0,0.0,0.0,18.36920784862634,18.36920784862634,0.0,0.0,0.0,0.0
18.5,0.0,0.0,0.0,0.0,0.0,0.0,0.0,0.0,0.0,0.0,0.011666666666666665,0.011666666666666665,0.0,0.0,0.0,18.36920784862634,18.36920784862634,0.0,0.0,0.0,0.0
18.516666666666666,0.0,0.0,0.0,0.0,0.0,0.0,0.0,0.0,0.0,0.0,0.011666666666666665,0.011666666666666665,0.0,0.0,0.0,18.36920784862634,18.36920784862634,0.0,0.0,0.0,0.0
18.53333333333333,0.0,0.0,0.0,0.0,0.0,0.0,0.0,0.0,0.0,0.0,0.011666666666666665,0.011666666666666665,0.0,0.0,0.0,18.36920784862634,18.36920784862634,0.0,0.0,0.0,0.0
18.55,0.0,0.0,0.0,0.0,0.0,0.0,0.0,0.0,0.0,0.0,0.011666666666666665,0.011666666666666665,0.0,0.0,0.0,18.36920784862634,18.36920784862634,0.0,0.0,0.0,0.0
18.566666666666666,0.0,0.0,0.0,0.0,0.0,0.0,0.0,0.0,0.0,0.0,0.011666666666666665,0.011666666666666665,0.0,0.0,0.0,18.36920784862634,18.36920784862634,0.0,0.0,0.0,0.0
18.583333333333332,0.0,0.0,0.0,0.0,0.0,0.0,0.0,0.0,0.0,0.0,0.011666666666666665,0.011666666666666665,0.0,0.0,0.0,18.36920784862634,18.36920784862634,0.0,0.0,0.0,0.0
18.6,0.0,0.0,0.0,0.0,0.0,0.0,0.0,0.0,0.0,0.0,0.011666666666666665,0.011666666666666665,0.0,0.0,0.0,18.36920784862634,18.36920784862634,0.0,0.0,0.0,0.0
18.616666666666667,0.0,0.0,0.0,0.0,0.0,0.0,0.0,0.0,0.0,0.0,0.011666666666666665,0.011666666666666665,0.0,0.0,0.0,18.36920784862634,18.36920784862634,0.0,0.0,0.0,0.0
18.633333333333333,0.0,0.0,0.0,0.0,0.0,0.0,0.0,0.0,0.0,0.0,0.011666666666666665,0.011666666666666665,0.0,0.0,0.0,18.36920784862634,18.36920784862634,0.0,0.0,0.0,0.0
18.65,0.0,0.0,0.0,0.0,0.0,0.0,0.0,0.0,0.0,0.0,0.011666666666666665,0.011666666666666665,0.0,0.0,0.0,18.36920784862634,18.36920784862634,0.0,0.0,0.0,0.0
18.666666666666668,0.0,0.0,0.0,0.0,0.0,0.0,0.0,0.0,0.0,0.0,0.011666666666666665,0.011666666666666665,0.0,0.0,0.0,18.36920784862634,18.36920784862634,0.0,0.0,0.0,0.0
18.683333333333334,0.0,0.0,0.0,0.0,0.0,0.0,0.0,0.0,0.0,0.0,0.011666666666666665,0.011666666666666665,0.0,0.0,0.0,18.36920784862634,18.36920784862634,0.0,0.0,0.0,0.0
18.7,0.0,0.0,0.0,0.0,0.0,0.0,0.0,0.0,0.0,0.0,0.011666666666666665,0.011666666666666665,0.0,0.0,0.0,18.36920784862634,18.36920784862634,0.0,0.0,0.0,0.0
18.716666666666665,0.0,0.0,0.0,0.0,0.0,0.0,0.0,0.0,0.0,0.0,0.011666666666666665,0.011666666666666665,0.0,0.0,0.0,18.36920784862634,18.36920784862634,0.0,0.0,0.0,0.0
18.733333333333334,0.0,0.0,0.0,0.0,0.0,0.0,0.0,0.0,0.0,0.0,0.011666666666666665,0.011666666666666665,0.0,0.0,0.0,18.36920784862634,18.36920784862634,0.0,0.0,0.0,0.0
18.75,0.0,0.0,0.0,0.0,0.0,0.0,0.0,0.0,0.0,0.0,0.011666666666666665,0.011666666666666665,0.0,0.0,0.0,18.36920784862634,18.36920784862634,0.0,0.0,0.0,0.0
18.766666666666666,0.0,0.0,0.0,0.0,0.0,0.0,0.0,0.0,0.0,0.0,0.011666666666666665,0.011666666666666665,0.0,0.0,0.0,18.36920784862634,18.36920784862634,0.0,0.0,0.0,0.0
18.78333333333333,0.0,0.0,0.0,0.0,0.0,0.0,0.0,0.0,0.0,0.0,0.011666666666666665,0.011666666666666665,0.0,0.0,0.0,18.36920784862634,18.36920784862634,0.0,0.0,0.0,0.0
18.8,0.0,0.0,0.0,0.0,0.0,0.0,0.0,0.0,0.0,0.0,0.011666666666666665,0.011666666666666665,0.0,0.0,0.0,18.36920784862634,18.36920784862634,0.0,0.0,0.0,0.0
18.816666666666666,0.0,0.0,0.0,0.0,0.0,0.0,0.0,0.0,0.0,0.0,0.011666666666666665,0.011666666666666665,0.0,0.0,0.0,18.36920784862634,18.36920784862634,0.0,0.0,0.0,0.0
18.833333333333332,0.0,0.0,0.0,0.0,0.0,0.0,0.0,0.0,0.0,0.0,0.011666666666666665,0.011666666666666665,0.0,0.0,0.0,18.36920784862634,18.36920784862634,0.0,0.0,0.0,0.0
18.85,0.0,0.0,0.0,0.0,0.0,0.0,0.0,0.0,0.0,0.0,0.011666666666666665,0.011666666666666665,0.0,0.0,0.0,18.36920784862634,18.36920784862634,0.0,0.0,0.0,0.0
18.866666666666667,0.0,0.0,0.0,0.0,0.0,0.0,0.0,0.0,0.0,0.0,0.011666666666666665,0.011666666666666665,0.0,0.0,0.0,18.36920784862634,18.36920784862634,0.0,0.0,0.0,0.0
18.883333333333333,0.0,0.0,0.0,0.0,0.0,0.0,0.0,0.0,0.0,0.0,0.011666666666666665,0.011666666666666665,0.0,0.0,0.0,18.36920784862634,18.36920784862634,0.0,0.0,0.0,0.0
18.9,0.0,0.0,0.0,0.0,0.0,0.0,0.0,0.0,0.0,0.0,0.011666666666666665,0.011666666666666665,0.0,0.0,0.0,18.36920784862634,18.36920784862634,0.0,0.0,0.0,0.0
18.916666666666668,0.0,0.0,0.0,0.0,0.0,0.0,0.0,0.0,0.0,0.0,0.011666666666666665,0.011666666666666665,0.0,0.0,0.0,18.36920784862634,18.36920784862634,0.0,0.0,0.0,0.0
18.933333333333334,0.0,0.0,0.0,0.0,0.0,0.0,0.0,0.0,0.0,0.0,0.011666666666666665,0.011666666666666665,0.0,0.0,0.0,18.36920784862634,18.36920784862634,0.0,0.0,0.0,0.0
18.95,0.0,0.0,0.0,0.0,0.0,0.0,0.0,0.0,0.0,0.0,0.011666666666666665,0.011666666666666665,0.0,0.0,0.0,18.36920784862634,18.36920784862634,0.0,0.0,0.0,0.0
18.966666666666665,0.0,0.0,0.0,0.0,0.0,0.0,0.0,0.0,0.0,0.0,0.011666666666666665,0.011666666666666665,0.0,0.0,0.0,18.36920784862634,18.36920784862634,0.0,0.0,0.0,0.0
18.983333333333334,0.0,0.0,0.0,0.0,0.0,0.0,0.0,0.0,0.0,0.0,0.011666666666666665,0.011666666666666665,0.0,0.0,0.0,18.36920784862634,18.36920784862634,0.0,0.0,0.0,0.0
19.0,0.0,0.0,0.0,0.0,0.0,0.0,0.0,0.0,0.0,0.0,0.011666666666666665,0.011666666666666665,0.0,0.0,0.0,18.36920784862634,18.36920784862634,0.0,0.0,0.0,0.0
19.016666666666666,0.0,0.0,0.0,0.0,0.0,0.0,0.0,0.0,0.0,0.0,0.011666666666666665,0.011666666666666665,0.0,0.0,0.0,18.36920784862634,18.36920784862634,0.0,0.0,0.0,0.0
19.03333333333333,0.0,0.0,0.0,0.0,0.0,0.0,0.0,0.0,0.0,0.0,0.011666666666666665,0.011666666666666665,0.0,0.0,0.0,18.36920784862634,18.36920784862634,0.0,0.0,0.0,0.0
19.05,0.0,0.0,0.0,0.0,0.0,0.0,0.0,0.0,0.0,0.0,0.011666666666666665,0.011666666666666665,0.0,0.0,0.0,18.36920784862634,18.36920784862634,0.0,0.0,0.0,0.0
19.066666666666666,0.0,0.0,0.0,0.0,0.0,0.0,0.0,0.0,0.0,0.0,0.011666666666666665,0.011666666666666665,0.0,0.0,0.0,18.36920784862634,18.36920784862634,0.0,0.0,0.0,0.0
19.083333333333332,0.0,0.0,0.0,0.0,0.0,0.0,0.0,0.0,0.0,0.0,0.011666666666666665,0.011666666666666665,0.0,0.0,0.0,18.36920784862634,18.36920784862634,0.0,0.0,0.0,0.0
19.1,0.0,0.0,0.0,0.0,0.0,0.0,0.0,0.0,0.0,0.0,0.011666666666666665,0.011666666666666665,0.0,0.0,0.0,18.36920784862634,18.36920784862634,0.0,0.0,0.0,0.0
19.116666666666667,0.0,0.0,0.0,0.0,0.0,0.0,0.0,0.0,0.0,0.0,0.011666666666666665,0.011666666666666665,0.0,0.0,0.0,18.36920784862634,18.36920784862634,0.0,0.0,0.0,0.0
19.133333333333333,0.0,0.0,0.0,0.0,0.0,0.0,0.0,0.0,0.0,0.0,0.011666666666666665,0.011666666666666665,0.0,0.0,0.0,18.36920784862634,18.36920784862634,0.0,0.0,0.0,0.0
19.15,0.0,0.0,0.0,0.0,0.0,0.0,0.0,0.0,0.0,0.0,0.011666666666666665,0.011666666666666665,0.0,0.0,0.0,18.36920784862634,18.36920784862634,0.0,0.0,0.0,0.0
19.166666666666668,0.0,0.0,0.0,0.0,0.0,0.0,0.0,0.0,0.0,0.0,0.011666666666666665,0.011666666666666665,0.0,0.0,0.0,18.36920784862634,18.36920784862634,0.0,0.0,0.0,0.0
19.183333333333334,0.0,0.0,0.0,0.0,0.0,0.0,0.0,0.0,0.0,0.0,0.011666666666666665,0.011666666666666665,0.0,0.0,0.0,18.36920784862634,18.36920784862634,0.0,0.0,0.0,0.0
19.2,0.0,0.0,0.0,0.0,0.0,0.0,0.0,0.0,0.0,0.0,0.011666666666666665,0.011666666666666665,0.0,0.0,0.0,18.36920784862634,18.36920784862634,0.0,0.0,0.0,0.0
19.216666666666665,0.0,0.0,0.0,0.0,0.0,0.0,0.0,0.0,0.0,0.0,0.011666666666666665,0.011666666666666665,0.0,0.0,0.0,18.36920784862634,18.36920784862634,0.0,0.0,0.0,0.0
19.233333333333334,0.0,0.0,0.0,0.0,0.0,0.0,0.0,0.0,0.0,0.0,0.011666666666666665,0.011666666666666665,0.0,0.0,0.0,18.36920784862634,18.36920784862634,0.0,0.0,0.0,0.0
19.25,0.0,0.0,0.0,0.0,0.0,0.0,0.0,0.0,0.0,0.0,0.011666666666666665,0.011666666666666665,0.0,0.0,0.0,18.36920784862634,18.36920784862634,0.0,0.0,0.0,0.0
19.266666666666666,0.0,0.0,0.0,0.0,0.0,0.0,0.0,0.0,0.0,0.0,0.011666666666666665,0.011666666666666665,0.0,0.0,0.0,18.36920784862634,18.36920784862634,0.0,0.0,0.0,0.0
19.28333333333333,0.0,0.0,0.0,0.0,0.0,0.0,0.0,0.0,0.0,0.0,0.011666666666666665,0.011666666666666665,0.0,0.0,0.0,18.36920784862634,18.36920784862634,0.0,0.0,0.0,0.0
19.3,0.0,0.0,0.0,0.0,0.0,0.0,0.0,0.0,0.0,0.0,0.011666666666666665,0.011666666666666665,0.0,0.0,0.0,18.36920784862634,18.36920784862634,0.0,0.0,0.0,0.0
19.316666666666666,0.0,0.0,0.0,0.0,0.0,0.0,0.0,0.0,0.0,0.0,0.011666666666666665,0.011666666666666665,0.0,0.0,0.0,18.36920784862634,18.36920784862634,0.0,0.0,0.0,0.0
19.333333333333332,0.0,0.0,0.0,0.0,0.0,0.0,0.0,0.0,0.0,0.0,0.011666666666666665,0.011666666666666665,0.0,0.0,0.0,18.36920784862634,18.36920784862634,0.0,0.0,0.0,0.0
19.35,0.0,0.0,0.0,0.0,0.0,0.0,0.0,0.0,0.0,0.0,0.011666666666666665,0.011666666666666665,0.0,0.0,0.0,18.36920784862634,18.36920784862634,0.0,0.0,0.0,0.0
19.366666666666667,0.0,0.0,0.0,0.0,0.0,0.0,0.0,0.0,0.0,0.0,0.011666666666666665,0.011666666666666665,0.0,0.0,0.0,18.36920784862634,18.36920784862634,0.0,0.0,0.0,0.0
19.383333333333333,0.0,0.0,0.0,0.0,0.0,0.0,0.0,0.0,0.0,0.0,0.011666666666666665,0.011666666666666665,0.0,0.0,0.0,18.36920784862634,18.36920784862634,0.0,0.0,0.0,0.0
19.4,0.0,0.0,0.0,0.0,0.0,0.0,0.0,0.0,0.0,0.0,0.011666666666666665,0.011666666666666665,0.0,0.0,0.0,18.36920784862634,18.36920784862634,0.0,0.0,0.0,0.0
19.416666666666668,0.0,0.0,0.0,0.0,0.0,0.0,0.0,0.0,0.0,0.0,0.011666666666666665,0.011666666666666665,0.0,0.0,0.0,18.36920784862634,18.36920784862634,0.0,0.0,0.0,0.0
19.433333333333334,0.0,0.0,0.0,0.0,0.0,0.0,0.0,0.0,0.0,0.0,0.011666666666666665,0.011666666666666665,0.0,0.0,0.0,18.36920784862634,18.36920784862634,0.0,0.0,0.0,0.0
19.45,0.0,0.0,0.0,0.0,0.0,0.0,0.0,0.0,0.0,0.0,0.011666666666666665,0.011666666666666665,0.0,0.0,0.0,18.36920784862634,18.36920784862634,0.0,0.0,0.0,0.0
19.466666666666665,0.0,0.0,0.0,0.0,0.0,0.0,0.0,0.0,0.0,0.0,0.011666666666666665,0.011666666666666665,0.0,0.0,0.0,18.36920784862634,18.36920784862634,0.0,0.0,0.0,0.0
19.483333333333334,0.0,0.0,0.0,0.0,0.0,0.0,0.0,0.0,0.0,0.0,0.011666666666666665,0.011666666666666665,0.0,0.0,0.0,18.36920784862634,18.36920784862634,0.0,0.0,0.0,0.0
19.5,0.0,0.0,0.0,0.0,0.0,0.0,0.0,0.0,0.0,0.0,0.011666666666666665,0.011666666666666665,0.0,0.0,0.0,18.36920784862634,18.36920784862634,0.0,0.0,0.0,0.0
19.516666666666666,0.0,0.0,0.0,0.0,0.0,0.0,0.0,0.0,0.0,0.0,0.011666666666666665,0.011666666666666665,0.0,0.0,0.0,18.36920784862634,18.36920784862634,0.0,0.0,0.0,0.0
19.53333333333333,0.0,0.0,0.0,0.0,0.0,0.0,0.0,0.0,0.0,0.0,0.011666666666666665,0.011666666666666665,0.0,0.0,0.0,18.36920784862634,18.36920784862634,0.0,0.0,0.0,0.0
19.55,0.0,0.0,0.0,0.0,0.0,0.0,0.0,0.0,0.0,0.0,0.011666666666666665,0.011666666666666665,0.0,0.0,0.0,18.36920784862634,18.36920784862634,0.0,0.0,0.0,0.0
19.566666666666666,0.0,0.0,0.0,0.0,0.0,0.0,0.0,0.0,0.0,0.0,0.011666666666666665,0.011666666666666665,0.0,0.0,0.0,18.36920784862634,18.36920784862634,0.0,0.0,0.0,0.0
19.583333333333332,0.0,0.0,0.0,0.0,0.0,0.0,0.0,0.0,0.0,0.0,0.011666666666666665,0.011666666666666665,0.0,0.0,0.0,18.36920784862634,18.36920784862634,0.0,0.0,0.0,0.0
19.6,0.0,0.0,0.0,0.0,0.0,0.0,0.0,0.0,0.0,0.0,0.011666666666666665,0.011666666666666665,0.0,0.0,0.0,18.36920784862634,18.36920784862634,0.0,0.0,0.0,0.0
19.616666666666667,0.0,0.0,0.0,0.0,0.0,0.0,0.0,0.0,0.0,0.0,0.011666666666666665,0.011666666666666665,0.0,0.0,0.0,18.36920784862634,18.36920784862634,0.0,0.0,0.0,0.0
19.633333333333333,0.0,0.0,0.0,0.0,0.0,0.0,0.0,0.0,0.0,0.0,0.011666666666666665,0.011666666666666665,0.0,0.0,0.0,18.36920784862634,18.36920784862634,0.0,0.0,0.0,0.0
19.65,0.0,0.0,0.0,0.0,0.0,0.0,0.0,0.0,0.0,0.0,0.011666666666666665,0.011666666666666665,0.0,0.0,0.0,18.36920784862634,18.36920784862634,0.0,0.0,0.0,0.0
19.666666666666668,0.0,0.0,0.0,0.0,0.0,0.0,0.0,0.0,0.0,0.0,0.011666666666666665,0.011666666666666665,0.0,0.0,0.0,18.36920784862634,18.36920784862634,0.0,0.0,0.0,0.0
19.683333333333334,0.0,0.0,0.0,0.0,0.0,0.0,0.0,0.0,0.0,0.0,0.011666666666666665,0.011666666666666665,0.0,0.0,0.0,18.36920784862634,18.36920784862634,0.0,0.0,0.0,0.0
19.7,0.0,0.0,0.0,0.0,0.0,0.0,0.0,0.0,0.0,0.0,0.011666666666666665,0.011666666666666665,0.0,0.0,0.0,18.36920784862634,18.36920784862634,0.0,0.0,0.0,0.0
19.716666666666665,0.0,0.0,0.0,0.0,0.0,0.0,0.0,0.0,0.0,0.0,0.011666666666666665,0.011666666666666665,0.0,0.0,0.0,18.36920784862634,18.36920784862634,0.0,0.0,0.0,0.0
19.733333333333334,0.0,0.0,0.0,0.0,0.0,0.0,0.0,0.0,0.0,0.0,0.011666666666666665,0.011666666666666665,0.0,0.0,0.0,18.36920784862634,18.36920784862634,0.0,0.0,0.0,0.0
19.75,0.0,0.0,0.0,0.0,0.0,0.0,0.0,0.0,0.0,0.0,0.011666666666666665,0.011666666666666665,0.0,0.0,0.0,18.36920784862634,18.36920784862634,0.0,0.0,0.0,0.0
19.766666666666666,0.0,0.0,0.0,0.0,0.0,0.0,0.0,0.0,0.0,0.0,0.011666666666666665,0.011666666666666665,0.0,0.0,0.0,18.36920784862634,18.36920784862634,0.0,0.0,0.0,0.0
19.78333333333333,0.0,0.0,0.0,0.0,0.0,0.0,0.0,0.0,0.0,0.0,0.011666666666666665,0.011666666666666665,0.0,0.0,0.0,18.36920784862634,18.36920784862634,0.0,0.0,0.0,0.0
19.8,0.0,0.0,0.0,0.0,0.0,0.0,0.0,0.0,0.0,0.0,0.011666666666666665,0.011666666666666665,0.0,0.0,0.0,18.36920784862634,18.36920784862634,0.0,0.0,0.0,0.0
19.816666666666666,0.0,0.0,0.0,0.0,0.0,0.0,0.0,0.0,0.0,0.0,0.011666666666666665,0.011666666666666665,0.0,0.0,0.0,18.36920784862634,18.36920784862634,0.0,0.0,0.0,0.0
19.833333333333332,0.0,0.0,0.0,0.0,0.0,0.0,0.0,0.0,0.0,0.0,0.011666666666666665,0.011666666666666665,0.0,0.0,0.0,18.36920784862634,18.36920784862634,0.0,0.0,0.0,0.0
19.85,0.0,0.0,0.0,0.0,0.0,0.0,0.0,0.0,0.0,0.0,0.011666666666666665,0.011666666666666665,0.0,0.0,0.0,18.36920784862634,18.36920784862634,0.0,0.0,0.0,0.0
19.866666666666667,0.0,0.0,0.0,0.0,0.0,0.0,0.0,0.0,0.0,0.0,0.011666666666666665,0.011666666666666665,0.0,0.0,0.0,18.36920784862634,18.36920784862634,0.0,0.0,0.0,0.0
19.883333333333333,0.0,0.0,0.0,0.0,0.0,0.0,0.0,0.0,0.0,0.0,0.011666666666666665,0.011666666666666665,0.0,0.0,0.0,18.36920784862634,18.36920784862634,0.0,0.0,0.0,0.0
19.9,0.0,0.0,0.0,0.0,0.0,0.0,0.0,0.0,0.0,0.0,0.011666666666666665,0.011666666666666665,0.0,0.0,0.0,18.36920784862634,18.36920784862634,0.0,0.0,0.0,0.0
19.916666666666668,0.0,0.0,0.0,0.0,0.0,0.0,0.0,0.0,0.0,0.0,0.011666666666666665,0.011666666666666665,0.0,0.0,0.0,18.36920784862634,18.36920784862634,0.0,0.0,0.0,0.0
19.933333333333334,0.0,0.0,0.0,0.0,0.0,0.0,0.0,0.0,0.0,0.0,0.011666666666666665,0.011666666666666665,0.0,0.0,0.0,18.36920784862634,18.36920784862634,0.0,0.0,0.0,0.0
19.95,0.0,0.0,0.0,0.0,0.0,0.0,0.0,0.0,0.0,0.0,0.011666666666666665,0.011666666666666665,0.0,0.0,0.0,18.36920784862634,18.36920784862634,0.0,0.0,0.0,0.0
19.966666666666665,0.0,0.0,0.0,0.0,0.0,0.0,0.0,0.0,0.0,0.0,0.011666666666666665,0.011666666666666665,0.0,0.0,0.0,18.36920784862634,18.36920784862634,0.0,0.0,0.0,0.0
19.983333333333334,0.0,0.0,0.0,0.0,0.0,0.0,0.0,0.0,0.0,0.0,0.011666666666666665,0.011666666666666665,0.0,0.0,0.0,18.36920784862634,18.36920784862634,0.0,0.0,0.0,0.0
20.0,0.0,0.0,0.0,0.0,0.0,0.0,0.0,0.0,0.0,0.0,0.011666666666666665,0.011666666666666665,0.0,0.0,0.0,18.36920784862634,18.36920784862634,0.0,0.0,0.0,0.0
20.016666666666666,0.0,0.0,0.0,0.0,0.0,0.0,0.0,0.0,0.0,0.0,0.011666666666666665,0.011666666666666665,0.0,0.0,0.0,18.36920784862634,18.36920784862634,0.0,0.0,0.0,0.0
20.03333333333333,0.0,0.0,0.0,0.0,0.0,0.0,0.0,0.0,0.0,0.0,0.011666666666666665,0.011666666666666665,0.0,0.0,0.0,18.36920784862634,18.36920784862634,0.0,0.0,0.0,0.0
20.05,0.0,0.0,0.0,0.0,0.0,0.0,0.0,0.0,0.0,0.0,0.011666666666666665,0.011666666666666665,0.0,0.0,0.0,18.36920784862634,18.36920784862634,0.0,0.0,0.0,0.0
20.066666666666666,0.0,0.0,0.0,0.0,0.0,0.0,0.0,0.0,0.0,0.0,0.011666666666666665,0.011666666666666665,0.0,0.0,0.0,18.36920784862634,18.36920784862634,0.0,0.0,0.0,0.0
20.083333333333332,0.0,0.0,0.0,0.0,0.0,0.0,0.0,0.0,0.0,0.0,0.011666666666666665,0.011666666666666665,0.0,0.0,0.0,18.36920784862634,18.36920784862634,0.0,0.0,0.0,0.0
20.1,0.0,0.0,0.0,0.0,0.0,0.0,0.0,0.0,0.0,0.0,0.011666666666666665,0.011666666666666665,0.0,0.0,0.0,18.36920784862634,18.36920784862634,0.0,0.0,0.0,0.0
20.116666666666667,0.0,0.0,0.0,0.0,0.0,0.0,0.0,0.0,0.0,0.0,0.011666666666666665,0.011666666666666665,0.0,0.0,0.0,18.36920784862634,18.36920784862634,0.0,0.0,0.0,0.0
20.133333333333333,0.0,0.0,0.0,0.0,0.0,0.0,0.0,0.0,0.0,0.0,0.011666666666666665,0.011666666666666665,0.0,0.0,0.0,18.36920784862634,18.36920784862634,0.0,0.0,0.0,0.0
20.15,0.0,0.0,0.0,0.0,0.0,0.0,0.0,0.0,0.0,0.0,0.011666666666666665,0.011666666666666665,0.0,0.0,0.0,18.36920784862634,18.36920784862634,0.0,0.0,0.0,0.0
20.166666666666668,0.0,0.0,0.0,0.0,0.0,0.0,0.0,0.0,0.0,0.0,0.011666666666666665,0.011666666666666665,0.0,0.0,0.0,18.36920784862634,18.36920784862634,0.0,0.0,0.0,0.0
20.183333333333334,0.0,0.0,0.0,0.0,0.0,0.0,0.0,0.0,0.0,0.0,0.011666666666666665,0.011666666666666665,0.0,0.0,0.0,18.36920784862634,18.36920784862634,0.0,0.0,0.0,0.0
20.2,0.0,0.0,0.0,0.0,0.0,0.0,0.0,0.0,0.0,0.0,0.011666666666666665,0.011666666666666665,0.0,0.0,0.0,18.36920784862634,18.36920784862634,0.0,0.0,0.0,0.0
20.216666666666665,0.0,0.0,0.0,0.0,0.0,0.0,0.0,0.0,0.0,0.0,0.011666666666666665,0.011666666666666665,0.0,0.0,0.0,18.36920784862634,18.36920784862634,0.0,0.0,0.0,0.0
20.233333333333334,0.0,0.0,0.0,0.0,0.0,0.0,0.0,0.0,0.0,0.0,0.011666666666666665,0.011666666666666665,0.0,0.0,0.0,18.36920784862634,18.36920784862634,0.0,0.0,0.0,0.0
20.25,0.0,0.0,0.0,0.0,0.0,0.0,0.0,0.0,0.0,0.0,0.011666666666666665,0.011666666666666665,0.0,0.0,0.0,18.36920784862634,18.36920784862634,0.0,0.0,0.0,0.0
20.266666666666666,0.0,0.0,0.0,0.0,0.0,0.0,0.0,0.0,0.0,0.0,0.011666666666666665,0.011666666666666665,0.0,0.0,0.0,18.36920784862634,18.36920784862634,0.0,0.0,0.0,0.0
20.28333333333333,0.0,0.0,0.0,0.0,0.0,0.0,0.0,0.0,0.0,0.0,0.011666666666666665,0.011666666666666665,0.0,0.0,0.0,18.36920784862634,18.36920784862634,0.0,0.0,0.0,0.0
20.3,0.0,0.0,0.0,0.0,0.0,0.0,0.0,0.0,0.0,0.0,0.011666666666666665,0.011666666666666665,0.0,0.0,0.0,18.36920784862634,18.36920784862634,0.0,0.0,0.0,0.0
20.316666666666666,0.0,0.0,0.0,0.0,0.0,0.0,0.0,0.0,0.0,0.0,0.011666666666666665,0.011666666666666665,0.0,0.0,0.0,18.36920784862634,18.36920784862634,0.0,0.0,0.0,0.0
20.333333333333332,0.0,0.0,0.0,0.0,0.0,0.0,0.0,0.0,0.0,0.0,0.011666666666666665,0.011666666666666665,0.0,0.0,0.0,18.36920784862634,18.36920784862634,0.0,0.0,0.0,0.0
20.35,0.0,0.0,0.0,0.0,0.0,0.0,0.0,0.0,0.0,0.0,0.011666666666666665,0.011666666666666665,0.0,0.0,0.0,18.36920784862634,18.36920784862634,0.0,0.0,0.0,0.0
20.366666666666667,0.0,0.0,0.0,0.0,0.0,0.0,0.0,0.0,0.0,0.0,0.011666666666666665,0.011666666666666665,0.0,0.0,0.0,18.36920784862634,18.36920784862634,0.0,0.0,0.0,0.0
20.383333333333333,0.0,0.0,0.0,0.0,0.0,0.0,0.0,0.0,0.0,0.0,0.011666666666666665,0.011666666666666665,0.0,0.0,0.0,18.36920784862634,18.36920784862634,0.0,0.0,0.0,0.0
20.4,0.0,0.0,0.0,0.0,0.0,0.0,0.0,0.0,0.0,0.0,0.011666666666666665,0.011666666666666665,0.0,0.0,0.0,18.36920784862634,18.36920784862634,0.0,0.0,0.0,0.0
20.416666666666668,0.0,0.0,0.0,0.0,0.0,0.0,0.0,0.0,0.0,0.0,0.011666666666666665,0.011666666666666665,0.0,0.0,0.0,18.36920784862634,18.36920784862634,0.0,0.0,0.0,0.0
20.433333333333334,0.0,0.0,0.0,0.0,0.0,0.0,0.0,0.0,0.0,0.0,0.011666666666666665,0.011666666666666665,0.0,0.0,0.0,18.36920784862634,18.36920784862634,0.0,0.0,0.0,0.0
20.45,0.0,0.0,0.0,0.0,0.0,0.0,0.0,0.0,0.0,0.0,0.011666666666666665,0.011666666666666665,0.0,0.0,0.0,18.36920784862634,18.36920784862634,0.0,0.0,0.0,0.0
20.466666666666665,0.0,0.0,0.0,0.0,0.0,0.0,0.0,0.0,0.0,0.0,0.011666666666666665,0.011666666666666665,0.0,0.0,0.0,18.36920784862634,18.36920784862634,0.0,0.0,0.0,0.0
20.483333333333334,0.0,0.0,0.0,0.0,0.0,0.0,0.0,0.0,0.0,0.0,0.011666666666666665,0.011666666666666665,0.0,0.0,0.0,18.36920784862634,18.36920784862634,0.0,0.0,0.0,0.0
20.5,0.0,0.0,0.0,0.0,0.0,0.0,0.0,0.0,0.0,0.0,0.011666666666666665,0.011666666666666665,0.0,0.0,0.0,18.36920784862634,18.36920784862634,0.0,0.0,0.0,0.0
20.516666666666666,0.0,0.0,0.0,0.0,0.0,0.0,0.0,0.0,0.0,0.0,0.011666666666666665,0.011666666666666665,0.0,0.0,0.0,18.36920784862634,18.36920784862634,0.0,0.0,0.0,0.0
20.53333333333333,0.0,0.0,0.0,0.0,0.0,0.0,0.0,0.0,0.0,0.0,0.011666666666666665,0.011666666666666665,0.0,0.0,0.0,18.36920784862634,18.36920784862634,0.0,0.0,0.0,0.0
20.55,0.0,0.0,0.0,0.0,0.0,0.0,0.0,0.0,0.0,0.0,0.011666666666666665,0.011666666666666665,0.0,0.0,0.0,18.36920784862634,18.36920784862634,0.0,0.0,0.0,0.0
20.566666666666666,0.0,0.0,0.0,0.0,0.0,0.0,0.0,0.0,0.0,0.0,0.011666666666666665,0.011666666666666665,0.0,0.0,0.0,18.36920784862634,18.36920784862634,0.0,0.0,0.0,0.0
20.583333333333332,0.0,0.0,0.0,0.0,0.0,0.0,0.0,0.0,0.0,0.0,0.011666666666666665,0.011666666666666665,0.0,0.0,0.0,18.36920784862634,18.36920784862634,0.0,0.0,0.0,0.0
20.6,0.0,0.0,0.0,0.0,0.0,0.0,0.0,0.0,0.0,0.0,0.011666666666666665,0.011666666666666665,0.0,0.0,0.0,18.36920784862634,18.36920784862634,0.0,0.0,0.0,0.0
20.616666666666667,0.0,0.0,0.0,0.0,0.0,0.0,0.0,0.0,0.0,0.0,0.011666666666666665,0.011666666666666665,0.0,0.0,0.0,18.36920784862634,18.36920784862634,0.0,0.0,0.0,0.0
20.633333333333333,0.0,0.0,0.0,0.0,0.0,0.0,0.0,0.0,0.0,0.0,0.011666666666666665,0.011666666666666665,0.0,0.0,0.0,18.36920784862634,18.36920784862634,0.0,0.0,0.0,0.0
20.65,0.0,0.0,0.0,0.0,0.0,0.0,0.0,0.0,0.0,0.0,0.011666666666666665,0.011666666666666665,0.0,0.0,0.0,18.36920784862634,18.36920784862634,0.0,0.0,0.0,0.0
20.666666666666668,0.0,0.0,0.0,0.0,0.0,0.0,0.0,0.0,0.0,0.0,0.011666666666666665,0.011666666666666665,0.0,0.0,0.0,18.36920784862634,18.36920784862634,0.0,0.0,0.0,0.0
20.683333333333334,0.0,0.0,0.0,0.0,0.0,0.0,0.0,0.0,0.0,0.0,0.011666666666666665,0.011666666666666665,0.0,0.0,0.0,18.36920784862634,18.36920784862634,0.0,0.0,0.0,0.0
20.7,0.0,0.0,0.0,0.0,0.0,0.0,0.0,0.0,0.0,0.0,0.011666666666666665,0.011666666666666665,0.0,0.0,0.0,18.36920784862634,18.36920784862634,0.0,0.0,0.0,0.0
20.716666666666665,0.0,0.0,0.0,0.0,0.0,0.0,0.0,0.0,0.0,0.0,0.011666666666666665,0.011666666666666665,0.0,0.0,0.0,18.36920784862634,18.36920784862634,0.0,0.0,0.0,0.0
20.733333333333334,0.0,0.0,0.0,0.0,0.0,0.0,0.0,0.0,0.0,0.0,0.011666666666666665,0.011666666666666665,0.0,0.0,0.0,18.36920784862634,18.36920784862634,0.0,0.0,0.0,0.0
20.75,0.0,0.0,0.0,0.0,0.0,0.0,0.0,0.0,0.0,0.0,0.011666666666666665,0.011666666666666665,0.0,0.0,0.0,18.36920784862634,18.36920784862634,0.0,0.0,0.0,0.0
20.766666666666666,0.0,0.0,0.0,0.0,0.0,0.0,0.0,0.0,0.0,0.0,0.011666666666666665,0.011666666666666665,0.0,0.0,0.0,18.36920784862634,18.36920784862634,0.0,0.0,0.0,0.0
20.78333333333333,0.0,0.0,0.0,0.0,0.0,0.0,0.0,0.0,0.0,0.0,0.011666666666666665,0.011666666666666665,0.0,0.0,0.0,18.36920784862634,18.36920784862634,0.0,0.0,0.0,0.0
20.8,0.0,0.0,0.0,0.0,0.0,0.0,0.0,0.0,0.0,0.0,0.011666666666666665,0.011666666666666665,0.0,0.0,0.0,18.36920784862634,18.36920784862634,0.0,0.0,0.0,0.0
20.816666666666666,0.0,0.0,0.0,0.0,0.0,0.0,0.0,0.0,0.0,0.0,0.011666666666666665,0.011666666666666665,0.0,0.0,0.0,18.36920784862634,18.36920784862634,0.0,0.0,0.0,0.0
20.833333333333332,0.0,0.0,0.0,0.0,0.0,0.0,0.0,0.0,0.0,0.0,0.011666666666666665,0.011666666666666665,0.0,0.0,0.0,18.36920784862634,18.36920784862634,0.0,0.0,0.0,0.0
20.85,0.0,0.0,0.0,0.0,0.0,0.0,0.0,0.0,0.0,0.0,0.011666666666666665,0.011666666666666665,0.0,0.0,0.0,18.36920784862634,18.36920784862634,0.0,0.0,0.0,0.0
20.866666666666667,0.0,0.0,0.0,0.0,0.0,0.0,0.0,0.0,0.0,0.0,0.011666666666666665,0.011666666666666665,0.0,0.0,0.0,18.36920784862634,18.36920784862634,0.0,0.0,0.0,0.0
20.883333333333333,0.0,0.0,0.0,0.0,0.0,0.0,0.0,0.0,0.0,0.0,0.011666666666666665,0.011666666666666665,0.0,0.0,0.0,18.36920784862634,18.36920784862634,0.0,0.0,0.0,0.0
20.9,0.0,0.0,0.0,0.0,0.0,0.0,0.0,0.0,0.0,0.0,0.011666666666666665,0.011666666666666665,0.0,0.0,0.0,18.36920784862634,18.36920784862634,0.0,0.0,0.0,0.0
20.916666666666668,0.0,0.0,0.0,0.0,0.0,0.0,0.0,0.0,0.0,0.0,0.011666666666666665,0.011666666666666665,0.0,0.0,0.0,18.36920784862634,18.36920784862634,0.0,0.0,0.0,0.0
20.933333333333334,0.0,0.0,0.0,0.0,0.0,0.0,0.0,0.0,0.0,0.0,0.011666666666666665,0.011666666666666665,0.0,0.0,0.0,18.36920784862634,18.36920784862634,0.0,0.0,0.0,0.0
20.95,0.0,0.0,0.0,0.0,0.0,0.0,0.0,0.0,0.0,0.0,0.011666666666666665,0.011666666666666665,0.0,0.0,0.0,18.36920784862634,18.36920784862634,0.0,0.0,0.0,0.0
20.966666666666665,0.0,0.0,0.0,0.0,0.0,0.0,0.0,0.0,0.0,0.0,0.011666666666666665,0.011666666666666665,0.0,0.0,0.0,18.36920784862634,18.36920784862634,0.0,0.0,0.0,0.0
20.983333333333334,0.0,0.0,0.0,0.0,0.0,0.0,0.0,0.0,0.0,0.0,0.011666666666666665,0.011666666666666665,0.0,0.0,0.0,18.36920784862634,18.36920784862634,0.0,0.0,0.0,0.0
21.0,0.0,0.0,0.0,0.0,0.0,0.0,0.0,0.0,0.0,0.0,0.011666666666666665,0.011666666666666665,0.0,0.0,0.0,18.36920784862634,18.36920784862634,0.0,0.0,0.0,0.0
21.016666666666666,0.0,0.0,0.0,0.0,0.0,0.0,0.0,0.0,0.0,0.0,0.011666666666666665,0.011666666666666665,0.0,0.0,0.0,18.36920784862634,18.36920784862634,0.0,0.0,0.0,0.0
21.03333333333333,0.0,0.0,0.0,0.0,0.0,0.0,0.0,0.0,0.0,0.0,0.011666666666666665,0.011666666666666665,0.0,0.0,0.0,18.36920784862634,18.36920784862634,0.0,0.0,0.0,0.0
21.05,0.0,0.0,0.0,0.0,0.0,0.0,0.0,0.0,0.0,0.0,0.011666666666666665,0.011666666666666665,0.0,0.0,0.0,18.36920784862634,18.36920784862634,0.0,0.0,0.0,0.0
21.066666666666666,0.0,0.0,0.0,0.0,0.0,0.0,0.0,0.0,0.0,0.0,0.011666666666666665,0.011666666666666665,0.0,0.0,0.0,18.36920784862634,18.36920784862634,0.0,0.0,0.0,0.0
21.083333333333332,0.0,0.0,0.0,0.0,0.0,0.0,0.0,0.0,0.0,0.0,0.011666666666666665,0.011666666666666665,0.0,0.0,0.0,18.36920784862634,18.36920784862634,0.0,0.0,0.0,0.0
21.1,0.0,0.0,0.0,0.0,0.0,0.0,0.0,0.0,0.0,0.0,0.011666666666666665,0.011666666666666665,0.0,0.0,0.0,18.36920784862634,18.36920784862634,0.0,0.0,0.0,0.0
21.116666666666667,0.0,0.0,0.0,0.0,0.0,0.0,0.0,0.0,0.0,0.0,0.011666666666666665,0.011666666666666665,0.0,0.0,0.0,18.36920784862634,18.36920784862634,0.0,0.0,0.0,0.0
21.133333333333333,0.0,0.0,0.0,0.0,0.0,0.0,0.0,0.0,0.0,0.0,0.011666666666666665,0.011666666666666665,0.0,0.0,0.0,18.36920784862634,18.36920784862634,0.0,0.0,0.0,0.0
21.15,0.0,0.0,0.0,0.0,0.0,0.0,0.0,0.0,0.0,0.0,0.011666666666666665,0.011666666666666665,0.0,0.0,0.0,18.36920784862634,18.36920784862634,0.0,0.0,0.0,0.0
21.166666666666668,0.0,0.0,0.0,0.0,0.0,0.0,0.0,0.0,0.0,0.0,0.011666666666666665,0.011666666666666665,0.0,0.0,0.0,18.36920784862634,18.36920784862634,0.0,0.0,0.0,0.0
21.183333333333334,0.0,0.0,0.0,0.0,0.0,0.0,0.0,0.0,0.0,0.0,0.011666666666666665,0.011666666666666665,0.0,0.0,0.0,18.36920784862634,18.36920784862634,0.0,0.0,0.0,0.0
21.2,0.0,0.0,0.0,0.0,0.0,0.0,0.0,0.0,0.0,0.0,0.011666666666666665,0.011666666666666665,0.0,0.0,0.0,18.36920784862634,18.36920784862634,0.0,0.0,0.0,0.0
21.216666666666665,0.0,0.0,0.0,0.0,0.0,0.0,0.0,0.0,0.0,0.0,0.011666666666666665,0.011666666666666665,0.0,0.0,0.0,18.36920784862634,18.36920784862634,0.0,0.0,0.0,0.0
21.233333333333334,0.0,0.0,0.0,0.0,0.0,0.0,0.0,0.0,0.0,0.0,0.011666666666666665,0.011666666666666665,0.0,0.0,0.0,18.36920784862634,18.36920784862634,0.0,0.0,0.0,0.0
21.25,0.0,0.0,0.0,0.0,0.0,0.0,0.0,0.0,0.0,0.0,0.011666666666666665,0.011666666666666665,0.0,0.0,0.0,18.36920784862634,18.36920784862634,0.0,0.0,0.0,0.0
21.266666666666666,0.0,0.0,0.0,0.0,0.0,0.0,0.0,0.0,0.0,0.0,0.011666666666666665,0.011666666666666665,0.0,0.0,0.0,18.36920784862634,18.36920784862634,0.0,0.0,0.0,0.0
21.28333333333333,0.0,0.0,0.0,0.0,0.0,0.0,0.0,0.0,0.0,0.0,0.011666666666666665,0.011666666666666665,0.0,0.0,0.0,18.36920784862634,18.36920784862634,0.0,0.0,0.0,0.0
21.3,0.0,0.0,0.0,0.0,0.0,0.0,0.0,0.0,0.0,0.0,0.011666666666666665,0.011666666666666665,0.0,0.0,0.0,18.36920784862634,18.36920784862634,0.0,0.0,0.0,0.0
21.316666666666666,0.0,0.0,0.0,0.0,0.0,0.0,0.0,0.0,0.0,0.0,0.011666666666666665,0.011666666666666665,0.0,0.0,0.0,18.36920784862634,18.36920784862634,0.0,0.0,0.0,0.0
21.333333333333332,0.0,0.0,0.0,0.0,0.0,0.0,0.0,0.0,0.0,0.0,0.011666666666666665,0.011666666666666665,0.0,0.0,0.0,18.36920784862634,18.36920784862634,0.0,0.0,0.0,0.0
21.35,0.0,0.0,0.0,0.0,0.0,0.0,0.0,0.0,0.0,0.0,0.011666666666666665,0.011666666666666665,0.0,0.0,0.0,18.36920784862634,18.36920784862634,0.0,0.0,0.0,0.0
21.366666666666667,0.0,0.0,0.0,0.0,0.0,0.0,0.0,0.0,0.0,0.0,0.011666666666666665,0.011666666666666665,0.0,0.0,0.0,18.36920784862634,18.36920784862634,0.0,0.0,0.0,0.0
21.383333333333333,0.0,0.0,0.0,0.0,0.0,0.0,0.0,0.0,0.0,0.0,0.011666666666666665,0.011666666666666665,0.0,0.0,0.0,18.36920784862634,18.36920784862634,0.0,0.0,0.0,0.0
21.4,0.0,0.0,0.0,0.0,0.0,0.0,0.0,0.0,0.0,0.0,0.011666666666666665,0.011666666666666665,0.0,0.0,0.0,18.36920784862634,18.36920784862634,0.0,0.0,0.0,0.0
21.416666666666668,0.0,0.0,0.0,0.0,0.0,0.0,0.0,0.0,0.0,0.0,0.011666666666666665,0.011666666666666665,0.0,0.0,0.0,18.36920784862634,18.36920784862634,0.0,0.0,0.0,0.0
21.433333333333334,0.0,0.0,0.0,0.0,0.0,0.0,0.0,0.0,0.0,0.0,0.011666666666666665,0.011666666666666665,0.0,0.0,0.0,18.36920784862634,18.36920784862634,0.0,0.0,0.0,0.0
21.45,0.0,0.0,0.0,0.0,0.0,0.0,0.0,0.0,0.0,0.0,0.011666666666666665,0.011666666666666665,0.0,0.0,0.0,18.36920784862634,18.36920784862634,0.0,0.0,0.0,0.0
21.466666666666665,0.0,0.0,0.0,0.0,0.0,0.0,0.0,0.0,0.0,0.0,0.011666666666666665,0.011666666666666665,0.0,0.0,0.0,18.36920784862634,18.36920784862634,0.0,0.0,0.0,0.0
21.483333333333334,0.0,0.0,0.0,0.0,0.0,0.0,0.0,0.0,0.0,0.0,0.011666666666666665,0.011666666666666665,0.0,0.0,0.0,18.36920784862634,18.36920784862634,0.0,0.0,0.0,0.0
21.5,0.0,0.0,0.0,0.0,0.0,0.0,0.0,0.0,0.0,0.0,0.011666666666666665,0.011666666666666665,0.0,0.0,0.0,18.36920784862634,18.36920784862634,0.0,0.0,0.0,0.0
21.516666666666666,0.0,0.0,0.0,0.0,0.0,0.0,0.0,0.0,0.0,0.0,0.011666666666666665,0.011666666666666665,0.0,0.0,0.0,18.36920784862634,18.36920784862634,0.0,0.0,0.0,0.0
21.53333333333333,0.0,0.0,0.0,0.0,0.0,0.0,0.0,0.0,0.0,0.0,0.011666666666666665,0.011666666666666665,0.0,0.0,0.0,18.36920784862634,18.36920784862634,0.0,0.0,0.0,0.0
21.55,0.0,0.0,0.0,0.0,0.0,0.0,0.0,0.0,0.0,0.0,0.011666666666666665,0.011666666666666665,0.0,0.0,0.0,18.36920784862634,18.36920784862634,0.0,0.0,0.0,0.0
21.566666666666666,0.0,0.0,0.0,0.0,0.0,0.0,0.0,0.0,0.0,0.0,0.011666666666666665,0.011666666666666665,0.0,0.0,0.0,18.36920784862634,18.36920784862634,0.0,0.0,0.0,0.0
21.583333333333332,0.0,0.0,0.0,0.0,0.0,0.0,0.0,0.0,0.0,0.0,0.011666666666666665,0.011666666666666665,0.0,0.0,0.0,18.36920784862634,18.36920784862634,0.0,0.0,0.0,0.0
21.6,0.0,0.0,0.0,0.0,0.0,0.0,0.0,0.0,0.0,0.0,0.011666666666666665,0.011666666666666665,0.0,0.0,0.0,18.36920784862634,18.36920784862634,0.0,0.0,0.0,0.0
21.616666666666667,0.0,0.0,0.0,0.0,0.0,0.0,0.0,0.0,0.0,0.0,0.011666666666666665,0.011666666666666665,0.0,0.0,0.0,18.36920784862634,18.36920784862634,0.0,0.0,0.0,0.0
21.633333333333333,0.0,0.0,0.0,0.0,0.0,0.0,0.0,0.0,0.0,0.0,0.011666666666666665,0.011666666666666665,0.0,0.0,0.0,18.36920784862634,18.36920784862634,0.0,0.0,0.0,0.0
21.65,0.0,0.0,0.0,0.0,0.0,0.0,0.0,0.0,0.0,0.0,0.011666666666666665,0.011666666666666665,0.0,0.0,0.0,18.36920784862634,18.36920784862634,0.0,0.0,0.0,0.0
21.666666666666668,0.0,0.0,0.0,0.0,0.0,0.0,0.0,0.0,0.0,0.0,0.011666666666666665,0.011666666666666665,0.0,0.0,0.0,18.36920784862634,18.36920784862634,0.0,0.0,0.0,0.0
21.683333333333334,0.0,0.0,0.0,0.0,0.0,0.0,0.0,0.0,0.0,0.0,0.011666666666666665,0.011666666666666665,0.0,0.0,0.0,18.36920784862634,18.36920784862634,0.0,0.0,0.0,0.0
21.7,0.0,0.0,0.0,0.0,0.0,0.0,0.0,0.0,0.0,0.0,0.011666666666666665,0.011666666666666665,0.0,0.0,0.0,18.36920784862634,18.36920784862634,0.0,0.0,0.0,0.0
21.716666666666665,0.0,0.0,0.0,0.0,0.0,0.0,0.0,0.0,0.0,0.0,0.011666666666666665,0.011666666666666665,0.0,0.0,0.0,18.36920784862634,18.36920784862634,0.0,0.0,0.0,0.0
21.733333333333334,0.0,0.0,0.0,0.0,0.0,0.0,0.0,0.0,0.0,0.0,0.011666666666666665,0.011666666666666665,0.0,0.0,0.0,18.36920784862634,18.36920784862634,0.0,0.0,0.0,0.0
21.75,0.0,0.0,0.0,0.0,0.0,0.0,0.0,0.0,0.0,0.0,0.011666666666666665,0.011666666666666665,0.0,0.0,0.0,18.36920784862634,18.36920784862634,0.0,0.0,0.0,0.0
21.766666666666666,0.0,0.0,0.0,0.0,0.0,0.0,0.0,0.0,0.0,0.0,0.011666666666666665,0.011666666666666665,0.0,0.0,0.0,18.36920784862634,18.36920784862634,0.0,0.0,0.0,0.0
21.78333333333333,0.0,0.0,0.0,0.0,0.0,0.0,0.0,0.0,0.0,0.0,0.011666666666666665,0.011666666666666665,0.0,0.0,0.0,18.36920784862634,18.36920784862634,0.0,0.0,0.0,0.0
21.8,0.0,0.0,0.0,0.0,0.0,0.0,0.0,0.0,0.0,0.0,0.011666666666666665,0.011666666666666665,0.0,0.0,0.0,18.36920784862634,18.36920784862634,0.0,0.0,0.0,0.0
21.816666666666666,0.0,0.0,0.0,0.0,0.0,0.0,0.0,0.0,0.0,0.0,0.011666666666666665,0.011666666666666665,0.0,0.0,0.0,18.36920784862634,18.36920784862634,0.0,0.0,0.0,0.0
21.833333333333332,0.0,0.0,0.0,0.0,0.0,0.0,0.0,0.0,0.0,0.0,0.011666666666666665,0.011666666666666665,0.0,0.0,0.0,18.36920784862634,18.36920784862634,0.0,0.0,0.0,0.0
21.85,0.0,0.0,0.0,0.0,0.0,0.0,0.0,0.0,0.0,0.0,0.011666666666666665,0.011666666666666665,0.0,0.0,0.0,18.36920784862634,18.36920784862634,0.0,0.0,0.0,0.0
21.866666666666667,0.0,0.0,0.0,0.0,0.0,0.0,0.0,0.0,0.0,0.0,0.011666666666666665,0.011666666666666665,0.0,0.0,0.0,18.36920784862634,18.36920784862634,0.0,0.0,0.0,0.0
21.883333333333333,0.0,0.0,0.0,0.0,0.0,0.0,0.0,0.0,0.0,0.0,0.011666666666666665,0.011666666666666665,0.0,0.0,0.0,18.36920784862634,18.36920784862634,0.0,0.0,0.0,0.0
21.9,0.0,0.0,0.0,0.0,0.0,0.0,0.0,0.0,0.0,0.0,0.011666666666666665,0.011666666666666665,0.0,0.0,0.0,18.36920784862634,18.36920784862634,0.0,0.0,0.0,0.0
21.916666666666668,0.0,0.0,0.0,0.0,0.0,0.0,0.0,0.0,0.0,0.0,0.011666666666666665,0.011666666666666665,0.0,0.0,0.0,18.36920784862634,18.36920784862634,0.0,0.0,0.0,0.0
21.933333333333334,0.0,0.0,0.0,0.0,0.0,0.0,0.0,0.0,0.0,0.0,0.011666666666666665,0.011666666666666665,0.0,0.0,0.0,18.36920784862634,18.36920784862634,0.0,0.0,0.0,0.0
21.95,0.0,0.0,0.0,0.0,0.0,0.0,0.0,0.0,0.0,0.0,0.011666666666666665,0.011666666666666665,0.0,0.0,0.0,18.36920784862634,18.36920784862634,0.0,0.0,0.0,0.0
21.966666666666665,0.0,0.0,0.0,0.0,0.0,0.0,0.0,0.0,0.0,0.0,0.011666666666666665,0.011666666666666665,0.0,0.0,0.0,18.36920784862634,18.36920784862634,0.0,0.0,0.0,0.0
21.983333333333334,0.0,0.0,0.0,0.0,0.0,0.0,0.0,0.0,0.0,0.0,0.011666666666666665,0.011666666666666665,0.0,0.0,0.0,18.36920784862634,18.36920784862634,0.0,0.0,0.0,0.0
22.0,0.0,0.0,0.0,0.0,0.0,0.0,0.0,0.0,0.0,0.0,0.011666666666666665,0.011666666666666665,0.0,0.0,0.0,18.36920784862634,18.36920784862634,0.0,0.0,0.0,0.0
22.016666666666666,0.0,0.0,0.0,0.0,0.0,0.0,0.0,0.0,0.0,0.0,0.011666666666666665,0.011666666666666665,0.0,0.0,0.0,18.36920784862634,18.36920784862634,0.0,0.0,0.0,0.0
22.03333333333333,0.0,0.0,0.0,0.0,0.0,0.0,0.0,0.0,0.0,0.0,0.011666666666666665,0.011666666666666665,0.0,0.0,0.0,18.36920784862634,18.36920784862634,0.0,0.0,0.0,0.0
22.05,0.0,0.0,0.0,0.0,0.0,0.0,0.0,0.0,0.0,0.0,0.011666666666666665,0.011666666666666665,0.0,0.0,0.0,18.36920784862634,18.36920784862634,0.0,0.0,0.0,0.0
22.066666666666666,0.0,0.0,0.0,0.0,0.0,0.0,0.0,0.0,0.0,0.0,0.011666666666666665,0.011666666666666665,0.0,0.0,0.0,18.36920784862634,18.36920784862634,0.0,0.0,0.0,0.0
22.083333333333332,0.0,0.0,0.0,0.0,0.0,0.0,0.0,0.0,0.0,0.0,0.011666666666666665,0.011666666666666665,0.0,0.0,0.0,18.36920784862634,18.36920784862634,0.0,0.0,0.0,0.0
22.1,0.0,0.0,0.0,0.0,0.0,0.0,0.0,0.0,0.0,0.0,0.011666666666666665,0.011666666666666665,0.0,0.0,0.0,18.36920784862634,18.36920784862634,0.0,0.0,0.0,0.0
22.116666666666667,0.0,0.0,0.0,0.0,0.0,0.0,0.0,0.0,0.0,0.0,0.011666666666666665,0.011666666666666665,0.0,0.0,0.0,18.36920784862634,18.36920784862634,0.0,0.0,0.0,0.0
22.133333333333333,0.0,0.0,0.0,0.0,0.0,0.0,0.0,0.0,0.0,0.0,0.011666666666666665,0.011666666666666665,0.0,0.0,0.0,18.36920784862634,18.36920784862634,0.0,0.0,0.0,0.0
22.15,0.0,0.0,0.0,0.0,0.0,0.0,0.0,0.0,0.0,0.0,0.011666666666666665,0.011666666666666665,0.0,0.0,0.0,18.36920784862634,18.36920784862634,0.0,0.0,0.0,0.0
22.166666666666668,0.0,0.0,0.0,0.0,0.0,0.0,0.0,0.0,0.0,0.0,0.011666666666666665,0.011666666666666665,0.0,0.0,0.0,18.36920784862634,18.36920784862634,0.0,0.0,0.0,0.0
22.183333333333334,0.0,0.0,0.0,0.0,0.0,0.0,0.0,0.0,0.0,0.0,0.011666666666666665,0.011666666666666665,0.0,0.0,0.0,18.36920784862634,18.36920784862634,0.0,0.0,0.0,0.0
22.2,0.0,0.0,0.0,0.0,0.0,0.0,0.0,0.0,0.0,0.0,0.011666666666666665,0.011666666666666665,0.0,0.0,0.0,18.36920784862634,18.36920784862634,0.0,0.0,0.0,0.0
22.216666666666665,0.0,0.0,0.0,0.0,0.0,0.0,0.0,0.0,0.0,0.0,0.011666666666666665,0.011666666666666665,0.0,0.0,0.0,18.36920784862634,18.36920784862634,0.0,0.0,0.0,0.0
22.233333333333334,0.0,0.0,0.0,0.0,0.0,0.0,0.0,0.0,0.0,0.0,0.011666666666666665,0.011666666666666665,0.0,0.0,0.0,18.36920784862634,18.36920784862634,0.0,0.0,0.0,0.0
22.25,0.0,0.0,0.0,0.0,0.0,0.0,0.0,0.0,0.0,0.0,0.011666666666666665,0.011666666666666665,0.0,0.0,0.0,18.36920784862634,18.36920784862634,0.0,0.0,0.0,0.0
22.266666666666666,0.0,0.0,0.0,0.0,0.0,0.0,0.0,0.0,0.0,0.0,0.011666666666666665,0.011666666666666665,0.0,0.0,0.0,18.36920784862634,18.36920784862634,0.0,0.0,0.0,0.0
22.28333333333333,0.0,0.0,0.0,0.0,0.0,0.0,0.0,0.0,0.0,0.0,0.011666666666666665,0.011666666666666665,0.0,0.0,0.0,18.36920784862634,18.36920784862634,0.0,0.0,0.0,0.0
22.3,0.0,0.0,0.0,0.0,0.0,0.0,0.0,0.0,0.0,0.0,0.011666666666666665,0.011666666666666665,0.0,0.0,0.0,18.36920784862634,18.36920784862634,0.0,0.0,0.0,0.0
22.316666666666666,0.0,0.0,0.0,0.0,0.0,0.0,0.0,0.0,0.0,0.0,0.011666666666666665,0.011666666666666665,0.0,0.0,0.0,18.36920784862634,18.36920784862634,0.0,0.0,0.0,0.0
22.333333333333332,0.0,0.0,0.0,0.0,0.0,0.0,0.0,0.0,0.0,0.0,0.011666666666666665,0.011666666666666665,0.0,0.0,0.0,18.36920784862634,18.36920784862634,0.0,0.0,0.0,0.0
22.35,0.0,0.0,0.0,0.0,0.0,0.0,0.0,0.0,0.0,0.0,0.011666666666666665,0.011666666666666665,0.0,0.0,0.0,18.36920784862634,18.36920784862634,0.0,0.0,0.0,0.0
22.366666666666667,0.0,0.0,0.0,0.0,0.0,0.0,0.0,0.0,0.0,0.0,0.011666666666666665,0.011666666666666665,0.0,0.0,0.0,18.36920784862634,18.36920784862634,0.0,0.0,0.0,0.0
22.383333333333333,0.0,0.0,0.0,0.0,0.0,0.0,0.0,0.0,0.0,0.0,0.011666666666666665,0.011666666666666665,0.0,0.0,0.0,18.36920784862634,18.36920784862634,0.0,0.0,0.0,0.0
22.4,0.0,0.0,0.0,0.0,0.0,0.0,0.0,0.0,0.0,0.0,0.011666666666666665,0.011666666666666665,0.0,0.0,0.0,18.36920784862634,18.36920784862634,0.0,0.0,0.0,0.0
22.416666666666668,0.0,0.0,0.0,0.0,0.0,0.0,0.0,0.0,0.0,0.0,0.011666666666666665,0.011666666666666665,0.0,0.0,0.0,18.36920784862634,18.36920784862634,0.0,0.0,0.0,0.0
22.433333333333334,0.0,0.0,0.0,0.0,0.0,0.0,0.0,0.0,0.0,0.0,0.011666666666666665,0.011666666666666665,0.0,0.0,0.0,18.36920784862634,18.36920784862634,0.0,0.0,0.0,0.0
22.45,0.0,0.0,0.0,0.0,0.0,0.0,0.0,0.0,0.0,0.0,0.011666666666666665,0.011666666666666665,0.0,0.0,0.0,18.36920784862634,18.36920784862634,0.0,0.0,0.0,0.0
22.466666666666665,0.0,0.0,0.0,0.0,0.0,0.0,0.0,0.0,0.0,0.0,0.011666666666666665,0.011666666666666665,0.0,0.0,0.0,18.36920784862634,18.36920784862634,0.0,0.0,0.0,0.0
22.483333333333334,0.0,0.0,0.0,0.0,0.0,0.0,0.0,0.0,0.0,0.0,0.011666666666666665,0.011666666666666665,0.0,0.0,0.0,18.36920784862634,18.36920784862634,0.0,0.0,0.0,0.0
22.5,0.0,0.0,0.0,0.0,0.0,0.0,0.0,0.0,0.0,0.0,0.011666666666666665,0.011666666666666665,0.0,0.0,0.0,18.36920784862634,18.36920784862634,0.0,0.0,0.0,0.0
22.516666666666666,0.0,0.0,0.0,0.0,0.0,0.0,0.0,0.0,0.0,0.0,0.011666666666666665,0.011666666666666665,0.0,0.0,0.0,18.36920784862634,18.36920784862634,0.0,0.0,0.0,0.0
22.53333333333333,0.0,0.0,0.0,0.0,0.0,0.0,0.0,0.0,0.0,0.0,0.011666666666666665,0.011666666666666665,0.0,0.0,0.0,18.36920784862634,18.36920784862634,0.0,0.0,0.0,0.0
22.55,0.0,0.0,0.0,0.0,0.0,0.0,0.0,0.0,0.0,0.0,0.011666666666666665,0.011666666666666665,0.0,0.0,0.0,18.36920784862634,18.36920784862634,0.0,0.0,0.0,0.0
22.566666666666666,0.0,0.0,0.0,0.0,0.0,0.0,0.0,0.0,0.0,0.0,0.011666666666666665,0.011666666666666665,0.0,0.0,0.0,18.36920784862634,18.36920784862634,0.0,0.0,0.0,0.0
22.583333333333332,0.0,0.0,0.0,0.0,0.0,0.0,0.0,0.0,0.0,0.0,0.011666666666666665,0.011666666666666665,0.0,0.0,0.0,18.36920784862634,18.36920784862634,0.0,0.0,0.0,0.0
22.6,0.0,0.0,0.0,0.0,0.0,0.0,0.0,0.0,0.0,0.0,0.011666666666666665,0.011666666666666665,0.0,0.0,0.0,18.36920784862634,18.36920784862634,0.0,0.0,0.0,0.0
22.616666666666667,0.0,0.0,0.0,0.0,0.0,0.0,0.0,0.0,0.0,0.0,0.011666666666666665,0.011666666666666665,0.0,0.0,0.0,18.36920784862634,18.36920784862634,0.0,0.0,0.0,0.0
22.633333333333333,0.0,0.0,0.0,0.0,0.0,0.0,0.0,0.0,0.0,0.0,0.011666666666666665,0.011666666666666665,0.0,0.0,0.0,18.36920784862634,18.36920784862634,0.0,0.0,0.0,0.0
22.65,0.0,0.0,0.0,0.0,0.0,0.0,0.0,0.0,0.0,0.0,0.011666666666666665,0.011666666666666665,0.0,0.0,0.0,18.36920784862634,18.36920784862634,0.0,0.0,0.0,0.0
22.666666666666668,0.0,0.0,0.0,0.0,0.0,0.0,0.0,0.0,0.0,0.0,0.011666666666666665,0.011666666666666665,0.0,0.0,0.0,18.36920784862634,18.36920784862634,0.0,0.0,0.0,0.0
22.683333333333334,0.0,0.0,0.0,0.0,0.0,0.0,0.0,0.0,0.0,0.0,0.011666666666666665,0.011666666666666665,0.0,0.0,0.0,18.36920784862634,18.36920784862634,0.0,0.0,0.0,0.0
22.7,0.0,0.0,0.0,0.0,0.0,0.0,0.0,0.0,0.0,0.0,0.011666666666666665,0.011666666666666665,0.0,0.0,0.0,18.36920784862634,18.36920784862634,0.0,0.0,0.0,0.0
22.716666666666665,0.0,0.0,0.0,0.0,0.0,0.0,0.0,0.0,0.0,0.0,0.011666666666666665,0.011666666666666665,0.0,0.0,0.0,18.36920784862634,18.36920784862634,0.0,0.0,0.0,0.0
22.733333333333334,0.0,0.0,0.0,0.0,0.0,0.0,0.0,0.0,0.0,0.0,0.011666666666666665,0.011666666666666665,0.0,0.0,0.0,18.36920784862634,18.36920784862634,0.0,0.0,0.0,0.0
22.75,0.0,0.0,0.0,0.0,0.0,0.0,0.0,0.0,0.0,0.0,0.011666666666666665,0.011666666666666665,0.0,0.0,0.0,18.36920784862634,18.36920784862634,0.0,0.0,0.0,0.0
22.766666666666666,0.0,0.0,0.0,0.0,0.0,0.0,0.0,0.0,0.0,0.0,0.011666666666666665,0.011666666666666665,0.0,0.0,0.0,18.36920784862634,18.36920784862634,0.0,0.0,0.0,0.0
22.78333333333333,0.0,0.0,0.0,0.0,0.0,0.0,0.0,0.0,0.0,0.0,0.011666666666666665,0.011666666666666665,0.0,0.0,0.0,18.36920784862634,18.36920784862634,0.0,0.0,0.0,0.0
22.8,0.0,0.0,0.0,0.0,0.0,0.0,0.0,0.0,0.0,0.0,0.011666666666666665,0.011666666666666665,0.0,0.0,0.0,18.36920784862634,18.36920784862634,0.0,0.0,0.0,0.0
22.816666666666666,0.0,0.0,0.0,0.0,0.0,0.0,0.0,0.0,0.0,0.0,0.011666666666666665,0.011666666666666665,0.0,0.0,0.0,18.36920784862634,18.36920784862634,0.0,0.0,0.0,0.0
22.833333333333332,0.0,0.0,0.0,0.0,0.0,0.0,0.0,0.0,0.0,0.0,0.011666666666666665,0.011666666666666665,0.0,0.0,0.0,18.36920784862634,18.36920784862634,0.0,0.0,0.0,0.0
22.85,0.0,0.0,0.0,0.0,0.0,0.0,0.0,0.0,0.0,0.0,0.011666666666666665,0.011666666666666665,0.0,0.0,0.0,18.36920784862634,18.36920784862634,0.0,0.0,0.0,0.0
22.866666666666667,0.0,0.0,0.0,0.0,0.0,0.0,0.0,0.0,0.0,0.0,0.011666666666666665,0.011666666666666665,0.0,0.0,0.0,18.36920784862634,18.36920784862634,0.0,0.0,0.0,0.0
22.883333333333333,0.0,0.0,0.0,0.0,0.0,0.0,0.0,0.0,0.0,0.0,0.011666666666666665,0.011666666666666665,0.0,0.0,0.0,18.36920784862634,18.36920784862634,0.0,0.0,0.0,0.0
22.9,0.0,0.0,0.0,0.0,0.0,0.0,0.0,0.0,0.0,0.0,0.011666666666666665,0.011666666666666665,0.0,0.0,0.0,18.36920784862634,18.36920784862634,0.0,0.0,0.0,0.0
22.916666666666668,0.0,0.0,0.0,0.0,0.0,0.0,0.0,0.0,0.0,0.0,0.011666666666666665,0.011666666666666665,0.0,0.0,0.0,18.36920784862634,18.36920784862634,0.0,0.0,0.0,0.0
22.933333333333334,0.0,0.0,0.0,0.0,0.0,0.0,0.0,0.0,0.0,0.0,0.011666666666666665,0.011666666666666665,0.0,0.0,0.0,18.36920784862634,18.36920784862634,0.0,0.0,0.0,0.0
22.95,0.0,0.0,0.0,0.0,0.0,0.0,0.0,0.0,0.0,0.0,0.011666666666666665,0.011666666666666665,0.0,0.0,0.0,18.36920784862634,18.36920784862634,0.0,0.0,0.0,0.0
22.966666666666665,0.0,0.0,0.0,0.0,0.0,0.0,0.0,0.0,0.0,0.0,0.011666666666666665,0.011666666666666665,0.0,0.0,0.0,18.36920784862634,18.36920784862634,0.0,0.0,0.0,0.0
22.983333333333334,0.0,0.0,0.0,0.0,0.0,0.0,0.0,0.0,0.0,0.0,0.011666666666666665,0.011666666666666665,0.0,0.0,0.0,18.36920784862634,18.36920784862634,0.0,0.0,0.0,0.0
23.0,0.0,0.0,0.0,0.0,0.0,0.0,0.0,0.0,0.0,0.0,0.011666666666666665,0.011666666666666665,0.0,0.0,0.0,18.36920784862634,18.36920784862634,0.0,0.0,0.0,0.0
23.016666666666666,0.0,0.0,0.0,0.0,0.0,0.0,0.0,0.0,0.0,0.0,0.011666666666666665,0.011666666666666665,0.0,0.0,0.0,18.36920784862634,18.36920784862634,0.0,0.0,0.0,0.0
23.03333333333333,0.0,0.0,0.0,0.0,0.0,0.0,0.0,0.0,0.0,0.0,0.011666666666666665,0.011666666666666665,0.0,0.0,0.0,18.36920784862634,18.36920784862634,0.0,0.0,0.0,0.0
23.05,0.0,0.0,0.0,0.0,0.0,0.0,0.0,0.0,0.0,0.0,0.011666666666666665,0.011666666666666665,0.0,0.0,0.0,18.36920784862634,18.36920784862634,0.0,0.0,0.0,0.0
23.066666666666666,0.0,0.0,0.0,0.0,0.0,0.0,0.0,0.0,0.0,0.0,0.011666666666666665,0.011666666666666665,0.0,0.0,0.0,18.36920784862634,18.36920784862634,0.0,0.0,0.0,0.0
23.083333333333332,0.0,0.0,0.0,0.0,0.0,0.0,0.0,0.0,0.0,0.0,0.011666666666666665,0.011666666666666665,0.0,0.0,0.0,18.36920784862634,18.36920784862634,0.0,0.0,0.0,0.0
23.1,0.0,0.0,0.0,0.0,0.0,0.0,0.0,0.0,0.0,0.0,0.011666666666666665,0.011666666666666665,0.0,0.0,0.0,18.36920784862634,18.36920784862634,0.0,0.0,0.0,0.0
23.116666666666667,0.0,0.0,0.0,0.0,0.0,0.0,0.0,0.0,0.0,0.0,0.011666666666666665,0.011666666666666665,0.0,0.0,0.0,18.36920784862634,18.36920784862634,0.0,0.0,0.0,0.0
23.133333333333333,0.0,0.0,0.0,0.0,0.0,0.0,0.0,0.0,0.0,0.0,0.011666666666666665,0.011666666666666665,0.0,0.0,0.0,18.36920784862634,18.36920784862634,0.0,0.0,0.0,0.0
23.15,0.0,0.0,0.0,0.0,0.0,0.0,0.0,0.0,0.0,0.0,0.011666666666666665,0.011666666666666665,0.0,0.0,0.0,18.36920784862634,18.36920784862634,0.0,0.0,0.0,0.0
23.166666666666668,0.0,0.0,0.0,0.0,0.0,0.0,0.0,0.0,0.0,0.0,0.011666666666666665,0.011666666666666665,0.0,0.0,0.0,18.36920784862634,18.36920784862634,0.0,0.0,0.0,0.0
23.183333333333334,0.0,0.0,0.0,0.0,0.0,0.0,0.0,0.0,0.0,0.0,0.011666666666666665,0.011666666666666665,0.0,0.0,0.0,18.36920784862634,18.36920784862634,0.0,0.0,0.0,0.0
23.2,0.0,0.0,0.0,0.0,0.0,0.0,0.0,0.0,0.0,0.0,0.011666666666666665,0.011666666666666665,0.0,0.0,0.0,18.36920784862634,18.36920784862634,0.0,0.0,0.0,0.0
23.216666666666665,0.0,0.0,0.0,0.0,0.0,0.0,0.0,0.0,0.0,0.0,0.011666666666666665,0.011666666666666665,0.0,0.0,0.0,18.36920784862634,18.36920784862634,0.0,0.0,0.0,0.0
23.233333333333334,0.0,0.0,0.0,0.0,0.0,0.0,0.0,0.0,0.0,0.0,0.011666666666666665,0.011666666666666665,0.0,0.0,0.0,18.36920784862634,18.36920784862634,0.0,0.0,0.0,0.0
23.25,0.0,0.0,0.0,0.0,0.0,0.0,0.0,0.0,0.0,0.0,0.011666666666666665,0.011666666666666665,0.0,0.0,0.0,18.36920784862634,18.36920784862634,0.0,0.0,0.0,0.0
23.266666666666666,0.0,0.0,0.0,0.0,0.0,0.0,0.0,0.0,0.0,0.0,0.011666666666666665,0.011666666666666665,0.0,0.0,0.0,18.36920784862634,18.36920784862634,0.0,0.0,0.0,0.0
23.28333333333333,0.0,0.0,0.0,0.0,0.0,0.0,0.0,0.0,0.0,0.0,0.011666666666666665,0.011666666666666665,0.0,0.0,0.0,18.36920784862634,18.36920784862634,0.0,0.0,0.0,0.0
23.3,0.0,0.0,0.0,0.0,0.0,0.0,0.0,0.0,0.0,0.0,0.011666666666666665,0.011666666666666665,0.0,0.0,0.0,18.36920784862634,18.36920784862634,0.0,0.0,0.0,0.0
23.316666666666666,0.0,0.0,0.0,0.0,0.0,0.0,0.0,0.0,0.0,0.0,0.011666666666666665,0.011666666666666665,0.0,0.0,0.0,18.36920784862634,18.36920784862634,0.0,0.0,0.0,0.0
23.333333333333332,0.0,0.0,0.0,0.0,0.0,0.0,0.0,0.0,0.0,0.0,0.011666666666666665,0.011666666666666665,0.0,0.0,0.0,18.36920784862634,18.36920784862634,0.0,0.0,0.0,0.0
23.35,0.0,0.0,0.0,0.0,0.0,0.0,0.0,0.0,0.0,0.0,0.011666666666666665,0.011666666666666665,0.0,0.0,0.0,18.36920784862634,18.36920784862634,0.0,0.0,0.0,0.0
23.366666666666667,0.0,0.0,0.0,0.0,0.0,0.0,0.0,0.0,0.0,0.0,0.011666666666666665,0.011666666666666665,0.0,0.0,0.0,18.36920784862634,18.36920784862634,0.0,0.0,0.0,0.0
23.383333333333333,0.0,0.0,0.0,0.0,0.0,0.0,0.0,0.0,0.0,0.0,0.011666666666666665,0.011666666666666665,0.0,0.0,0.0,18.36920784862634,18.36920784862634,0.0,0.0,0.0,0.0
23.4,0.0,0.0,0.0,0.0,0.0,0.0,0.0,0.0,0.0,0.0,0.011666666666666665,0.011666666666666665,0.0,0.0,0.0,18.36920784862634,18.36920784862634,0.0,0.0,0.0,0.0
23.416666666666668,0.0,0.0,0.0,0.0,0.0,0.0,0.0,0.0,0.0,0.0,0.011666666666666665,0.011666666666666665,0.0,0.0,0.0,18.36920784862634,18.36920784862634,0.0,0.0,0.0,0.0
23.433333333333334,0.0,0.0,0.0,0.0,0.0,0.0,0.0,0.0,0.0,0.0,0.011666666666666665,0.011666666666666665,0.0,0.0,0.0,18.36920784862634,18.36920784862634,0.0,0.0,0.0,0.0
23.45,0.0,0.0,0.0,0.0,0.0,0.0,0.0,0.0,0.0,0.0,0.011666666666666665,0.011666666666666665,0.0,0.0,0.0,18.36920784862634,18.36920784862634,0.0,0.0,0.0,0.0
23.466666666666665,0.0,0.0,0.0,0.0,0.0,0.0,0.0,0.0,0.0,0.0,0.011666666666666665,0.011666666666666665,0.0,0.0,0.0,18.36920784862634,18.36920784862634,0.0,0.0,0.0,0.0
23.483333333333334,0.0,0.0,0.0,0.0,0.0,0.0,0.0,0.0,0.0,0.0,0.011666666666666665,0.011666666666666665,0.0,0.0,0.0,18.36920784862634,18.36920784862634,0.0,0.0,0.0,0.0
23.5,0.0,0.0,0.0,0.0,0.0,0.0,0.0,0.0,0.0,0.0,0.011666666666666665,0.011666666666666665,0.0,0.0,0.0,18.36920784862634,18.36920784862634,0.0,0.0,0.0,0.0
23.516666666666666,0.0,0.0,0.0,0.0,0.0,0.0,0.0,0.0,0.0,0.0,0.011666666666666665,0.011666666666666665,0.0,0.0,0.0,18.36920784862634,18.36920784862634,0.0,0.0,0.0,0.0
23.53333333333333,0.0,0.0,0.0,0.0,0.0,0.0,0.0,0.0,0.0,0.0,0.011666666666666665,0.011666666666666665,0.0,0.0,0.0,18.36920784862634,18.36920784862634,0.0,0.0,0.0,0.0
23.55,0.0,0.0,0.0,0.0,0.0,0.0,0.0,0.0,0.0,0.0,0.011666666666666665,0.011666666666666665,0.0,0.0,0.0,18.36920784862634,18.36920784862634,0.0,0.0,0.0,0.0
23.566666666666666,0.0,0.0,0.0,0.0,0.0,0.0,0.0,0.0,0.0,0.0,0.011666666666666665,0.011666666666666665,0.0,0.0,0.0,18.36920784862634,18.36920784862634,0.0,0.0,0.0,0.0
23.583333333333332,0.0,0.0,0.0,0.0,0.0,0.0,0.0,0.0,0.0,0.0,0.011666666666666665,0.011666666666666665,0.0,0.0,0.0,18.36920784862634,18.36920784862634,0.0,0.0,0.0,0.0
23.6,0.0,0.0,0.0,0.0,0.0,0.0,0.0,0.0,0.0,0.0,0.011666666666666665,0.011666666666666665,0.0,0.0,0.0,18.36920784862634,18.36920784862634,0.0,0.0,0.0,0.0
23.616666666666667,0.0,0.0,0.0,0.0,0.0,0.0,0.0,0.0,0.0,0.0,0.011666666666666665,0.011666666666666665,0.0,0.0,0.0,18.36920784862634,18.36920784862634,0.0,0.0,0.0,0.0
23.633333333333333,0.0,0.0,0.0,0.0,0.0,0.0,0.0,0.0,0.0,0.0,0.011666666666666665,0.011666666666666665,0.0,0.0,0.0,18.36920784862634,18.36920784862634,0.0,0.0,0.0,0.0
23.65,0.0,0.0,0.0,0.0,0.0,0.0,0.0,0.0,0.0,0.0,0.011666666666666665,0.011666666666666665,0.0,0.0,0.0,18.36920784862634,18.36920784862634,0.0,0.0,0.0,0.0
23.666666666666668,0.0,0.0,0.0,0.0,0.0,0.0,0.0,0.0,0.0,0.0,0.011666666666666665,0.011666666666666665,0.0,0.0,0.0,18.36920784862634,18.36920784862634,0.0,0.0,0.0,0.0
23.683333333333334,0.0,0.0,0.0,0.0,0.0,0.0,0.0,0.0,0.0,0.0,0.011666666666666665,0.011666666666666665,0.0,0.0,0.0,18.36920784862634,18.36920784862634,0.0,0.0,0.0,0.0
23.7,0.0,0.0,0.0,0.0,0.0,0.0,0.0,0.0,0.0,0.0,0.011666666666666665,0.011666666666666665,0.0,0.0,0.0,18.36920784862634,18.36920784862634,0.0,0.0,0.0,0.0
23.716666666666665,0.0,0.0,0.0,0.0,0.0,0.0,0.0,0.0,0.0,0.0,0.011666666666666665,0.011666666666666665,0.0,0.0,0.0,18.36920784862634,18.36920784862634,0.0,0.0,0.0,0.0
23.733333333333334,0.0,0.0,0.0,0.0,0.0,0.0,0.0,0.0,0.0,0.0,0.011666666666666665,0.011666666666666665,0.0,0.0,0.0,18.36920784862634,18.36920784862634,0.0,0.0,0.0,0.0
23.75,0.0,0.0,0.0,0.0,0.0,0.0,0.0,0.0,0.0,0.0,0.011666666666666665,0.011666666666666665,0.0,0.0,0.0,18.36920784862634,18.36920784862634,0.0,0.0,0.0,0.0
23.766666666666666,0.0,0.0,0.0,0.0,0.0,0.0,0.0,0.0,0.0,0.0,0.011666666666666665,0.011666666666666665,0.0,0.0,0.0,18.36920784862634,18.36920784862634,0.0,0.0,0.0,0.0
23.78333333333333,0.0,0.0,0.0,0.0,0.0,0.0,0.0,0.0,0.0,0.0,0.011666666666666665,0.011666666666666665,0.0,0.0,0.0,18.36920784862634,18.36920784862634,0.0,0.0,0.0,0.0
23.8,0.0,0.0,0.0,0.0,0.0,0.0,0.0,0.0,0.0,0.0,0.011666666666666665,0.011666666666666665,0.0,0.0,0.0,18.36920784862634,18.36920784862634,0.0,0.0,0.0,0.0
23.816666666666666,0.0,0.0,0.0,0.0,0.0,0.0,0.0,0.0,0.0,0.0,0.011666666666666665,0.011666666666666665,0.0,0.0,0.0,18.36920784862634,18.36920784862634,0.0,0.0,0.0,0.0
23.833333333333332,0.0,0.0,0.0,0.0,0.0,0.0,0.0,0.0,0.0,0.0,0.011666666666666665,0.011666666666666665,0.0,0.0,0.0,18.36920784862634,18.36920784862634,0.0,0.0,0.0,0.0
23.85,0.0,0.0,0.0,0.0,0.0,0.0,0.0,0.0,0.0,0.0,0.011666666666666665,0.011666666666666665,0.0,0.0,0.0,18.36920784862634,18.36920784862634,0.0,0.0,0.0,0.0
23.866666666666667,0.0,0.0,0.0,0.0,0.0,0.0,0.0,0.0,0.0,0.0,0.011666666666666665,0.011666666666666665,0.0,0.0,0.0,18.36920784862634,18.36920784862634,0.0,0.0,0.0,0.0
23.883333333333333,0.0,0.0,0.0,0.0,0.0,0.0,0.0,0.0,0.0,0.0,0.011666666666666665,0.011666666666666665,0.0,0.0,0.0,18.36920784862634,18.36920784862634,0.0,0.0,0.0,0.0
23.9,0.0,0.0,0.0,0.0,0.0,0.0,0.0,0.0,0.0,0.0,0.011666666666666665,0.011666666666666665,0.0,0.0,0.0,18.36920784862634,18.36920784862634,0.0,0.0,0.0,0.0
23.916666666666668,0.0,0.0,0.0,0.0,0.0,0.0,0.0,0.0,0.0,0.0,0.011666666666666665,0.011666666666666665,0.0,0.0,0.0,18.36920784862634,18.36920784862634,0.0,0.0,0.0,0.0
23.933333333333334,0.0,0.0,0.0,0.0,0.0,0.0,0.0,0.0,0.0,0.0,0.011666666666666665,0.011666666666666665,0.0,0.0,0.0,18.36920784862634,18.36920784862634,0.0,0.0,0.0,0.0
23.95,0.0,0.0,0.0,0.0,0.0,0.0,0.0,0.0,0.0,0.0,0.011666666666666665,0.011666666666666665,0.0,0.0,0.0,18.36920784862634,18.36920784862634,0.0,0.0,0.0,0.0
23.966666666666665,0.0,0.0,0.0,0.0,0.0,0.0,0.0,0.0,0.0,0.0,0.011666666666666665,0.011666666666666665,0.0,0.0,0.0,18.36920784862634,18.36920784862634,0.0,0.0,0.0,0.0
23.983333333333334,0.0,0.0,0.0,0.0,0.0,0.0,0.0,0.0,0.0,0.0,0.011666666666666665,0.011666666666666665,0.0,0.0,0.0,18.36920784862634,18.36920784862634,0.0,0.0,0.0,0.0
