time_h,renewable_power_kw,renewable_energy_kwh,electrolyzer_power_kw,electrolyzer_efficiency,electrolyzer_energy_kwh,h2_produced_kg,h2_direct_kg,h2_from_nh3_kg,h2_used_for_nh3_kg,h2_unused_kg,h2_demand_kg,unmet_h2_kg,nh3_produced_kg,nh3_stored_kg,nh3_discharged_kg,nh3_storage_level_kg,nh3_storage_soc_percent,nh3_synthesis_energy_kwh,nh3_cracking_energy_kwh,curtailed_energy_kwh,total_h2_supplied_kg
0.0,0.0,0.0,0.0,0.0,0.0,0.0,0.0,0.0,0.0,0.0,0.011666666666666665,0.011666666666666665,0.0,0.0,0.0,6.6814521389663915,6.6814521389663915,0.0,0.0,0.0,0.0
0.016666666666666666,0.0,0.0,0.0,0.0,0.0,0.0,0.0,0.0,0.0,0.0,0.011666666666666665,0.011666666666666665,0.0,0.0,0.0,6.6814521389663915,6.6814521389663915,0.0,0.0,0.0,0.0
0.03333333333333333,0.0,0.0,0.0,0.0,0.0,0.0,0.0,0.0,0.0,0.0,0.011666666666666665,0.011666666666666665,0.0,0.0,0.0,6.6814521389663915,6.6814521389663915,0.0,0.0,0.0,0.0
0.05,0.0,0.0,0.0,0.0,0.0,0.0,0.0,0.0,0.0,0.0,0.011666666666666665,0.011666666666666665,0.0,0.0,0.0,6.6814521389663915,6.6814521389663915,0.0,0.0,0.0,0.0
0.06666666666666667,0.0,0.0,0.0,0.0,0.0,0.0,0.0,0.0,0.0,0.0,0.011666666666666665,0.011666666666666665,0.0,0.0,0.0,6.6814521389663915,6.6814521389663915,0.0,0.0,0.0,0.0
0.08333333333333333,0.0,0.0,0.0,0.0,0.0,0.0,0.0,0.0,0.0,0.0,0.011666666666666665,0.011666666666666665,0.0,0.0,0.0,6.6814521389663915,6.6814521389663915,0.0,0.0,0.0,0.0
0.1,0.0,0.0,0.0,0.0,0.0,0.0,0.0,0.0,0.0,0.0,0.011666666666666665,0.011666666666666665,0.0,0.0,0.0,6.6814521389663915,6.6814521389663915,0.0,0.0,0.0,0.0
0.11666666666666667,0.0,0.0,0.0,0.0,0.0,0.0,0.0,0.0,0.0,0.0,0.011666666666666665,0.011666666666666665,0.0,0.0,0.0,6.6814521389663915,6.6814521389663915,0.0,0.0,0.0,0.0
0.13333333333333333,0.0,0.0,0.0,0.0,0.0,0.0,0.0,0.0,0.0,0.0,0.011666666666666665,0.011666666666666665,0.0,0.0,0.0,6.6814521389663915,6.6814521389663915,0.0,0.0,0.0,0.0
0.15,0.0,0.0,0.0,0.0,0.0,0.0,0.0,0.0,0.0,0.0,0.011666666666666665,0.011666666666666665,0.0,0.0,0.0,6.6814521389663915,6.6814521389663915,0.0,0.0,0.0,0.0
0.16666666666666666,0.0,0.0,0.0,0.0,0.0,0.0,0.0,0.0,0.0,0.0,0.011666666666666665,0.011666666666666665,0.0,0.0,0.0,6.6814521389663915,6.6814521389663915,0.0,0.0,0.0,0.0
0.18333333333333332,0.0,0.0,0.0,0.0,0.0,0.0,0.0,0.0,0.0,0.0,0.011666666666666665,0.011666666666666665,0.0,0.0,0.0,6.6814521389663915,6.6814521389663915,0.0,0.0,0.0,0.0
0.2,0.0,0.0,0.0,0.0,0.0,0.0,0.0,0.0,0.0,0.0,0.011666666666666665,0.011666666666666665,0.0,0.0,0.0,6.6814521389663915,6.6814521389663915,0.0,0.0,0.0,0.0
0.21666666666666667,0.0,0.0,0.0,0.0,0.0,0.0,0.0,0.0,0.0,0.0,0.011666666666666665,0.011666666666666665,0.0,0.0,0.0,6.6814521389663915,6.6814521389663915,0.0,0.0,0.0,0.0
0.23333333333333334,0.0,0.0,0.0,0.0,0.0,0.0,0.0,0.0,0.0,0.0,0.011666666666666665,0.011666666666666665,0.0,0.0,0.0,6.6814521389663915,6.6814521389663915,0.0,0.0,0.0,0.0
0.25,0.0,0.0,0.0,0.0,0.0,0.0,0.0,0.0,0.0,0.0,0.011666666666666665,0.011666666666666665,0.0,0.0,0.0,6.6814521389663915,6.6814521389663915,0.0,0.0,0.0,0.0
0.26666666666666666,0.0,0.0,0.0,0.0,0.0,0.0,0.0,0.0,0.0,0.0,0.011666666666666665,0.011666666666666665,0.0,0.0,0.0,6.6814521389663915,6.6814521389663915,0.0,0.0,0.0,0.0
0.2833333333333333,0.0,0.0,0.0,0.0,0.0,0.0,0.0,0.0,0.0,0.0,0.011666666666666665,0.011666666666666665,0.0,0.0,0.0,6.6814521389663915,6.6814521389663915,0.0,0.0,0.0,0.0
0.3,0.0,0.0,0.0,0.0,0.0,0.0,0.0,0.0,0.0,0.0,0.011666666666666665,0.011666666666666665,0.0,0.0,0.0,6.6814521389663915,6.6814521389663915,0.0,0.0,0.0,0.0
0.31666666666666665,0.0,0.0,0.0,0.0,0.0,0.0,0.0,0.0,0.0,0.0,0.011666666666666665,0.011666666666666665,0.0,0.0,0.0,6.6814521389663915,6.6814521389663915,0.0,0.0,0.0,0.0
0.3333333333333333,0.0,0.0,0.0,0.0,0.0,0.0,0.0,0.0,0.0,0.0,0.011666666666666665,0.011666666666666665,0.0,0.0,0.0,6.6814521389663915,6.6814521389663915,0.0,0.0,0.0,0.0
0.35,0.0,0.0,0.0,0.0,0.0,0.0,0.0,0.0,0.0,0.0,0.011666666666666665,0.011666666666666665,0.0,0.0,0.0,6.6814521389663915,6.6814521389663915,0.0,0.0,0.0,0.0
0.36666666666666664,0.0,0.0,0.0,0.0,0.0,0.0,0.0,0.0,0.0,0.0,0.011666666666666665,0.011666666666666665,0.0,0.0,0.0,6.6814521389663915,6.6814521389663915,0.0,0.0,0.0,0.0
0.3833333333333333,0.0,0.0,0.0,0.0,0.0,0.0,0.0,0.0,0.0,0.0,0.011666666666666665,0.011666666666666665,0.0,0.0,0.0,6.6814521389663915,6.6814521389663915,0.0,0.0,0.0,0.0
0.4,0.0,0.0,0.0,0.0,0.0,0.0,0.0,0.0,0.0,0.0,0.011666666666666665,0.011666666666666665,0.0,0.0,0.0,6.6814521389663915,6.6814521389663915,0.0,0.0,0.0,0.0
0.4166666666666667,0.0,0.0,0.0,0.0,0.0,0.0,0.0,0.0,0.0,0.0,0.011666666666666665,0.011666666666666665,0.0,0.0,0.0,6.6814521389663915,6.6814521389663915,0.0,0.0,0.0,0.0
0.43333333333333335,0.0,0.0,0.0,0.0,0.0,0.0,0.0,0.0,0.0,0.0,0.011666666666666665,0.011666666666666665,0.0,0.0,0.0,6.6814521389663915,6.6814521389663915,0.0,0.0,0.0,0.0
0.45,0.0,0.0,0.0,0.0,0.0,0.0,0.0,0.0,0.0,0.0,0.011666666666666665,0.011666666666666665,0.0,0.0,0.0,6.6814521389663915,6.6814521389663915,0.0,0.0,0.0,0.0
0.4666666666666667,0.0,0.0,0.0,0.0,0.0,0.0,0.0,0.0,0.0,0.0,0.011666666666666665,0.011666666666666665,0.0,0.0,0.0,6.6814521389663915,6.6814521389663915,0.0,0.0,0.0,0.0
0.48333333333333334,0.0,0.0,0.0,0.0,0.0,0.0,0.0,0.0,0.0,0.0,0.011666666666666665,0.011666666666666665,0.0,0.0,0.0,6.6814521389663915,6.6814521389663915,0.0,0.0,0.0,0.0
0.5,0.0,0.0,0.0,0.0,0.0,0.0,0.0,0.0,0.0,0.0,0.011666666666666665,0.011666666666666665,0.0,0.0,0.0,6.6814521389663915,6.6814521389663915,0.0,0.0,0.0,0.0
0.5166666666666666,0.0,0.0,0.0,0.0,0.0,0.0,0.0,0.0,0.0,0.0,0.011666666666666665,0.011666666666666665,0.0,0.0,0.0,6.6814521389663915,6.6814521389663915,0.0,0.0,0.0,0.0
0.5333333333333333,0.0,0.0,0.0,0.0,0.0,0.0,0.0,0.0,0.0,0.0,0.011666666666666665,0.011666666666666665,0.0,0.0,0.0,6.6814521389663915,6.6814521389663915,0.0,0.0,0.0,0.0
0.55,0.0,0.0,0.0,0.0,0.0,0.0,0.0,0.0,0.0,0.0,0.011666666666666665,0.011666666666666665,0.0,0.0,0.0,6.6814521389663915,6.6814521389663915,0.0,0.0,0.0,0.0
0.5666666666666667,0.0,0.0,0.0,0.0,0.0,0.0,0.0,0.0,0.0,0.0,0.011666666666666665,0.011666666666666665,0.0,0.0,0.0,6.6814521389663915,6.6814521389663915,0.0,0.0,0.0,0.0
0.5833333333333334,0.0,0.0,0.0,0.0,0.0,0.0,0.0,0.0,0.0,0.0,0.011666666666666665,0.011666666666666665,0.0,0.0,0.0,6.6814521389663915,6.6814521389663915,0.0,0.0,0.0,0.0
0.6,0.0,0.0,0.0,0.0,0.0,0.0,0.0,0.0,0.0,0.0,0.011666666666666665,0.011666666666666665,0.0,0.0,0.0,6.6814521389663915,6.6814521389663915,0.0,0.0,0.0,0.0
0.6166666666666667,0.0,0.0,0.0,0.0,0.0,0.0,0.0,0.0,0.0,0.0,0.011666666666666665,0.011666666666666665,0.0,0.0,0.0,6.6814521389663915,6.6814521389663915,0.0,0.0,0.0,0.0
0.6333333333333333,0.0,0.0,0.0,0.0,0.0,0.0,0.0,0.0,0.0,0.0,0.011666666666666665,0.011666666666666665,0.0,0.0,0.0,6.6814521389663915,6.6814521389663915,0.0,0.0,0.0,0.0
0.65,0.0,0.0,0.0,0.0,0.0,0.0,0.0,0.0,0.0,0.0,0.011666666666666665,0.011666666666666665,0.0,0.0,0.0,6.6814521389663915,6.6814521389663915,0.0,0.0,0.0,0.0
0.6666666666666666,0.0,0.0,0.0,0.0,0.0,0.0,0.0,0.0,0.0,0.0,0.011666666666666665,0.011666666666666665,0.0,0.0,0.0,6.6814521389663915,6.6814521389663915,0.0,0.0,0.0,0.0
0.6833333333333333,0.0,0.0,0.0,0.0,0.0,0.0,0.0,0.0,0.0,0.0,0.011666666666666665,0.011666666666666665,0.0,0.0,0.0,6.6814521389663915,6.6814521389663915,0.0,0.0,0.0,0.0
0.7,0.0,0.0,0.0,0.0,0.0,0.0,0.0,0.0,0.0,0.0,0.011666666666666665,0.011666666666666665,0.0,0.0,0.0,6.6814521389663915,6.6814521389663915,0.0,0.0,0.0,0.0
0.7166666666666667,0.0,0.0,0.0,0.0,0.0,0.0,0.0,0.0,0.0,0.0,0.011666666666666665,0.011666666666666665,0.0,0.0,0.0,6.6814521389663915,6.6814521389663915,0.0,0.0,0.0,0.0
0.7333333333333333,0.0,0.0,0.0,0.0,0.0,0.0,0.0,0.0,0.0,0.0,0.011666666666666665,0.011666666666666665,0.0,0.0,0.0,6.6814521389663915,6.6814521389663915,0.0,0.0,0.0,0.0
0.75,0.0,0.0,0.0,0.0,0.0,0.0,0.0,0.0,0.0,0.0,0.011666666666666665,0.011666666666666665,0.0,0.0,0.0,6.6814521389663915,6.6814521389663915,0.0,0.0,0.0,0.0
0.7666666666666666,0.0,0.0,0.0,0.0,0.0,0.0,0.0,0.0,0.0,0.0,0.011666666666666665,0.011666666666666665,0.0,0.0,0.0,6.6814521389663915,6.6814521389663915,0.0,0.0,0.0,0.0
0.7833333333333333,0.0,0.0,0.0,0.0,0.0,0.0,0.0,0.0,0.0,0.0,0.011666666666666665,0.011666666666666665,0.0,0.0,0.0,6.6814521389663915,6.6814521389663915,0.0,0.0,0.0,0.0
0.8,0.0,0.0,0.0,0.0,0.0,0.0,0.0,0.0,0.0,0.0,0.011666666666666665,0.011666666666666665,0.0,0.0,0.0,6.6814521389663915,6.6814521389663915,0.0,0.0,0.0,0.0
0.8166666666666667,0.0,0.0,0.0,0.0,0.0,0.0,0.0,0.0,0.0,0.0,0.011666666666666665,0.011666666666666665,0.0,0.0,0.0,6.6814521389663915,6.6814521389663915,0.0,0.0,0.0,0.0
0.8333333333333334,0.0,0.0,0.0,0.0,0.0,0.0,0.0,0.0,0.0,0.0,0.011666666666666665,0.011666666666666665,0.0,0.0,0.0,6.6814521389663915,6.6814521389663915,0.0,0.0,0.0,0.0
0.85,0.0,0.0,0.0,0.0,0.0,0.0,0.0,0.0,0.0,0.0,0.011666666666666665,0.011666666666666665,0.0,0.0,0.0,6.6814521389663915,6.6814521389663915,0.0,0.0,0.0,0.0
0.8666666666666667,0.0,0.0,0.0,0.0,0.0,0.0,0.0,0.0,0.0,0.0,0.011666666666666665,0.011666666666666665,0.0,0.0,0.0,6.6814521389663915,6.6814521389663915,0.0,0.0,0.0,0.0
0.8833333333333333,0.0,0.0,0.0,0.0,0.0,0.0,0.0,0.0,0.0,0.0,0.011666666666666665,0.011666666666666665,0.0,0.0,0.0,6.6814521389663915,6.6814521389663915,0.0,0.0,0.0,0.0
0.9,0.0,0.0,0.0,0.0,0.0,0.0,0.0,0.0,0.0,0.0,0.011666666666666665,0.011666666666666665,0.0,0.0,0.0,6.6814521389663915,6.6814521389663915,0.0,0.0,0.0,0.0
0.9166666666666666,0.0,0.0,0.0,0.0,0.0,0.0,0.0,0.0,0.0,0.0,0.011666666666666665,0.011666666666666665,0.0,0.0,0.0,6.6814521389663915,6.6814521389663915,0.0,0.0,0.0,0.0
0.9333333333333333,0.0,0.0,0.0,0.0,0.0,0.0,0.0,0.0,0.0,0.0,0.011666666666666665,0.011666666666666665,0.0,0.0,0.0,6.6814521389663915,6.6814521389663915,0.0,0.0,0.0,0.0
0.95,0.0,0.0,0.0,0.0,0.0,0.0,0.0,0.0,0.0,0.0,0.011666666666666665,0.011666666666666665,0.0,0.0,0.0,6.6814521389663915,6.6814521389663915,0.0,0.0,0.0,0.0
0.9666666666666667,0.0,0.0,0.0,0.0,0.0,0.0,0.0,0.0,0.0,0.0,0.011666666666666665,0.011666666666666665,0.0,0.0,0.0,6.6814521389663915,6.6814521389663915,0.0,0.0,0.0,0.0
0.9833333333333333,0.0,0.0,0.0,0.0,0.0,0.0,0.0,0.0,0.0,0.0,0.011666666666666665,0.011666666666666665,0.0,0.0,0.0,6.6814521389663915,6.6814521389663915,0.0,0.0,0.0,0.0
1.0,0.0,0.0,0.0,0.0,0.0,0.0,0.0,0.0,0.0,0.0,0.011666666666666665,0.011666666666666665,0.0,0.0,0.0,6.6814521389663915,6.6814521389663915,0.0,0.0,0.0,0.0
1.0166666666666666,0.0,0.0,0.0,0.0,0.0,0.0,0.0,0.0,0.0,0.0,0.011666666666666665,0.011666666666666665,0.0,0.0,0.0,6.6814521389663915,6.6814521389663915,0.0,0.0,0.0,0.0
1.0333333333333332,0.0,0.0,0.0,0.0,0.0,0.0,0.0,0.0,0.0,0.0,0.011666666666666665,0.011666666666666665,0.0,0.0,0.0,6.6814521389663915,6.6814521389663915,0.0,0.0,0.0,0.0
1.05,0.0,0.0,0.0,0.0,0.0,0.0,0.0,0.0,0.0,0.0,0.011666666666666665,0.011666666666666665,0.0,0.0,0.0,6.6814521389663915,6.6814521389663915,0.0,0.0,0.0,0.0
1.0666666666666667,0.0,0.0,0.0,0.0,0.0,0.0,0.0,0.0,0.0,0.0,0.011666666666666665,0.011666666666666665,0.0,0.0,0.0,6.6814521389663915,6.6814521389663915,0.0,0.0,0.0,0.0
1.0833333333333333,0.0,0.0,0.0,0.0,0.0,0.0,0.0,0.0,0.0,0.0,0.011666666666666665,0.011666666666666665,0.0,0.0,0.0,6.6814521389663915,6.6814521389663915,0.0,0.0,0.0,0.0
1.1,0.0,0.0,0.0,0.0,0.0,0.0,0.0,0.0,0.0,0.0,0.011666666666666665,0.011666666666666665,0.0,0.0,0.0,6.6814521389663915,6.6814521389663915,0.0,0.0,0.0,0.0
1.1166666666666667,0.0,0.0,0.0,0.0,0.0,0.0,0.0,0.0,0.0,0.0,0.011666666666666665,0.011666666666666665,0.0,0.0,0.0,6.6814521389663915,6.6814521389663915,0.0,0.0,0.0,0.0
1.1333333333333333,0.0,0.0,0.0,0.0,0.0,0.0,0.0,0.0,0.0,0.0,0.011666666666666665,0.011666666666666665,0.0,0.0,0.0,6.6814521389663915,6.6814521389663915,0.0,0.0,0.0,0.0
1.15,0.0,0.0,0.0,0.0,0.0,0.0,0.0,0.0,0.0,0.0,0.011666666666666665,0.011666666666666665,0.0,0.0,0.0,6.6814521389663915,6.6814521389663915,0.0,0.0,0.0,0.0
1.1666666666666667,0.0,0.0,0.0,0.0,0.0,0.0,0.0,0.0,0.0,0.0,0.011666666666666665,0.011666666666666665,0.0,0.0,0.0,6.6814521389663915,6.6814521389663915,0.0,0.0,0.0,0.0
1.1833333333333333,0.0,0.0,0.0,0.0,0.0,0.0,0.0,0.0,0.0,0.0,0.011666666666666665,0.011666666666666665,0.0,0.0,0.0,6.6814521389663915,6.6814521389663915,0.0,0.0,0.0,0.0
1.2,0.0,0.0,0.0,0.0,0.0,0.0,0.0,0.0,0.0,0.0,0.011666666666666665,0.011666666666666665,0.0,0.0,0.0,6.6814521389663915,6.6814521389663915,0.0,0.0,0.0,0.0
1.2166666666666666,0.0,0.0,0.0,0.0,0.0,0.0,0.0,0.0,0.0,0.0,0.011666666666666665,0.011666666666666665,0.0,0.0,0.0,6.6814521389663915,6.6814521389663915,0.0,0.0,0.0,0.0
1.2333333333333334,0.0,0.0,0.0,0.0,0.0,0.0,0.0,0.0,0.0,0.0,0.011666666666666665,0.011666666666666665,0.0,0.0,0.0,6.6814521389663915,6.6814521389663915,0.0,0.0,0.0,0.0
1.25,0.0,0.0,0.0,0.0,0.0,0.0,0.0,0.0,0.0,0.0,0.011666666666666665,0.011666666666666665,0.0,0.0,0.0,6.6814521389663915,6.6814521389663915,0.0,0.0,0.0,0.0
1.2666666666666666,0.0,0.0,0.0,0.0,0.0,0.0,0.0,0.0,0.0,0.0,0.011666666666666665,0.011666666666666665,0.0,0.0,0.0,6.6814521389663915,6.6814521389663915,0.0,0.0,0.0,0.0
1.2833333333333332,0.0,0.0,0.0,0.0,0.0,0.0,0.0,0.0,0.0,0.0,0.011666666666666665,0.011666666666666665,0.0,0.0,0.0,6.6814521389663915,6.6814521389663915,0.0,0.0,0.0,0.0
1.3,0.0,0.0,0.0,0.0,0.0,0.0,0.0,0.0,0.0,0.0,0.011666666666666665,0.011666666666666665,0.0,0.0,0.0,6.6814521389663915,6.6814521389663915,0.0,0.0,0.0,0.0
1.3166666666666667,0.0,0.0,0.0,0.0,0.0,0.0,0.0,0.0,0.0,0.0,0.011666666666666665,0.011666666666666665,0.0,0.0,0.0,6.6814521389663915,6.6814521389663915,0.0,0.0,0.0,0.0
1.3333333333333333,0.0,0.0,0.0,0.0,0.0,0.0,0.0,0.0,0.0,0.0,0.011666666666666665,0.011666666666666665,0.0,0.0,0.0,6.6814521389663915,6.6814521389663915,0.0,0.0,0.0,0.0
1.35,0.0,0.0,0.0,0.0,0.0,0.0,0.0,0.0,0.0,0.0,0.011666666666666665,0.011666666666666665,0.0,0.0,0.0,6.6814521389663915,6.6814521389663915,0.0,0.0,0.0,0.0
1.3666666666666667,0.0,0.0,0.0,0.0,0.0,0.0,0.0,0.0,0.0,0.0,0.011666666666666665,0.011666666666666665,0.0,0.0,0.0,6.6814521389663915,6.6814521389663915,0.0,0.0,0.0,0.0
1.3833333333333333,0.0,0.0,0.0,0.0,0.0,0.0,0.0,0.0,0.0,0.0,0.011666666666666665,0.011666666666666665,0.0,0.0,0.0,6.6814521389663915,6.6814521389663915,0.0,0.0,0.0,0.0
1.4,0.0,0.0,0.0,0.0,0.0,0.0,0.0,0.0,0.0,0.0,0.011666666666666665,0.011666666666666665,0.0,0.0,0.0,6.6814521389663915,6.6814521389663915,0.0,0.0,0.0,0.0
1.4166666666666667,0.0,0.0,0.0,0.0,0.0,0.0,0.0,0.0,0.0,0.0,0.011666666666666665,0.011666666666666665,0.0,0.0,0.0,6.6814521389663915,6.6814521389663915,0.0,0.0,0.0,0.0
1.4333333333333333,0.0,0.0,0.0,0.0,0.0,0.0,0.0,0.0,0.0,0.0,0.011666666666666665,0.011666666666666665,0.0,0.0,0.0,6.6814521389663915,6.6814521389663915,0.0,0.0,0.0,0.0
1.45,0.0,0.0,0.0,0.0,0.0,0.0,0.0,0.0,0.0,0.0,0.011666666666666665,0.011666666666666665,0.0,0.0,0.0,6.6814521389663915,6.6814521389663915,0.0,0.0,0.0,0.0
1.4666666666666666,0.0,0.0,0.0,0.0,0.0,0.0,0.0,0.0,0.0,0.0,0.011666666666666665,0.011666666666666665,0.0,0.0,0.0,6.6814521389663915,6.6814521389663915,0.0,0.0,0.0,0.0
1.4833333333333334,0.0,0.0,0.0,0.0,0.0,0.0,0.0,0.0,0.0,0.0,0.011666666666666665,0.011666666666666665,0.0,0.0,0.0,6.6814521389663915,6.6814521389663915,0.0,0.0,0.0,0.0
1.5,0.0,0.0,0.0,0.0,0.0,0.0,0.0,0.0,0.0,0.0,0.011666666666666665,0.011666666666666665,0.0,0.0,0.0,6.6814521389663915,6.6814521389663915,0.0,0.0,0.0,0.0
1.5166666666666666,0.0,0.0,0.0,0.0,0.0,0.0,0.0,0.0,0.0,0.0,0.011666666666666665,0.011666666666666665,0.0,0.0,0.0,6.6814521389663915,6.6814521389663915,0.0,0.0,0.0,0.0
1.5333333333333332,0.0,0.0,0.0,0.0,0.0,0.0,0.0,0.0,0.0,0.0,0.011666666666666665,0.011666666666666665,0.0,0.0,0.0,6.6814521389663915,6.6814521389663915,0.0,0.0,0.0,0.0
1.55,0.0,0.0,0.0,0.0,0.0,0.0,0.0,0.0,0.0,0.0,0.011666666666666665,0.011666666666666665,0.0,0.0,0.0,6.6814521389663915,6.6814521389663915,0.0,0.0,0.0,0.0
1.5666666666666667,0.0,0.0,0.0,0.0,0.0,0.0,0.0,0.0,0.0,0.0,0.011666666666666665,0.011666666666666665,0.0,0.0,0.0,6.6814521389663915,6.6814521389663915,0.0,0.0,0.0,0.0
1.5833333333333333,0.0,0.0,0.0,0.0,0.0,0.0,0.0,0.0,0.0,0.0,0.011666666666666665,0.011666666666666665,0.0,0.0,0.0,6.6814521389663915,6.6814521389663915,0.0,0.0,0.0,0.0
1.6,0.0,0.0,0.0,0.0,0.0,0.0,0.0,0.0,0.0,0.0,0.011666666666666665,0.011666666666666665,0.0,0.0,0.0,6.6814521389663915,6.6814521389663915,0.0,0.0,0.0,0.0
1.6166666666666667,0.0,0.0,0.0,0.0,0.0,0.0,0.0,0.0,0.0,0.0,0.011666666666666665,0.011666666666666665,0.0,0.0,0.0,6.6814521389663915,6.6814521389663915,0.0,0.0,0.0,0.0
1.6333333333333333,0.0,0.0,0.0,0.0,0.0,0.0,0.0,0.0,0.0,0.0,0.011666666666666665,0.011666666666666665,0.0,0.0,0.0,6.6814521389663915,6.6814521389663915,0.0,0.0,0.0,0.0
1.65,0.0,0.0,0.0,0.0,0.0,0.0,0.0,0.0,0.0,0.0,0.011666666666666665,0.011666666666666665,0.0,0.0,0.0,6.6814521389663915,6.6814521389663915,0.0,0.0,0.0,0.0
1.6666666666666667,0.0,0.0,0.0,0.0,0.0,0.0,0.0,0.0,0.0,0.0,0.011666666666666665,0.011666666666666665,0.0,0.0,0.0,6.6814521389663915,6.6814521389663915,0.0,0.0,0.0,0.0
1.6833333333333333,0.0,0.0,0.0,0.0,0.0,0.0,0.0,0.0,0.0,0.0,0.011666666666666665,0.011666666666666665,0.0,0.0,0.0,6.6814521389663915,6.6814521389663915,0.0,0.0,0.0,0.0
1.7,0.0,0.0,0.0,0.0,0.0,0.0,0.0,0.0,0.0,0.0,0.011666666666666665,0.011666666666666665,0.0,0.0,0.0,6.6814521389663915,6.6814521389663915,0.0,0.0,0.0,0.0
1.7166666666666666,0.0,0.0,0.0,0.0,0.0,0.0,0.0,0.0,0.0,0.0,0.011666666666666665,0.011666666666666665,0.0,0.0,0.0,6.6814521389663915,6.6814521389663915,0.0,0.0,0.0,0.0
1.7333333333333334,0.0,0.0,0.0,0.0,0.0,0.0,0.0,0.0,0.0,0.0,0.011666666666666665,0.011666666666666665,0.0,0.0,0.0,6.6814521389663915,6.6814521389663915,0.0,0.0,0.0,0.0
1.75,0.0,0.0,0.0,0.0,0.0,0.0,0.0,0.0,0.0,0.0,0.011666666666666665,0.011666666666666665,0.0,0.0,0.0,6.6814521389663915,6.6814521389663915,0.0,0.0,0.0,0.0
1.7666666666666666,0.0,0.0,0.0,0.0,0.0,0.0,0.0,0.0,0.0,0.0,0.011666666666666665,0.011666666666666665,0.0,0.0,0.0,6.6814521389663915,6.6814521389663915,0.0,0.0,0.0,0.0
1.7833333333333332,0.0,0.0,0.0,0.0,0.0,0.0,0.0,0.0,0.0,0.0,0.011666666666666665,0.011666666666666665,0.0,0.0,0.0,6.6814521389663915,6.6814521389663915,0.0,0.0,0.0,0.0
1.8,0.0,0.0,0.0,0.0,0.0,0.0,0.0,0.0,0.0,0.0,0.011666666666666665,0.011666666666666665,0.0,0.0,0.0,6.6814521389663915,6.6814521389663915,0.0,0.0,0.0,0.0
1.8166666666666667,0.0,0.0,0.0,0.0,0.0,0.0,0.0,0.0,0.0,0.0,0.011666666666666665,0.011666666666666665,0.0,0.0,0.0,6.6814521389663915,6.6814521389663915,0.0,0.0,0.0,0.0
1.8333333333333333,0.0,0.0,0.0,0.0,0.0,0.0,0.0,0.0,0.0,0.0,0.011666666666666665,0.011666666666666665,0.0,0.0,0.0,6.6814521389663915,6.6814521389663915,0.0,0.0,0.0,0.0
1.8499999999999999,0.0,0.0,0.0,0.0,0.0,0.0,0.0,0.0,0.0,0.0,0.011666666666666665,0.011666666666666665,0.0,0.0,0.0,6.6814521389663915,6.6814521389663915,0.0,0.0,0.0,0.0
1.8666666666666667,0.0,0.0,0.0,0.0,0.0,0.0,0.0,0.0,0.0,0.0,0.011666666666666665,0.011666666666666665,0.0,0.0,0.0,6.6814521389663915,6.6814521389663915,0.0,0.0,0.0,0.0
1.8833333333333333,0.0,0.0,0.0,0.0,0.0,0.0,0.0,0.0,0.0,0.0,0.011666666666666665,0.011666666666666665,0.0,0.0,0.0,6.6814521389663915,6.6814521389663915,0.0,0.0,0.0,0.0
1.9,0.0,0.0,0.0,0.0,0.0,0.0,0.0,0.0,0.0,0.0,0.011666666666666665,0.011666666666666665,0.0,0.0,0.0,6.6814521389663915,6.6814521389663915,0.0,0.0,0.0,0.0
1.9166666666666667,0.0,0.0,0.0,0.0,0.0,0.0,0.0,0.0,0.0,0.0,0.011666666666666665,0.011666666666666665,0.0,0.0,0.0,6.6814521389663915,6.6814521389663915,0.0,0.0,0.0,0.0
1.9333333333333333,0.0,0.0,0.0,0.0,0.0,0.0,0.0,0.0,0.0,0.0,0.011666666666666665,0.011666666666666665,0.0,0.0,0.0,6.6814521389663915,6.6814521389663915,0.0,0.0,0.0,0.0
1.95,0.0,0.0,0.0,0.0,0.0,0.0,0.0,0.0,0.0,0.0,0.011666666666666665,0.011666666666666665,0.0,0.0,0.0,6.6814521389663915,6.6814521389663915,0.0,0.0,0.0,0.0
1.9666666666666666,0.0,0.0,0.0,0.0,0.0,0.0,0.0,0.0,0.0,0.0,0.011666666666666665,0.011666666666666665,0.0,0.0,0.0,6.6814521389663915,6.6814521389663915,0.0,0.0,0.0,0.0
1.9833333333333334,0.0,0.0,0.0,0.0,0.0,0.0,0.0,0.0,0.0,0.0,0.011666666666666665,0.011666666666666665,0.0,0.0,0.0,6.6814521389663915,6.6814521389663915,0.0,0.0,0.0,0.0
2.0,0.0,0.0,0.0,0.0,0.0,0.0,0.0,0.0,0.0,0.0,0.011666666666666665,0.011666666666666665,0.0,0.0,0.0,6.6814521389663915,6.6814521389663915,0.0,0.0,0.0,0.0
2.0166666666666666,0.0,0.0,0.0,0.0,0.0,0.0,0.0,0.0,0.0,0.0,0.011666666666666665,0.011666666666666665,0.0,0.0,0.0,6.6814521389663915,6.6814521389663915,0.0,0.0,0.0,0.0
2.033333333333333,0.0,0.0,0.0,0.0,0.0,0.0,0.0,0.0,0.0,0.0,0.011666666666666665,0.011666666666666665,0.0,0.0,0.0,6.6814521389663915,6.6814521389663915,0.0,0.0,0.0,0.0
2.05,0.0,0.0,0.0,0.0,0.0,0.0,0.0,0.0,0.0,0.0,0.011666666666666665,0.011666666666666665,0.0,0.0,0.0,6.6814521389663915,6.6814521389663915,0.0,0.0,0.0,0.0
2.0666666666666664,0.0,0.0,0.0,0.0,0.0,0.0,0.0,0.0,0.0,0.0,0.011666666666666665,0.011666666666666665,0.0,0.0,0.0,6.6814521389663915,6.6814521389663915,0.0,0.0,0.0,0.0
2.0833333333333335,0.0,0.0,0.0,0.0,0.0,0.0,0.0,0.0,0.0,0.0,0.011666666666666665,0.011666666666666665,0.0,0.0,0.0,6.6814521389663915,6.6814521389663915,0.0,0.0,0.0,0.0
2.1,0.0,0.0,0.0,0.0,0.0,0.0,0.0,0.0,0.0,0.0,0.011666666666666665,0.011666666666666665,0.0,0.0,0.0,6.6814521389663915,6.6814521389663915,0.0,0.0,0.0,0.0
2.1166666666666667,0.0,0.0,0.0,0.0,0.0,0.0,0.0,0.0,0.0,0.0,0.011666666666666665,0.011666666666666665,0.0,0.0,0.0,6.6814521389663915,6.6814521389663915,0.0,0.0,0.0,0.0
2.1333333333333333,0.0,0.0,0.0,0.0,0.0,0.0,0.0,0.0,0.0,0.0,0.011666666666666665,0.011666666666666665,0.0,0.0,0.0,6.6814521389663915,6.6814521389663915,0.0,0.0,0.0,0.0
2.15,0.0,0.0,0.0,0.0,0.0,0.0,0.0,0.0,0.0,0.0,0.011666666666666665,0.011666666666666665,0.0,0.0,0.0,6.6814521389663915,6.6814521389663915,0.0,0.0,0.0,0.0
2.1666666666666665,0.0,0.0,0.0,0.0,0.0,0.0,0.0,0.0,0.0,0.0,0.011666666666666665,0.011666666666666665,0.0,0.0,0.0,6.6814521389663915,6.6814521389663915,0.0,0.0,0.0,0.0
2.183333333333333,0.0,0.0,0.0,0.0,0.0,0.0,0.0,0.0,0.0,0.0,0.011666666666666665,0.011666666666666665,0.0,0.0,0.0,6.6814521389663915,6.6814521389663915,0.0,0.0,0.0,0.0
2.2,0.0,0.0,0.0,0.0,0.0,0.0,0.0,0.0,0.0,0.0,0.011666666666666665,0.011666666666666665,0.0,0.0,0.0,6.6814521389663915,6.6814521389663915,0.0,0.0,0.0,0.0
2.216666666666667,0.0,0.0,0.0,0.0,0.0,0.0,0.0,0.0,0.0,0.0,0.011666666666666665,0.011666666666666665,0.0,0.0,0.0,6.6814521389663915,6.6814521389663915,0.0,0.0,0.0,0.0
2.2333333333333334,0.0,0.0,0.0,0.0,0.0,0.0,0.0,0.0,0.0,0.0,0.011666666666666665,0.011666666666666665,0.0,0.0,0.0,6.6814521389663915,6.6814521389663915,0.0,0.0,0.0,0.0
2.25,0.0,0.0,0.0,0.0,0.0,0.0,0.0,0.0,0.0,0.0,0.011666666666666665,0.011666666666666665,0.0,0.0,0.0,6.6814521389663915,6.6814521389663915,0.0,0.0,0.0,0.0
2.2666666666666666,0.0,0.0,0.0,0.0,0.0,0.0,0.0,0.0,0.0,0.0,0.011666666666666665,0.011666666666666665,0.0,0.0,0.0,6.6814521389663915,6.6814521389663915,0.0,0.0,0.0,0.0
2.283333333333333,0.0,0.0,0.0,0.0,0.0,0.0,0.0,0.0,0.0,0.0,0.011666666666666665,0.011666666666666665,0.0,0.0,0.0,6.6814521389663915,6.6814521389663915,0.0,0.0,0.0,0.0
2.3,0.0,0.0,0.0,0.0,0.0,0.0,0.0,0.0,0.0,0.0,0.011666666666666665,0.011666666666666665,0.0,0.0,0.0,6.6814521389663915,6.6814521389663915,0.0,0.0,0.0,0.0
2.3166666666666664,0.0,0.0,0.0,0.0,0.0,0.0,0.0,0.0,0.0,0.0,0.011666666666666665,0.011666666666666665,0.0,0.0,0.0,6.6814521389663915,6.6814521389663915,0.0,0.0,0.0,0.0
2.3333333333333335,0.0,0.0,0.0,0.0,0.0,0.0,0.0,0.0,0.0,0.0,0.011666666666666665,0.011666666666666665,0.0,0.0,0.0,6.6814521389663915,6.6814521389663915,0.0,0.0,0.0,0.0
2.35,0.0,0.0,0.0,0.0,0.0,0.0,0.0,0.0,0.0,0.0,0.011666666666666665,0.011666666666666665,0.0,0.0,0.0,6.6814521389663915,6.6814521389663915,0.0,0.0,0.0,0.0
2.3666666666666667,0.0,0.0,0.0,0.0,0.0,0.0,0.0,0.0,0.0,0.0,0.011666666666666665,0.011666666666666665,0.0,0.0,0.0,6.6814521389663915,6.6814521389663915,0.0,0.0,0.0,0.0
2.3833333333333333,0.0,0.0,0.0,0.0,0.0,0.0,0.0,0.0,0.0,0.0,0.011666666666666665,0.011666666666666665,0.0,0.0,0.0,6.6814521389663915,6.6814521389663915,0.0,0.0,0.0,0.0
2.4,0.0,0.0,0.0,0.0,0.0,0.0,0.0,0.0,0.0,0.0,0.011666666666666665,0.011666666666666665,0.0,0.0,0.0,6.6814521389663915,6.6814521389663915,0.0,0.0,0.0,0.0
2.4166666666666665,0.0,0.0,0.0,0.0,0.0,0.0,0.0,0.0,0.0,0.0,0.011666666666666665,0.011666666666666665,0.0,0.0,0.0,6.6814521389663915,6.6814521389663915,0.0,0.0,0.0,0.0
2.433333333333333,0.0,0.0,0.0,0.0,0.0,0.0,0.0,0.0,0.0,0.0,0.011666666666666665,0.011666666666666665,0.0,0.0,0.0,6.6814521389663915,6.6814521389663915,0.0,0.0,0.0,0.0
2.45,0.0,0.0,0.0,0.0,0.0,0.0,0.0,0.0,0.0,0.0,0.011666666666666665,0.011666666666666665,0.0,0.0,0.0,6.6814521389663915,6.6814521389663915,0.0,0.0,0.0,0.0
2.466666666666667,0.0,0.0,0.0,0.0,0.0,0.0,0.0,0.0,0.0,0.0,0.011666666666666665,0.011666666666666665,0.0,0.0,0.0,6.6814521389663915,6.6814521389663915,0.0,0.0,0.0,0.0
2.4833333333333334,0.0,0.0,0.0,0.0,0.0,0.0,0.0,0.0,0.0,0.0,0.011666666666666665,0.011666666666666665,0.0,0.0,0.0,6.6814521389663915,6.6814521389663915,0.0,0.0,0.0,0.0
2.5,0.0,0.0,0.0,0.0,0.0,0.0,0.0,0.0,0.0,0.0,0.011666666666666665,0.011666666666666665,0.0,0.0,0.0,6.6814521389663915,6.6814521389663915,0.0,0.0,0.0,0.0
2.5166666666666666,0.0,0.0,0.0,0.0,0.0,0.0,0.0,0.0,0.0,0.0,0.011666666666666665,0.011666666666666665,0.0,0.0,0.0,6.6814521389663915,6.6814521389663915,0.0,0.0,0.0,0.0
2.533333333333333,0.0,0.0,0.0,0.0,0.0,0.0,0.0,0.0,0.0,0.0,0.011666666666666665,0.011666666666666665,0.0,0.0,0.0,6.6814521389663915,6.6814521389663915,0.0,0.0,0.0,0.0
2.55,0.0,0.0,0.0,0.0,0.0,0.0,0.0,0.0,0.0,0.0,0.011666666666666665,0.011666666666666665,0.0,0.0,0.0,6.6814521389663915,6.6814521389663915,0.0,0.0,0.0,0.0
2.5666666666666664,0.0,0.0,0.0,0.0,0.0,0.0,0.0,0.0,0.0,0.0,0.011666666666666665,0.011666666666666665,0.0,0.0,0.0,6.6814521389663915,6.6814521389663915,0.0,0.0,0.0,0.0
2.5833333333333335,0.0,0.0,0.0,0.0,0.0,0.0,0.0,0.0,0.0,0.0,0.011666666666666665,0.011666666666666665,0.0,0.0,0.0,6.6814521389663915,6.6814521389663915,0.0,0.0,0.0,0.0
2.6,0.0,0.0,0.0,0.0,0.0,0.0,0.0,0.0,0.0,0.0,0.011666666666666665,0.011666666666666665,0.0,0.0,0.0,6.6814521389663915,6.6814521389663915,0.0,0.0,0.0,0.0
2.6166666666666667,0.0,0.0,0.0,0.0,0.0,0.0,0.0,0.0,0.0,0.0,0.011666666666666665,0.011666666666666665,0.0,0.0,0.0,6.6814521389663915,6.6814521389663915,0.0,0.0,0.0,0.0
2.6333333333333333,0.0,0.0,0.0,0.0,0.0,0.0,0.0,0.0,0.0,0.0,0.011666666666666665,0.011666666666666665,0.0,0.0,0.0,6.6814521389663915,6.6814521389663915,0.0,0.0,0.0,0.0
2.65,0.0,0.0,0.0,0.0,0.0,0.0,0.0,0.0,0.0,0.0,0.011666666666666665,0.011666666666666665,0.0,0.0,0.0,6.6814521389663915,6.6814521389663915,0.0,0.0,0.0,0.0
2.6666666666666665,0.0,0.0,0.0,0.0,0.0,0.0,0.0,0.0,0.0,0.0,0.011666666666666665,0.011666666666666665,0.0,0.0,0.0,6.6814521389663915,6.6814521389663915,0.0,0.0,0.0,0.0
2.683333333333333,0.0,0.0,0.0,0.0,0.0,0.0,0.0,0.0,0.0,0.0,0.011666666666666665,0.011666666666666665,0.0,0.0,0.0,6.6814521389663915,6.6814521389663915,0.0,0.0,0.0,0.0
2.7,0.0,0.0,0.0,0.0,0.0,0.0,0.0,0.0,0.0,0.0,0.011666666666666665,0.011666666666666665,0.0,0.0,0.0,6.6814521389663915,6.6814521389663915,0.0,0.0,0.0,0.0
2.716666666666667,0.0,0.0,0.0,0.0,0.0,0.0,0.0,0.0,0.0,0.0,0.011666666666666665,0.011666666666666665,0.0,0.0,0.0,6.6814521389663915,6.6814521389663915,0.0,0.0,0.0,0.0
2.7333333333333334,0.0,0.0,0.0,0.0,0.0,0.0,0.0,0.0,0.0,0.0,0.011666666666666665,0.011666666666666665,0.0,0.0,0.0,6.6814521389663915,6.6814521389663915,0.0,0.0,0.0,0.0
2.75,0.0,0.0,0.0,0.0,0.0,0.0,0.0,0.0,0.0,0.0,0.011666666666666665,0.011666666666666665,0.0,0.0,0.0,6.6814521389663915,6.6814521389663915,0.0,0.0,0.0,0.0
2.7666666666666666,0.0,0.0,0.0,0.0,0.0,0.0,0.0,0.0,0.0,0.0,0.011666666666666665,0.011666666666666665,0.0,0.0,0.0,6.6814521389663915,6.6814521389663915,0.0,0.0,0.0,0.0
2.783333333333333,0.0,0.0,0.0,0.0,0.0,0.0,0.0,0.0,0.0,0.0,0.011666666666666665,0.011666666666666665,0.0,0.0,0.0,6.6814521389663915,6.6814521389663915,0.0,0.0,0.0,0.0
2.8,0.0,0.0,0.0,0.0,0.0,0.0,0.0,0.0,0.0,0.0,0.011666666666666665,0.011666666666666665,0.0,0.0,0.0,6.6814521389663915,6.6814521389663915,0.0,0.0,0.0,0.0
2.8166666666666664,0.0,0.0,0.0,0.0,0.0,0.0,0.0,0.0,0.0,0.0,0.011666666666666665,0.011666666666666665,0.0,0.0,0.0,6.6814521389663915,6.6814521389663915,0.0,0.0,0.0,0.0
2.8333333333333335,0.0,0.0,0.0,0.0,0.0,0.0,0.0,0.0,0.0,0.0,0.011666666666666665,0.011666666666666665,0.0,0.0,0.0,6.6814521389663915,6.6814521389663915,0.0,0.0,0.0,0.0
2.85,0.0,0.0,0.0,0.0,0.0,0.0,0.0,0.0,0.0,0.0,0.011666666666666665,0.011666666666666665,0.0,0.0,0.0,6.6814521389663915,6.6814521389663915,0.0,0.0,0.0,0.0
2.8666666666666667,0.0,0.0,0.0,0.0,0.0,0.0,0.0,0.0,0.0,0.0,0.011666666666666665,0.011666666666666665,0.0,0.0,0.0,6.6814521389663915,6.6814521389663915,0.0,0.0,0.0,0.0
2.8833333333333333,0.0,0.0,0.0,0.0,0.0,0.0,0.0,0.0,0.0,0.0,0.011666666666666665,0.011666666666666665,0.0,0.0,0.0,6.6814521389663915,6.6814521389663915,0.0,0.0,0.0,0.0
2.9,0.0,0.0,0.0,0.0,0.0,0.0,0.0,0.0,0.0,0.0,0.011666666666666665,0.011666666666666665,0.0,0.0,0.0,6.6814521389663915,6.6814521389663915,0.0,0.0,0.0,0.0
2.9166666666666665,0.0,0.0,0.0,0.0,0.0,0.0,0.0,0.0,0.0,0.0,0.011666666666666665,0.011666666666666665,0.0,0.0,0.0,6.6814521389663915,6.6814521389663915,0.0,0.0,0.0,0.0
2.933333333333333,0.0,0.0,0.0,0.0,0.0,0.0,0.0,0.0,0.0,0.0,0.011666666666666665,0.011666666666666665,0.0,0.0,0.0,6.6814521389663915,6.6814521389663915,0.0,0.0,0.0,0.0
2.95,0.0,0.0,0.0,0.0,0.0,0.0,0.0,0.0,0.0,0.0,0.011666666666666665,0.011666666666666665,0.0,0.0,0.0,6.6814521389663915,6.6814521389663915,0.0,0.0,0.0,0.0
2.966666666666667,0.0,0.0,0.0,0.0,0.0,0.0,0.0,0.0,0.0,0.0,0.011666666666666665,0.011666666666666665,0.0,0.0,0.0,6.6814521389663915,6.6814521389663915,0.0,0.0,0.0,0.0
2.9833333333333334,0.0,0.0,0.0,0.0,0.0,0.0,0.0,0.0,0.0,0.0,0.011666666666666665,0.011666666666666665,0.0,0.0,0.0,6.6814521389663915,6.6814521389663915,0.0,0.0,0.0,0.0
3.0,0.0,0.0,0.0,0.0,0.0,0.0,0.0,0.0,0.0,0.0,0.011666666666666665,0.011666666666666665,0.0,0.0,0.0,6.6814521389663915,6.6814521389663915,0.0,0.0,0.0,0.0
3.0166666666666666,0.0,0.0,0.0,0.0,0.0,0.0,0.0,0.0,0.0,0.0,0.011666666666666665,0.011666666666666665,0.0,0.0,0.0,6.6814521389663915,6.6814521389663915,0.0,0.0,0.0,0.0
3.033333333333333,0.0,0.0,0.0,0.0,0.0,0.0,0.0,0.0,0.0,0.0,0.011666666666666665,0.011666666666666665,0.0,0.0,0.0,6.6814521389663915,6.6814521389663915,0.0,0.0,0.0,0.0
3.05,0.0,0.0,0.0,0.0,0.0,0.0,0.0,0.0,0.0,0.0,0.011666666666666665,0.011666666666666665,0.0,0.0,0.0,6.6814521389663915,6.6814521389663915,0.0,0.0,0.0,0.0
3.0666666666666664,0.0,0.0,0.0,0.0,0.0,0.0,0.0,0.0,0.0,0.0,0.011666666666666665,0.011666666666666665,0.0,0.0,0.0,6.6814521389663915,6.6814521389663915,0.0,0.0,0.0,0.0
3.0833333333333335,0.0,0.0,0.0,0.0,0.0,0.0,0.0,0.0,0.0,0.0,0.011666666666666665,0.011666666666666665,0.0,0.0,0.0,6.6814521389663915,6.6814521389663915,0.0,0.0,0.0,0.0
3.1,0.0,0.0,0.0,0.0,0.0,0.0,0.0,0.0,0.0,0.0,0.011666666666666665,0.011666666666666665,0.0,0.0,0.0,6.6814521389663915,6.6814521389663915,0.0,0.0,0.0,0.0
3.1166666666666667,0.0,0.0,0.0,0.0,0.0,0.0,0.0,0.0,0.0,0.0,0.011666666666666665,0.011666666666666665,0.0,0.0,0.0,6.6814521389663915,6.6814521389663915,0.0,0.0,0.0,0.0
3.1333333333333333,0.0,0.0,0.0,0.0,0.0,0.0,0.0,0.0,0.0,0.0,0.011666666666666665,0.011666666666666665,0.0,0.0,0.0,6.6814521389663915,6.6814521389663915,0.0,0.0,0.0,0.0
3.15,0.0,0.0,0.0,0.0,0.0,0.0,0.0,0.0,0.0,0.0,0.011666666666666665,0.011666666666666665,0.0,0.0,0.0,6.6814521389663915,6.6814521389663915,0.0,0.0,0.0,0.0
3.1666666666666665,0.0,0.0,0.0,0.0,0.0,0.0,0.0,0.0,0.0,0.0,0.011666666666666665,0.011666666666666665,0.0,0.0,0.0,6.6814521389663915,6.6814521389663915,0.0,0.0,0.0,0.0
3.183333333333333,0.0,0.0,0.0,0.0,0.0,0.0,0.0,0.0,0.0,0.0,0.011666666666666665,0.011666666666666665,0.0,0.0,0.0,6.6814521389663915,6.6814521389663915,0.0,0.0,0.0,0.0
3.2,0.0,0.0,0.0,0.0,0.0,0.0,0.0,0.0,0.0,0.0,0.011666666666666665,0.011666666666666665,0.0,0.0,0.0,6.6814521389663915,6.6814521389663915,0.0,0.0,0.0,0.0
3.216666666666667,0.0,0.0,0.0,0.0,0.0,0.0,0.0,0.0,0.0,0.0,0.011666666666666665,0.011666666666666665,0.0,0.0,0.0,6.6814521389663915,6.6814521389663915,0.0,0.0,0.0,0.0
3.2333333333333334,0.0,0.0,0.0,0.0,0.0,0.0,0.0,0.0,0.0,0.0,0.011666666666666665,0.011666666666666665,0.0,0.0,0.0,6.6814521389663915,6.6814521389663915,0.0,0.0,0.0,0.0
3.25,0.0,0.0,0.0,0.0,0.0,0.0,0.0,0.0,0.0,0.0,0.011666666666666665,0.011666666666666665,0.0,0.0,0.0,6.6814521389663915,6.6814521389663915,0.0,0.0,0.0,0.0
3.2666666666666666,0.0,0.0,0.0,0.0,0.0,0.0,0.0,0.0,0.0,0.0,0.011666666666666665,0.011666666666666665,0.0,0.0,0.0,6.6814521389663915,6.6814521389663915,0.0,0.0,0.0,0.0
3.283333333333333,0.0,0.0,0.0,0.0,0.0,0.0,0.0,0.0,0.0,0.0,0.011666666666666665,0.011666666666666665,0.0,0.0,0.0,6.6814521389663915,6.6814521389663915,0.0,0.0,0.0,0.0
3.3,0.0,0.0,0.0,0.0,0.0,0.0,0.0,0.0,0.0,0.0,0.011666666666666665,0.011666666666666665,0.0,0.0,0.0,6.6814521389663915,6.6814521389663915,0.0,0.0,0.0,0.0
3.3166666666666664,0.0,0.0,0.0,0.0,0.0,0.0,0.0,0.0,0.0,0.0,0.011666666666666665,0.011666666666666665,0.0,0.0,0.0,6.6814521389663915,6.6814521389663915,0.0,0.0,0.0,0.0
3.3333333333333335,0.0,0.0,0.0,0.0,0.0,0.0,0.0,0.0,0.0,0.0,0.011666666666666665,0.011666666666666665,0.0,0.0,0.0,6.6814521389663915,6.6814521389663915,0.0,0.0,0.0,0.0
3.35,0.0,0.0,0.0,0.0,0.0,0.0,0.0,0.0,0.0,0.0,0.011666666666666665,0.011666666666666665,0.0,0.0,0.0,6.6814521389663915,6.6814521389663915,0.0,0.0,0.0,0.0
3.3666666666666667,0.0,0.0,0.0,0.0,0.0,0.0,0.0,0.0,0.0,0.0,0.011666666666666665,0.011666666666666665,0.0,0.0,0.0,6.6814521389663915,6.6814521389663915,0.0,0.0,0.0,0.0
3.3833333333333333,0.0,0.0,0.0,0.0,0.0,0.0,0.0,0.0,0.0,0.0,0.011666666666666665,0.011666666666666665,0.0,0.0,0.0,6.6814521389663915,6.6814521389663915,0.0,0.0,0.0,0.0
3.4,0.0,0.0,0.0,0.0,0.0,0.0,0.0,0.0,0.0,0.0,0.011666666666666665,0.011666666666666665,0.0,0.0,0.0,6.6814521389663915,6.6814521389663915,0.0,0.0,0.0,0.0
3.4166666666666665,0.0,0.0,0.0,0.0,0.0,0.0,0.0,0.0,0.0,0.0,0.011666666666666665,0.011666666666666665,0.0,0.0,0.0,6.6814521389663915,6.6814521389663915,0.0,0.0,0.0,0.0
3.433333333333333,0.0,0.0,0.0,0.0,0.0,0.0,0.0,0.0,0.0,0.0,0.011666666666666665,0.011666666666666665,0.0,0.0,0.0,6.6814521389663915,6.6814521389663915,0.0,0.0,0.0,0.0
3.4499999999999997,0.0,0.0,0.0,0.0,0.0,0.0,0.0,0.0,0.0,0.0,0.011666666666666665,0.011666666666666665,0.0,0.0,0.0,6.6814521389663915,6.6814521389663915,0.0,0.0,0.0,0.0
3.466666666666667,0.0,0.0,0.0,0.0,0.0,0.0,0.0,0.0,0.0,0.0,0.011666666666666665,0.011666666666666665,0.0,0.0,0.0,6.6814521389663915,6.6814521389663915,0.0,0.0,0.0,0.0
3.4833333333333334,0.0,0.0,0.0,0.0,0.0,0.0,0.0,0.0,0.0,0.0,0.011666666666666665,0.011666666666666665,0.0,0.0,0.0,6.6814521389663915,6.6814521389663915,0.0,0.0,0.0,0.0
3.5,0.0,0.0,0.0,0.0,0.0,0.0,0.0,0.0,0.0,0.0,0.011666666666666665,0.011666666666666665,0.0,0.0,0.0,6.6814521389663915,6.6814521389663915,0.0,0.0,0.0,0.0
3.5166666666666666,0.0,0.0,0.0,0.0,0.0,0.0,0.0,0.0,0.0,0.0,0.011666666666666665,0.011666666666666665,0.0,0.0,0.0,6.6814521389663915,6.6814521389663915,0.0,0.0,0.0,0.0
3.533333333333333,0.0,0.0,0.0,0.0,0.0,0.0,0.0,0.0,0.0,0.0,0.011666666666666665,0.011666666666666665,0.0,0.0,0.0,6.6814521389663915,6.6814521389663915,0.0,0.0,0.0,0.0
3.55,0.0,0.0,0.0,0.0,0.0,0.0,0.0,0.0,0.0,0.0,0.011666666666666665,0.011666666666666665,0.0,0.0,0.0,6.6814521389663915,6.6814521389663915,0.0,0.0,0.0,0.0
3.5666666666666664,0.0,0.0,0.0,0.0,0.0,0.0,0.0,0.0,0.0,0.0,0.011666666666666665,0.011666666666666665,0.0,0.0,0.0,6.6814521389663915,6.6814521389663915,0.0,0.0,0.0,0.0
3.5833333333333335,0.0,0.0,0.0,0.0,0.0,0.0,0.0,0.0,0.0,0.0,0.011666666666666665,0.011666666666666665,0.0,0.0,0.0,6.6814521389663915,6.6814521389663915,0.0,0.0,0.0,0.0
3.6,0.0,0.0,0.0,0.0,0.0,0.0,0.0,0.0,0.0,0.0,0.011666666666666665,0.011666666666666665,0.0,0.0,0.0,6.6814521389663915,6.6814521389663915,0.0,0.0,0.0,0.0
3.6166666666666667,0.0,0.0,0.0,0.0,0.0,0.0,0.0,0.0,0.0,0.0,0.011666666666666665,0.011666666666666665,0.0,0.0,0.0,6.6814521389663915,6.6814521389663915,0.0,0.0,0.0,0.0
3.6333333333333333,0.0,0.0,0.0,0.0,0.0,0.0,0.0,0.0,0.0,0.0,0.011666666666666665,0.011666666666666665,0.0,0.0,0.0,6.6814521389663915,6.6814521389663915,0.0,0.0,0.0,0.0
3.65,0.0,0.0,0.0,0.0,0.0,0.0,0.0,0.0,0.0,0.0,0.011666666666666665,0.011666666666666665,0.0,0.0,0.0,6.6814521389663915,6.6814521389663915,0.0,0.0,0.0,0.0
3.6666666666666665,0.0,0.0,0.0,0.0,0.0,0.0,0.0,0.0,0.0,0.0,0.011666666666666665,0.011666666666666665,0.0,0.0,0.0,6.6814521389663915,6.6814521389663915,0.0,0.0,0.0,0.0
3.683333333333333,0.0,0.0,0.0,0.0,0.0,0.0,0.0,0.0,0.0,0.0,0.011666666666666665,0.011666666666666665,0.0,0.0,0.0,6.6814521389663915,6.6814521389663915,0.0,0.0,0.0,0.0
3.6999999999999997,0.0,0.0,0.0,0.0,0.0,0.0,0.0,0.0,0.0,0.0,0.011666666666666665,0.011666666666666665,0.0,0.0,0.0,6.6814521389663915,6.6814521389663915,0.0,0.0,0.0,0.0
3.716666666666667,0.0,0.0,0.0,0.0,0.0,0.0,0.0,0.0,0.0,0.0,0.011666666666666665,0.011666666666666665,0.0,0.0,0.0,6.6814521389663915,6.6814521389663915,0.0,0.0,0.0,0.0
3.7333333333333334,0.0,0.0,0.0,0.0,0.0,0.0,0.0,0.0,0.0,0.0,0.011666666666666665,0.011666666666666665,0.0,0.0,0.0,6.6814521389663915,6.6814521389663915,0.0,0.0,0.0,0.0
3.75,0.0,0.0,0.0,0.0,0.0,0.0,0.0,0.0,0.0,0.0,0.011666666666666665,0.011666666666666665,0.0,0.0,0.0,6.6814521389663915,6.6814521389663915,0.0,0.0,0.0,0.0
3.7666666666666666,0.0,0.0,0.0,0.0,0.0,0.0,0.0,0.0,0.0,0.0,0.011666666666666665,0.011666666666666665,0.0,0.0,0.0,6.6814521389663915,6.6814521389663915,0.0,0.0,0.0,0.0
3.783333333333333,0.0,0.0,0.0,0.0,0.0,0.0,0.0,0.0,0.0,0.0,0.011666666666666665,0.011666666666666665,0.0,0.0,0.0,6.6814521389663915,6.6814521389663915,0.0,0.0,0.0,0.0
3.8,0.0,0.0,0.0,0.0,0.0,0.0,0.0,0.0,0.0,0.0,0.011666666666666665,0.011666666666666665,0.0,0.0,0.0,6.6814521389663915,6.6814521389663915,0.0,0.0,0.0,0.0
3.8166666666666664,0.0,0.0,0.0,0.0,0.0,0.0,0.0,0.0,0.0,0.0,0.011666666666666665,0.011666666666666665,0.0,0.0,0.0,6.6814521389663915,6.6814521389663915,0.0,0.0,0.0,0.0
3.8333333333333335,0.0,0.0,0.0,0.0,0.0,0.0,0.0,0.0,0.0,0.0,0.011666666666666665,0.011666666666666665,0.0,0.0,0.0,6.6814521389663915,6.6814521389663915,0.0,0.0,0.0,0.0
3.85,0.0,0.0,0.0,0.0,0.0,0.0,0.0,0.0,0.0,0.0,0.011666666666666665,0.011666666666666665,0.0,0.0,0.0,6.6814521389663915,6.6814521389663915,0.0,0.0,0.0,0.0
3.8666666666666667,0.0,0.0,0.0,0.0,0.0,0.0,0.0,0.0,0.0,0.0,0.011666666666666665,0.011666666666666665,0.0,0.0,0.0,6.6814521389663915,6.6814521389663915,0.0,0.0,0.0,0.0
3.8833333333333333,0.0,0.0,0.0,0.0,0.0,0.0,0.0,0.0,0.0,0.0,0.011666666666666665,0.011666666666666665,0.0,0.0,0.0,6.6814521389663915,6.6814521389663915,0.0,0.0,0.0,0.0
3.9,0.0,0.0,0.0,0.0,0.0,0.0,0.0,0.0,0.0,0.0,0.011666666666666665,0.011666666666666665,0.0,0.0,0.0,6.6814521389663915,6.6814521389663915,0.0,0.0,0.0,0.0
3.9166666666666665,0.0,0.0,0.0,0.0,0.0,0.0,0.0,0.0,0.0,0.0,0.011666666666666665,0.011666666666666665,0.0,0.0,0.0,6.6814521389663915,6.6814521389663915,0.0,0.0,0.0,0.0
3.933333333333333,0.0,0.0,0.0,0.0,0.0,0.0,0.0,0.0,0.0,0.0,0.011666666666666665,0.011666666666666665,0.0,0.0,0.0,6.6814521389663915,6.6814521389663915,0.0,0.0,0.0,0.0
3.9499999999999997,0.0,0.0,0.0,0.0,0.0,0.0,0.0,0.0,0.0,0.0,0.011666666666666665,0.011666666666666665,0.0,0.0,0.0,6.6814521389663915,6.6814521389663915,0.0,0.0,0.0,0.0
3.966666666666667,0.0,0.0,0.0,0.0,0.0,0.0,0.0,0.0,0.0,0.0,0.011666666666666665,0.011666666666666665,0.0,0.0,0.0,6.6814521389663915,6.6814521389663915,0.0,0.0,0.0,0.0
3.9833333333333334,0.0,0.0,0.0,0.0,0.0,0.0,0.0,0.0,0.0,0.0,0.011666666666666665,0.011666666666666665,0.0,0.0,0.0,6.6814521389663915,6.6814521389663915,0.0,0.0,0.0,0.0
4.0,0.0,0.0,0.0,0.0,0.0,0.0,0.0,0.0,0.0,0.0,0.011666666666666665,0.011666666666666665,0.0,0.0,0.0,6.6814521389663915,6.6814521389663915,0.0,0.0,0.0,0.0
4.016666666666667,0.0,0.0,0.0,0.0,0.0,0.0,0.0,0.0,0.0,0.0,0.011666666666666665,0.011666666666666665,0.0,0.0,0.0,6.6814521389663915,6.6814521389663915,0.0,0.0,0.0,0.0
4.033333333333333,0.0,0.0,0.0,0.0,0.0,0.0,0.0,0.0,0.0,0.0,0.011666666666666665,0.011666666666666665,0.0,0.0,0.0,6.6814521389663915,6.6814521389663915,0.0,0.0,0.0,0.0
4.05,0.0,0.0,0.0,0.0,0.0,0.0,0.0,0.0,0.0,0.0,0.011666666666666665,0.011666666666666665,0.0,0.0,0.0,6.6814521389663915,6.6814521389663915,0.0,0.0,0.0,0.0
4.066666666666666,0.0,0.0,0.0,0.0,0.0,0.0,0.0,0.0,0.0,0.0,0.011666666666666665,0.011666666666666665,0.0,0.0,0.0,6.6814521389663915,6.6814521389663915,0.0,0.0,0.0,0.0
4.083333333333333,0.0,0.0,0.0,0.0,0.0,0.0,0.0,0.0,0.0,0.0,0.011666666666666665,0.011666666666666665,0.0,0.0,0.0,6.6814521389663915,6.6814521389663915,0.0,0.0,0.0,0.0
4.1,0.0,0.0,0.0,0.0,0.0,0.0,0.0,0.0,0.0,0.0,0.011666666666666665,0.011666666666666665,0.0,0.0,0.0,6.6814521389663915,6.6814521389663915,0.0,0.0,0.0,0.0
4.116666666666666,0.0,0.0,0.0,0.0,0.0,0.0,0.0,0.0,0.0,0.0,0.011666666666666665,0.011666666666666665,0.0,0.0,0.0,6.6814521389663915,6.6814521389663915,0.0,0.0,0.0,0.0
4.133333333333333,0.0,0.0,0.0,0.0,0.0,0.0,0.0,0.0,0.0,0.0,0.011666666666666665,0.011666666666666665,0.0,0.0,0.0,6.6814521389663915,6.6814521389663915,0.0,0.0,0.0,0.0
4.15,0.0,0.0,0.0,0.0,0.0,0.0,0.0,0.0,0.0,0.0,0.011666666666666665,0.011666666666666665,0.0,0.0,0.0,6.6814521389663915,6.6814521389663915,0.0,0.0,0.0,0.0
4.166666666666667,0.0,0.0,0.0,0.0,0.0,0.0,0.0,0.0,0.0,0.0,0.011666666666666665,0.011666666666666665,0.0,0.0,0.0,6.6814521389663915,6.6814521389663915,0.0,0.0,0.0,0.0
4.183333333333334,0.0,0.0,0.0,0.0,0.0,0.0,0.0,0.0,0.0,0.0,0.011666666666666665,0.011666666666666665,0.0,0.0,0.0,6.6814521389663915,6.6814521389663915,0.0,0.0,0.0,0.0
4.2,0.0,0.0,0.0,0.0,0.0,0.0,0.0,0.0,0.0,0.0,0.011666666666666665,0.011666666666666665,0.0,0.0,0.0,6.6814521389663915,6.6814521389663915,0.0,0.0,0.0,0.0
4.216666666666667,0.0,0.0,0.0,0.0,0.0,0.0,0.0,0.0,0.0,0.0,0.011666666666666665,0.011666666666666665,0.0,0.0,0.0,6.6814521389663915,6.6814521389663915,0.0,0.0,0.0,0.0
4.233333333333333,0.0,0.0,0.0,0.0,0.0,0.0,0.0,0.0,0.0,0.0,0.011666666666666665,0.011666666666666665,0.0,0.0,0.0,6.6814521389663915,6.6814521389663915,0.0,0.0,0.0,0.0
4.25,0.0,0.0,0.0,0.0,0.0,0.0,0.0,0.0,0.0,0.0,0.011666666666666665,0.011666666666666665,0.0,0.0,0.0,6.6814521389663915,6.6814521389663915,0.0,0.0,0.0,0.0
4.266666666666667,0.0,0.0,0.0,0.0,0.0,0.0,0.0,0.0,0.0,0.0,0.011666666666666665,0.011666666666666665,0.0,0.0,0.0,6.6814521389663915,6.6814521389663915,0.0,0.0,0.0,0.0
4.283333333333333,0.0,0.0,0.0,0.0,0.0,0.0,0.0,0.0,0.0,0.0,0.011666666666666665,0.011666666666666665,0.0,0.0,0.0,6.6814521389663915,6.6814521389663915,0.0,0.0,0.0,0.0
4.3,0.0,0.0,0.0,0.0,0.0,0.0,0.0,0.0,0.0,0.0,0.011666666666666665,0.011666666666666665,0.0,0.0,0.0,6.6814521389663915,6.6814521389663915,0.0,0.0,0.0,0.0
4.316666666666666,0.0,0.0,0.0,0.0,0.0,0.0,0.0,0.0,0.0,0.0,0.011666666666666665,0.011666666666666665,0.0,0.0,0.0,6.6814521389663915,6.6814521389663915,0.0,0.0,0.0,0.0
4.333333333333333,0.0,0.0,0.0,0.0,0.0,0.0,0.0,0.0,0.0,0.0,0.011666666666666665,0.011666666666666665,0.0,0.0,0.0,6.6814521389663915,6.6814521389663915,0.0,0.0,0.0,0.0
4.35,0.0,0.0,0.0,0.0,0.0,0.0,0.0,0.0,0.0,0.0,0.011666666666666665,0.011666666666666665,0.0,0.0,0.0,6.6814521389663915,6.6814521389663915,0.0,0.0,0.0,0.0
4.366666666666666,0.0,0.0,0.0,0.0,0.0,0.0,0.0,0.0,0.0,0.0,0.011666666666666665,0.011666666666666665,0.0,0.0,0.0,6.6814521389663915,6.6814521389663915,0.0,0.0,0.0,0.0
4.383333333333333,0.0,0.0,0.0,0.0,0.0,0.0,0.0,0.0,0.0,0.0,0.011666666666666665,0.011666666666666665,0.0,0.0,0.0,6.6814521389663915,6.6814521389663915,0.0,0.0,0.0,0.0
4.4,0.0,0.0,0.0,0.0,0.0,0.0,0.0,0.0,0.0,0.0,0.011666666666666665,0.011666666666666665,0.0,0.0,0.0,6.6814521389663915,6.6814521389663915,0.0,0.0,0.0,0.0
4.416666666666667,0.0,0.0,0.0,0.0,0.0,0.0,0.0,0.0,0.0,0.0,0.011666666666666665,0.011666666666666665,0.0,0.0,0.0,6.6814521389663915,6.6814521389663915,0.0,0.0,0.0,0.0
4.433333333333334,0.0,0.0,0.0,0.0,0.0,0.0,0.0,0.0,0.0,0.0,0.011666666666666665,0.011666666666666665,0.0,0.0,0.0,6.6814521389663915,6.6814521389663915,0.0,0.0,0.0,0.0
4.45,0.0,0.0,0.0,0.0,0.0,0.0,0.0,0.0,0.0,0.0,0.011666666666666665,0.011666666666666665,0.0,0.0,0.0,6.6814521389663915,6.6814521389663915,0.0,0.0,0.0,0.0
4.466666666666667,0.0,0.0,0.0,0.0,0.0,0.0,0.0,0.0,0.0,0.0,0.011666666666666665,0.011666666666666665,0.0,0.0,0.0,6.6814521389663915,6.6814521389663915,0.0,0.0,0.0,0.0
4.483333333333333,0.0,0.0,0.0,0.0,0.0,0.0,0.0,0.0,0.0,0.0,0.011666666666666665,0.011666666666666665,0.0,0.0,0.0,6.6814521389663915,6.6814521389663915,0.0,0.0,0.0,0.0
4.5,0.0,0.0,0.0,0.0,0.0,0.0,0.0,0.0,0.0,0.0,0.011666666666666665,0.011666666666666665,0.0,0.0,0.0,6.6814521389663915,6.6814521389663915,0.0,0.0,0.0,0.0
4.516666666666667,0.0,0.0,0.0,0.0,0.0,0.0,0.0,0.0,0.0,0.0,0.011666666666666665,0.011666666666666665,0.0,0.0,0.0,6.6814521389663915,6.6814521389663915,0.0,0.0,0.0,0.0
4.533333333333333,0.0,0.0,0.0,0.0,0.0,0.0,0.0,0.0,0.0,0.0,0.011666666666666665,0.011666666666666665,0.0,0.0,0.0,6.6814521389663915,6.6814521389663915,0.0,0.0,0.0,0.0
4.55,0.0,0.0,0.0,0.0,0.0,0.0,0.0,0.0,0.0,0.0,0.011666666666666665,0.011666666666666665,0.0,0.0,0.0,6.6814521389663915,6.6814521389663915,0.0,0.0,0.0,0.0
4.566666666666666,0.0,0.0,0.0,0.0,0.0,0.0,0.0,0.0,0.0,0.0,0.011666666666666665,0.011666666666666665,0.0,0.0,0.0,6.6814521389663915,6.6814521389663915,0.0,0.0,0.0,0.0
4.583333333333333,0.0,0.0,0.0,0.0,0.0,0.0,0.0,0.0,0.0,0.0,0.011666666666666665,0.011666666666666665,0.0,0.0,0.0,6.6814521389663915,6.6814521389663915,0.0,0.0,0.0,0.0
4.6,0.0,0.0,0.0,0.0,0.0,0.0,0.0,0.0,0.0,0.0,0.011666666666666665,0.011666666666666665,0.0,0.0,0.0,6.6814521389663915,6.6814521389663915,0.0,0.0,0.0,0.0
4.616666666666666,0.0,0.0,0.0,0.0,0.0,0.0,0.0,0.0,0.0,0.0,0.011666666666666665,0.011666666666666665,0.0,0.0,0.0,6.6814521389663915,6.6814521389663915,0.0,0.0,0.0,0.0
4.633333333333333,0.0,0.0,0.0,0.0,0.0,0.0,0.0,0.0,0.0,0.0,0.011666666666666665,0.011666666666666665,0.0,0.0,0.0,6.6814521389663915,6.6814521389663915,0.0,0.0,0.0,0.0
4.65,0.0,0.0,0.0,0.0,0.0,0.0,0.0,0.0,0.0,0.0,0.011666666666666665,0.011666666666666665,0.0,0.0,0.0,6.6814521389663915,6.6814521389663915,0.0,0.0,0.0,0.0
4.666666666666667,0.0,0.0,0.0,0.0,0.0,0.0,0.0,0.0,0.0,0.0,0.011666666666666665,0.011666666666666665,0.0,0.0,0.0,6.6814521389663915,6.6814521389663915,0.0,0.0,0.0,0.0
4.683333333333334,0.0,0.0,0.0,0.0,0.0,0.0,0.0,0.0,0.0,0.0,0.011666666666666665,0.011666666666666665,0.0,0.0,0.0,6.6814521389663915,6.6814521389663915,0.0,0.0,0.0,0.0
4.7,0.0,0.0,0.0,0.0,0.0,0.0,0.0,0.0,0.0,0.0,0.011666666666666665,0.011666666666666665,0.0,0.0,0.0,6.6814521389663915,6.6814521389663915,0.0,0.0,0.0,0.0
4.716666666666667,0.0,0.0,0.0,0.0,0.0,0.0,0.0,0.0,0.0,0.0,0.011666666666666665,0.011666666666666665,0.0,0.0,0.0,6.6814521389663915,6.6814521389663915,0.0,0.0,0.0,0.0
4.733333333333333,0.0,0.0,0.0,0.0,0.0,0.0,0.0,0.0,0.0,0.0,0.011666666666666665,0.011666666666666665,0.0,0.0,0.0,6.6814521389663915,6.6814521389663915,0.0,0.0,0.0,0.0
4.75,0.0,0.0,0.0,0.0,0.0,0.0,0.0,0.0,0.0,0.0,0.011666666666666665,0.011666666666666665,0.0,0.0,0.0,6.6814521389663915,6.6814521389663915,0.0,0.0,0.0,0.0
4.766666666666667,0.0,0.0,0.0,0.0,0.0,0.0,0.0,0.0,0.0,0.0,0.011666666666666665,0.011666666666666665,0.0,0.0,0.0,6.6814521389663915,6.6814521389663915,0.0,0.0,0.0,0.0
4.783333333333333,0.0,0.0,0.0,0.0,0.0,0.0,0.0,0.0,0.0,0.0,0.011666666666666665,0.011666666666666665,0.0,0.0,0.0,6.6814521389663915,6.6814521389663915,0.0,0.0,0.0,0.0
4.8,0.0,0.0,0.0,0.0,0.0,0.0,0.0,0.0,0.0,0.0,0.011666666666666665,0.011666666666666665,0.0,0.0,0.0,6.6814521389663915,6.6814521389663915,0.0,0.0,0.0,0.0
4.816666666666666,0.0,0.0,0.0,0.0,0.0,0.0,0.0,0.0,0.0,0.0,0.011666666666666665,0.011666666666666665,0.0,0.0,0.0,6.6814521389663915,6.6814521389663915,0.0,0.0,0.0,0.0
4.833333333333333,0.0,0.0,0.0,0.0,0.0,0.0,0.0,0.0,0.0,0.0,0.011666666666666665,0.011666666666666665,0.0,0.0,0.0,6.6814521389663915,6.6814521389663915,0.0,0.0,0.0,0.0
4.85,0.0,0.0,0.0,0.0,0.0,0.0,0.0,0.0,0.0,0.0,0.011666666666666665,0.011666666666666665,0.0,0.0,0.0,6.6814521389663915,6.6814521389663915,0.0,0.0,0.0,0.0
4.866666666666666,0.0,0.0,0.0,0.0,0.0,0.0,0.0,0.0,0.0,0.0,0.011666666666666665,0.011666666666666665,0.0,0.0,0.0,6.6814521389663915,6.6814521389663915,0.0,0.0,0.0,0.0
4.883333333333333,0.0,0.0,0.0,0.0,0.0,0.0,0.0,0.0,0.0,0.0,0.011666666666666665,0.011666666666666665,0.0,0.0,0.0,6.6814521389663915,6.6814521389663915,0.0,0.0,0.0,0.0
4.9,0.0,0.0,0.0,0.0,0.0,0.0,0.0,0.0,0.0,0.0,0.011666666666666665,0.011666666666666665,0.0,0.0,0.0,6.6814521389663915,6.6814521389663915,0.0,0.0,0.0,0.0
4.916666666666667,0.0,0.0,0.0,0.0,0.0,0.0,0.0,0.0,0.0,0.0,0.011666666666666665,0.011666666666666665,0.0,0.0,0.0,6.6814521389663915,6.6814521389663915,0.0,0.0,0.0,0.0
4.933333333333334,0.0,0.0,0.0,0.0,0.0,0.0,0.0,0.0,0.0,0.0,0.011666666666666665,0.011666666666666665,0.0,0.0,0.0,6.6814521389663915,6.6814521389663915,0.0,0.0,0.0,0.0
4.95,0.0,0.0,0.0,0.0,0.0,0.0,0.0,0.0,0.0,0.0,0.011666666666666665,0.011666666666666665,0.0,0.0,0.0,6.6814521389663915,6.6814521389663915,0.0,0.0,0.0,0.0
4.966666666666667,0.0,0.0,0.0,0.0,0.0,0.0,0.0,0.0,0.0,0.0,0.011666666666666665,0.011666666666666665,0.0,0.0,0.0,6.6814521389663915,6.6814521389663915,0.0,0.0,0.0,0.0
4.983333333333333,0.0,0.0,0.0,0.0,0.0,0.0,0.0,0.0,0.0,0.0,0.011666666666666665,0.011666666666666665,0.0,0.0,0.0,6.6814521389663915,6.6814521389663915,0.0,0.0,0.0,0.0
5.0,0.0,0.0,0.0,0.0,0.0,0.0,0.0,0.0,0.0,0.0,0.011666666666666665,0.011666666666666665,0.0,0.0,0.0,6.6814521389663915,6.6814521389663915,0.0,0.0,0.0,0.0
5.016666666666667,0.0,0.0,0.0,0.0,0.0,0.0,0.0,0.0,0.0,0.0,0.011666666666666665,0.011666666666666665,0.0,0.0,0.0,6.6814521389663915,6.6814521389663915,0.0,0.0,0.0,0.0
5.033333333333333,0.0,0.0,0.0,0.0,0.0,0.0,0.0,0.0,0.0,0.0,0.011666666666666665,0.011666666666666665,0.0,0.0,0.0,6.6814521389663915,6.6814521389663915,0.0,0.0,0.0,0.0
5.05,0.0,0.0,0.0,0.0,0.0,0.0,0.0,0.0,0.0,0.0,0.011666666666666665,0.011666666666666665,0.0,0.0,0.0,6.6814521389663915,6.6814521389663915,0.0,0.0,0.0,0.0
5.066666666666666,0.0,0.0,0.0,0.0,0.0,0.0,0.0,0.0,0.0,0.0,0.011666666666666665,0.011666666666666665,0.0,0.0,0.0,6.6814521389663915,6.6814521389663915,0.0,0.0,0.0,0.0
5.083333333333333,0.0,0.0,0.0,0.0,0.0,0.0,0.0,0.0,0.0,0.0,0.011666666666666665,0.011666666666666665,0.0,0.0,0.0,6.6814521389663915,6.6814521389663915,0.0,0.0,0.0,0.0
5.1,0.0,0.0,0.0,0.0,0.0,0.0,0.0,0.0,0.0,0.0,0.011666666666666665,0.011666666666666665,0.0,0.0,0.0,6.6814521389663915,6.6814521389663915,0.0,0.0,0.0,0.0
5.116666666666666,0.0,0.0,0.0,0.0,0.0,0.0,0.0,0.0,0.0,0.0,0.011666666666666665,0.011666666666666665,0.0,0.0,0.0,6.6814521389663915,6.6814521389663915,0.0,0.0,0.0,0.0
5.133333333333333,0.0,0.0,0.0,0.0,0.0,0.0,0.0,0.0,0.0,0.0,0.011666666666666665,0.011666666666666665,0.0,0.0,0.0,6.6814521389663915,6.6814521389663915,0.0,0.0,0.0,0.0
5.15,0.0,0.0,0.0,0.0,0.0,0.0,0.0,0.0,0.0,0.0,0.011666666666666665,0.011666666666666665,0.0,0.0,0.0,6.6814521389663915,6.6814521389663915,0.0,0.0,0.0,0.0
5.166666666666667,0.0,0.0,0.0,0.0,0.0,0.0,0.0,0.0,0.0,0.0,0.011666666666666665,0.011666666666666665,0.0,0.0,0.0,6.6814521389663915,6.6814521389663915,0.0,0.0,0.0,0.0
5.183333333333334,0.0,0.0,0.0,0.0,0.0,0.0,0.0,0.0,0.0,0.0,0.011666666666666665,0.011666666666666665,0.0,0.0,0.0,6.6814521389663915,6.6814521389663915,0.0,0.0,0.0,0.0
5.2,0.0,0.0,0.0,0.0,0.0,0.0,0.0,0.0,0.0,0.0,0.011666666666666665,0.011666666666666665,0.0,0.0,0.0,6.6814521389663915,6.6814521389663915,0.0,0.0,0.0,0.0
5.216666666666667,0.0,0.0,0.0,0.0,0.0,0.0,0.0,0.0,0.0,0.0,0.011666666666666665,0.011666666666666665,0.0,0.0,0.0,6.6814521389663915,6.6814521389663915,0.0,0.0,0.0,0.0
5.233333333333333,0.0,0.0,0.0,0.0,0.0,0.0,0.0,0.0,0.0,0.0,0.011666666666666665,0.011666666666666665,0.0,0.0,0.0,6.6814521389663915,6.6814521389663915,0.0,0.0,0.0,0.0
5.25,0.0,0.0,0.0,0.0,0.0,0.0,0.0,0.0,0.0,0.0,0.011666666666666665,0.011666666666666665,0.0,0.0,0.0,6.6814521389663915,6.6814521389663915,0.0,0.0,0.0,0.0
5.266666666666667,0.0,0.0,0.0,0.0,0.0,0.0,0.0,0.0,0.0,0.0,0.011666666666666665,0.011666666666666665,0.0,0.0,0.0,6.6814521389663915,6.6814521389663915,0.0,0.0,0.0,0.0
5.283333333333333,0.0,0.0,0.0,0.0,0.0,0.0,0.0,0.0,0.0,0.0,0.011666666666666665,0.011666666666666665,0.0,0.0,0.0,6.6814521389663915,6.6814521389663915,0.0,0.0,0.0,0.0
5.3,0.0,0.0,0.0,0.0,0.0,0.0,0.0,0.0,0.0,0.0,0.011666666666666665,0.011666666666666665,0.0,0.0,0.0,6.6814521389663915,6.6814521389663915,0.0,0.0,0.0,0.0
5.316666666666666,0.0,0.0,0.0,0.0,0.0,0.0,0.0,0.0,0.0,0.0,0.011666666666666665,0.011666666666666665,0.0,0.0,0.0,6.6814521389663915,6.6814521389663915,0.0,0.0,0.0,0.0
5.333333333333333,0.0,0.0,0.0,0.0,0.0,0.0,0.0,0.0,0.0,0.0,0.011666666666666665,0.011666666666666665,0.0,0.0,0.0,6.6814521389663915,6.6814521389663915,0.0,0.0,0.0,0.0
5.35,0.0,0.0,0.0,0.0,0.0,0.0,0.0,0.0,0.0,0.0,0.011666666666666665,0.011666666666666665,0.0,0.0,0.0,6.6814521389663915,6.6814521389663915,0.0,0.0,0.0,0.0
5.366666666666666,0.0,0.0,0.0,0.0,0.0,0.0,0.0,0.0,0.0,0.0,0.011666666666666665,0.011666666666666665,0.0,0.0,0.0,6.6814521389663915,6.6814521389663915,0.0,0.0,0.0,0.0
5.383333333333333,0.0,0.0,0.0,0.0,0.0,0.0,0.0,0.0,0.0,0.0,0.011666666666666665,0.011666666666666665,0.0,0.0,0.0,6.6814521389663915,6.6814521389663915,0.0,0.0,0.0,0.0
5.4,0.0,0.0,0.0,0.0,0.0,0.0,0.0,0.0,0.0,0.0,0.011666666666666665,0.011666666666666665,0.0,0.0,0.0,6.6814521389663915,6.6814521389663915,0.0,0.0,0.0,0.0
5.416666666666667,0.0,0.0,0.0,0.0,0.0,0.0,0.0,0.0,0.0,0.0,0.011666666666666665,0.011666666666666665,0.0,0.0,0.0,6.6814521389663915,6.6814521389663915,0.0,0.0,0.0,0.0
5.433333333333334,0.0,0.0,0.0,0.0,0.0,0.0,0.0,0.0,0.0,0.0,0.011666666666666665,0.011666666666666665,0.0,0.0,0.0,6.6814521389663915,6.6814521389663915,0.0,0.0,0.0,0.0
5.45,0.0,0.0,0.0,0.0,0.0,0.0,0.0,0.0,0.0,0.0,0.011666666666666665,0.011666666666666665,0.0,0.0,0.0,6.6814521389663915,6.6814521389663915,0.0,0.0,0.0,0.0
5.466666666666667,0.0,0.0,0.0,0.0,0.0,0.0,0.0,0.0,0.0,0.0,0.011666666666666665,0.011666666666666665,0.0,0.0,0.0,6.6814521389663915,6.6814521389663915,0.0,0.0,0.0,0.0
5.483333333333333,0.0,0.0,0.0,0.0,0.0,0.0,0.0,0.0,0.0,0.0,0.011666666666666665,0.011666666666666665,0.0,0.0,0.0,6.6814521389663915,6.6814521389663915,0.0,0.0,0.0,0.0
5.5,0.0,0.0,0.0,0.0,0.0,0.0,0.0,0.0,0.0,0.0,0.011666666666666665,0.011666666666666665,0.0,0.0,0.0,6.6814521389663915,6.6814521389663915,0.0,0.0,0.0,0.0
5.516666666666667,0.0,0.0,0.0,0.0,0.0,0.0,0.0,0.0,0.0,0.0,0.011666666666666665,0.011666666666666665,0.0,0.0,0.0,6.6814521389663915,6.6814521389663915,0.0,0.0,0.0,0.0
5.533333333333333,0.0,0.0,0.0,0.0,0.0,0.0,0.0,0.0,0.0,0.0,0.011666666666666665,0.011666666666666665,0.0,0.0,0.0,6.6814521389663915,6.6814521389663915,0.0,0.0,0.0,0.0
5.55,0.0,0.0,0.0,0.0,0.0,0.0,0.0,0.0,0.0,0.0,0.011666666666666665,0.011666666666666665,0.0,0.0,0.0,6.6814521389663915,6.6814521389663915,0.0,0.0,0.0,0.0
5.566666666666666,0.0,0.0,0.0,0.0,0.0,0.0,0.0,0.0,0.0,0.0,0.011666666666666665,0.011666666666666665,0.0,0.0,0.0,6.6814521389663915,6.6814521389663915,0.0,0.0,0.0,0.0
5.583333333333333,0.0,0.0,0.0,0.0,0.0,0.0,0.0,0.0,0.0,0.0,0.011666666666666665,0.011666666666666665,0.0,0.0,0.0,6.6814521389663915,6.6814521389663915,0.0,0.0,0.0,0.0
5.6,0.0,0.0,0.0,0.0,0.0,0.0,0.0,0.0,0.0,0.0,0.011666666666666665,0.011666666666666665,0.0,0.0,0.0,6.6814521389663915,6.6814521389663915,0.0,0.0,0.0,0.0
5.616666666666666,0.0,0.0,0.0,0.0,0.0,0.0,0.0,0.0,0.0,0.0,0.011666666666666665,0.011666666666666665,0.0,0.0,0.0,6.6814521389663915,6.6814521389663915,0.0,0.0,0.0,0.0
5.633333333333333,0.0,0.0,0.0,0.0,0.0,0.0,0.0,0.0,0.0,0.0,0.011666666666666665,0.011666666666666665,0.0,0.0,0.0,6.6814521389663915,6.6814521389663915,0.0,0.0,0.0,0.0
5.65,0.0,0.0,0.0,0.0,0.0,0.0,0.0,0.0,0.0,0.0,0.011666666666666665,0.011666666666666665,0.0,0.0,0.0,6.6814521389663915,6.6814521389663915,0.0,0.0,0.0,0.0
5.666666666666667,0.0,0.0,0.0,0.0,0.0,0.0,0.0,0.0,0.0,0.0,0.011666666666666665,0.011666666666666665,0.0,0.0,0.0,6.6814521389663915,6.6814521389663915,0.0,0.0,0.0,0.0
5.683333333333334,0.0,0.0,0.0,0.0,0.0,0.0,0.0,0.0,0.0,0.0,0.011666666666666665,0.011666666666666665,0.0,0.0,0.0,6.6814521389663915,6.6814521389663915,0.0,0.0,0.0,0.0
5.7,0.0,0.0,0.0,0.0,0.0,0.0,0.0,0.0,0.0,0.0,0.011666666666666665,0.011666666666666665,0.0,0.0,0.0,6.6814521389663915,6.6814521389663915,0.0,0.0,0.0,0.0
5.716666666666667,0.0,0.0,0.0,0.0,0.0,0.0,0.0,0.0,0.0,0.0,0.011666666666666665,0.011666666666666665,0.0,0.0,0.0,6.6814521389663915,6.6814521389663915,0.0,0.0,0.0,0.0
5.733333333333333,0.0,0.0,0.0,0.0,0.0,0.0,0.0,0.0,0.0,0.0,0.011666666666666665,0.011666666666666665,0.0,0.0,0.0,6.6814521389663915,6.6814521389663915,0.0,0.0,0.0,0.0
5.75,0.0,0.0,0.0,0.0,0.0,0.0,0.0,0.0,0.0,0.0,0.011666666666666665,0.011666666666666665,0.0,0.0,0.0,6.6814521389663915,6.6814521389663915,0.0,0.0,0.0,0.0
5.766666666666667,0.0,0.0,0.0,0.0,0.0,0.0,0.0,0.0,0.0,0.0,0.011666666666666665,0.011666666666666665,0.0,0.0,0.0,6.6814521389663915,6.6814521389663915,0.0,0.0,0.0,0.0
5.783333333333333,0.0,0.0,0.0,0.0,0.0,0.0,0.0,0.0,0.0,0.0,0.011666666666666665,0.011666666666666665,0.0,0.0,0.0,6.6814521389663915,6.6814521389663915,0.0,0.0,0.0,0.0
5.8,0.0,0.0,0.0,0.0,0.0,0.0,0.0,0.0,0.0,0.0,0.011666666666666665,0.011666666666666665,0.0,0.0,0.0,6.6814521389663915,6.6814521389663915,0.0,0.0,0.0,0.0
5.816666666666666,0.0,0.0,0.0,0.0,0.0,0.0,0.0,0.0,0.0,0.0,0.011666666666666665,0.011666666666666665,0.0,0.0,0.0,6.6814521389663915,6.6814521389663915,0.0,0.0,0.0,0.0
5.833333333333333,0.0,0.0,0.0,0.0,0.0,0.0,0.0,0.0,0.0,0.0,0.011666666666666665,0.011666666666666665,0.0,0.0,0.0,6.6814521389663915,6.6814521389663915,0.0,0.0,0.0,0.0
5.85,0.0,0.0,0.0,0.0,0.0,0.0,0.0,0.0,0.0,0.0,0.011666666666666665,0.011666666666666665,0.0,0.0,0.0,6.6814521389663915,6.6814521389663915,0.0,0.0,0.0,0.0
5.866666666666666,0.0,0.0,0.0,0.0,0.0,0.0,0.0,0.0,0.0,0.0,0.011666666666666665,0.011666666666666665,0.0,0.0,0.0,6.6814521389663915,6.6814521389663915,0.0,0.0,0.0,0.0
5.883333333333333,0.0,0.0,0.0,0.0,0.0,0.0,0.0,0.0,0.0,0.0,0.011666666666666665,0.011666666666666665,0.0,0.0,0.0,6.6814521389663915,6.6814521389663915,0.0,0.0,0.0,0.0
5.9,0.0,0.0,0.0,0.0,0.0,0.0,0.0,0.0,0.0,0.0,0.011666666666666665,0.011666666666666665,0.0,0.0,0.0,6.6814521389663915,6.6814521389663915,0.0,0.0,0.0,0.0
5.916666666666667,0.0,0.0,0.0,0.0,0.0,0.0,0.0,0.0,0.0,0.0,0.011666666666666665,0.011666666666666665,0.0,0.0,0.0,6.6814521389663915,6.6814521389663915,0.0,0.0,0.0,0.0
5.933333333333334,0.0,0.0,0.0,0.0,0.0,0.0,0.0,0.0,0.0,0.0,0.011666666666666665,0.011666666666666665,0.0,0.0,0.0,6.6814521389663915,6.6814521389663915,0.0,0.0,0.0,0.0
5.95,0.0,0.0,0.0,0.0,0.0,0.0,0.0,0.0,0.0,0.0,0.011666666666666665,0.011666666666666665,0.0,0.0,0.0,6.6814521389663915,6.6814521389663915,0.0,0.0,0.0,0.0
5.966666666666667,0.0,0.0,0.0,0.0,0.0,0.0,0.0,0.0,0.0,0.0,0.011666666666666665,0.011666666666666665,0.0,0.0,0.0,6.6814521389663915,6.6814521389663915,0.0,0.0,0.0,0.0
5.983333333333333,0.0,0.0,0.0,0.0,0.0,0.0,0.0,0.0,0.0,0.0,0.011666666666666665,0.011666666666666665,0.0,0.0,0.0,6.6814521389663915,6.6814521389663915,0.0,0.0,0.0,0.0
6.0,0.0,0.0,0.0,0.0,0.0,0.0,0.0,0.0,0.0,0.0,0.011666666666666665,0.011666666666666665,0.0,0.0,0.0,6.6814521389663915,6.6814521389663915,0.0,0.0,0.0,0.0
6.016666666666667,0.009720468493463325,0.00016200780822438876,0.0,0.0,0.0,0.0,0.0,5.433554110608353e-06,0.0,0.0,0.011666666666666665,0.011661233112556057,0.0,0.0,3.600173516097528e-05,6.68141613723123,6.6814161372312295,0.0,0.00016200780822438876,0.0,5.433554110608353e-06
6.033333333333333,0.031581384229088315,0.0005263564038181386,0.0,0.0,0.0,0.0,0.0,1.765338370388825e-05,0.0,0.0,0.011666666666666665,0.011649013282962778,0.0,0.0,0.00011696808973736414,6.681299169141493,6.681299169141493,0.0,0.0005263564038181386,0.0,1.765338370388825e-05
6.05,0.0629179535202711,0.0010486325586711851,0.0,0.0,0.0,0.0,0.0,3.516992058675245e-05,0.0,0.0,0.011666666666666665,0.011631496746079913,0.0,0.0,0.0002330294574824856,6.6810661396840105,6.68106613968401,0.0,0.0010486325586711851,0.0,3.516992058675245e-05
6.066666666666666,0.10260157825856814,0.001710026304309469,0.0,0.0,0.0,0.0,0.0,5.735230021851733e-05,0.0,0.0,0.011666666666666665,0.011609314366448149,0.0,0.0,0.0003800058454021042,6.680686133838608,6.680686133838608,0.0,0.001710026304309469,0.0,5.735230021851733e-05
6.083333333333333,0.14992704405698573,0.002498784067616429,0.0,0.0,0.0,0.0,0.0,8.380632137998381e-05,0.0,0.0,0.011666666666666665,0.011582860345286682,0.0,0.0,0.0005552853483592065,6.680130848490249,6.680130848490248,0.0,0.0024987840676164294,0.0,8.380632137998381e-05
6.1,0.2043912624573868,0.003406521040956447,0.0,0.0,0.0,0.0,0.0,0.00011425076734157258,0.0,0.0,0.011666666666666665,0.011552415899325093,0.0,0.0,0.0007570046757680994,6.6793738438144805,6.6793738438144805,0.0,0.0034065210409564475,0.0,0.00011425076734157258
6.116666666666666,0.2656081590904717,0.004426802651507861,0.0,0.0,0.0,0.0,0.0,0.00014846982998891964,0.0,0.0,0.011666666666666665,0.011518196836677746,0.0,0.0,0.0009837339225573026,6.678390109891923,6.678390109891924,0.0,0.004426802651507861,0.0,0.00014846982998891964
6.133333333333333,0.3332672045403972,0.00555445340900662,0.0,0.0,0.0,0.0,0.0,0.00018628992937728741,0.0,0.0,0.011666666666666665,0.011480376737289378,0.0,0.0,0.001234322979779249,6.677155786912144,6.677155786912144,0.0,0.00555445340900662,0.0,0.00018628992937728741
6.15,0.40711025024984077,0.006785170837497346,0.0,0.0,0.0,0.0,0.0,0.00022756676544997265,0.0,0.0,0.011666666666666665,0.011439099901216693,0.0,0.0,0.0015078157416660769,6.675647971170478,6.675647971170478,0.0,0.006785170837497346,0.0,0.00022756676544997265
6.166666666666667,0.4869173556067093,0.008115289260111822,0.0,0.0,0.0,0.0,0.0,0.00027217739565356543,0.0,0.0,0.011666666666666665,0.0113944892710131,0.0,0.0,0.0018033976133581828,6.67384457355712,6.67384457355712,0.0,0.008115289260111822,0.0,0.00027217739565356543
6.183333333333334,0.5724975281873743,0.009541625469789572,0.0,0.0,0.0,0.0,0.0,0.00032001505891279456,0.0,0.0,0.011666666666666665,0.01134665160775387,0.0,0.0,0.002120361215508794,6.671724212341611,6.671724212341611,0.0,0.009541625469789572,0.0,0.00032001505891279456
6.2,0.6636823654373912,0.011061372757289854,0.0,0.0,0.0,0.0,0.0,0.000370985621452878,0.0,0.0,0.011666666666666665,0.011295681045213788,0.0,0.0,0.002458082834953301,6.669266129506658,6.669266129506658,0.0,0.011061372757289854,0.0,0.000370985621452878
6.216666666666667,0.7603215145617904,0.012672025242696507,0.0,0.0,0.0,0.0,0.0,0.0004250050389659001,0.0,0.0,0.011666666666666665,0.011241661627700765,0.0,0.0,0.0028160056094881127,6.66645012389717,6.666450123897169,0.0,0.012672025242696507,0.0,0.0004250050389659001
6.233333333333333,0.8622793266477787,0.014371322110796312,0.0,0.0,0.0,0.0,0.0,0.0004819974863300367,0.0,0.0,0.011666666666666665,0.011184669180336629,0.0,0.0,0.003193627135732514,6.663256496761438,6.663256496761438,0.0,0.014371322110796312,0.0,0.0004819974863300367
6.25,0.9694323257398068,0.01615720542899678,0.0,0.0,0.0,0.0,0.0,0.0005418939428714087,0.0,0.0,0.011666666666666665,0.011124772723795256,0.0,0.0,0.0035904900953326177,6.6596660066661055,6.6596660066661055,0.0,0.01615720542899678,0.0,0.0005418939428714087
6.266666666666667,1.0816672519698705,0.018027787532831175,0.0,0.0,0.0,0.0,0.0,0.0006046310985117237,0.0,0.0,0.011666666666666665,0.011062035568154941,0.0,0.0,0.004006175007295817,6.655659831658809,6.6556598316588085,0.0,0.018027787532831175,0.0,0.0006046310985117237
6.283333333333333,1.1988795200295486,0.01998132533382581,0.0,0.0,0.0,0.0,0.0,0.0006701504920839236,0.0,0.0,0.011666666666666665,0.010996516174582742,0.0,0.0,0.004440294518627957,6.651219537140181,6.651219537140181,0.0,0.01998132533382581,0.0,0.0006701504920839236
6.3,1.3209719851185175,0.02201619975197529,0.0,0.0,0.0,0.0,0.0,0.0007383978215212429,0.0,0.0,0.011666666666666665,0.010928268845145422,0.0,0.0,0.004892488833772287,6.646327048306409,6.646327048306409,0.0,0.02201619975197529,0.0,0.0007383978215212429
6.316666666666666,1.4478539410804026,0.024130899018006708,0.0,0.0,0.0,0.0,0.0,0.0008093223838345037,0.0,0.0,0.011666666666666665,0.010857344282832162,0.0,0.0,0.0053624220040014905,6.640964626302408,6.6409646263024085,0.0,0.024130899018006708,0.0,0.0008093223838345037
6.333333333333333,1.5794402969428905,0.026324004949048175,0.0,0.0,0.0,0.0,0.0,0.0008828766148139463,0.0,0.0,0.011666666666666665,0.01078379005185272,0.0,0.0,0.005849778877566261,6.635114847424841,6.635114847424841,0.0,0.026324004949048175,0.0,0.0008828766148139463
6.35,1.7156508926530492,0.028594181544217487,0.0,0.0,0.0,0.0,0.0,0.0009590157065384904,0.0,0.0,0.011666666666666665,0.010707650960128176,0.0,0.0,0.006354262565381664,6.628760584859459,6.628760584859459,0.0,0.028594181544217487,0.0,0.0009590157065384904
6.366666666666666,1.8564099249050696,0.030940165415084493,0.0,0.0,0.0,0.0,0.0,0.0010376972864245355,0.0,0.0,0.011666666666666665,0.01062896938024213,0.0,0.0,0.006875592314463221,6.621884992544996,6.621884992544995,0.0,0.030940165415084493,0.0,0.0010376972864245355
6.383333333333333,2.0016454611101877,0.033360757685169794,0.0,0.0,0.0,0.0,0.0,0.0011188811455445356,0.0,0.0,0.011666666666666665,0.01054778552112213,0.0,0.0,0.00741350170781551,6.614471490837181,6.614471490837181,0.0,0.033360757685169794,0.0,0.0011188811455445356
6.4,2.151289024713541,0.03585481707855902,0.0,0.0,0.0,0.0,0.0,0.0012025290068271336,0.0,0.0,0.011666666666666665,0.010464137659839532,0.0,0.0,0.00796773712856867,6.606503753708612,6.606503753708612,0.0,0.03585481707855902,0.0,0.0012025290068271336
6.416666666666667,2.3052752388394633,0.038421253980657724,0.0,0.0,0.0,0.0,0.0,0.0012886043258617636,0.0,0.0,0.011666666666666665,0.010378062340804902,0.0,0.0,0.008538056440146161,6.5979656972684655,6.5979656972684655,0.0,0.038421253980657724,0.0,0.0012886043258617636
6.433333333333334,2.463541518055027,0.04105902530091712,0.0,0.0,0.0,0.0,0.0,0.001377072118600426,0.0,0.0,0.011666666666666665,0.010289594548066239,0.0,0.0,0.009124227844648248,6.5888414694238175,6.5888414694238175,0.0,0.04105902530091712,0.0,0.001377072118600426
6.45,2.62602780015761,0.04376713000262683,0.0,0.0,0.0,0.0,0.0,0.0014678988114321207,0.0,0.0,0.011666666666666665,0.010198767855234544,0.0,0.0,0.009726028889472629,6.579115440534345,6.579115440534345,0.0,0.04376713000262683,0.0,0.0014678988114321207
6.466666666666667,2.792676311506992,0.046544605191783196,0.0,0.0,0.0,0.0,0.0,0.0015610521100080186,0.0,0.0,0.011666666666666665,0.010105614556658647,0.0,0.0,0.010343245598174044,6.56877219493617,6.56877219493617,0.0,0.046544605191783196,0.0,0.0015610521100080186
6.483333333333333,2.963431360667888,0.04939052267779813,0.0,0.0,0.0,0.0,0.0,0.0016565008838916265,0.0,0.0,0.011666666666666665,0.010010165782775039,0.0,0.0,0.010975671706177362,6.557796523229993,6.557796523229993,0.0,0.04939052267779813,0.0,0.0016565008838916265
6.5,3.1382391560997807,0.05230398593499634,0.0,0.0,0.0,0.0,0.0,0.0017542150646509254,0.0,0.0,0.011666666666666665,0.00991245160201574,0.0,0.0,0.011623107985554743,6.546173415244438,6.546173415244438,0.0,0.05230398593499634,0.0,0.0017542150646509254
6.516666666666667,3.3170476443950614,0.05528412740658436,0.0,0.0,0.0,0.0,0.0,0.0018541655554366147,0.0,0.0,0.011666666666666665,0.00981250111123005,0.0,0.0,0.012285361645907635,6.533888053598531,6.533888053598531,0.0,0.05528412740658435,6.938893903907228e-18,0.0018541655554366147
6.533333333333333,3.499806366173059,0.05833010610288431,0.0,0.0,0.0,0.0,0.0,0.001956324150429659,0.0,0.0,0.011666666666666665,0.009710342516237007,0.0,0.0,0.012962245800640959,6.52092580779789,6.520925807797891,0.0,0.05833010610288431,0.0,0.001956324150429659
6.55,3.6864663272232305,0.06144110545372051,0.0,0.0,0.0,0.0,0.0,0.002060663462812821,0.0,0.0,0.011666666666666665,0.009606003203853845,0.0,0.0,0.013653578989715668,6.507272228808175,6.507272228808174,0.0,0.06144110545372051,0.0,0.002060663462812821
6.566666666666666,3.876979882882412,0.06461633138137353,0.0,0.0,0.0,0.0,0.0,0.0021671568601397784,0.0,0.0,0.011666666666666665,0.009499509806526887,0.0,0.0,0.01435918475141634,6.492913044056758,6.492913044056758,0.0,0.06461633138137353,0.0,0.0021671568601397784
6.583333333333333,4.07130063394927,0.06785501056582116,0.0,0.0,0.0,0.0,0.0,0.0022757784061533115,0.0,0.0,0.011666666666666665,0.009390888260513354,0.0,0.0,0.015078891236849147,6.477834152819908,6.477834152819908,0.0,0.06785501056582116,0.0,0.0022757784061533115
6.6,4.269383332699298,0.07115638887832162,0.0,0.0,0.0,0.0,0.0,0.0023865028082495046,0.0,0.0,0.011666666666666665,0.009280163858417161,0.0,0.0,0.01581253086184925,6.462021621958059,6.462021621958059,0.0,0.07115638887832162,0.0,0.0023865028082495046
6.616666666666666,4.471183797777803,0.07451972996296338,0.0,0.0,0.0,0.0,0.0,0.0024993053699045673,0.0,0.0,0.011666666666666665,0.009167361296762098,0.0,0.0,0.01655993999176964,6.4454616819662895,6.4454616819662895,0.0,0.07451972996296338,0.0,0.0024993053699045673
6.633333333333333,4.676658836925646,0.07794431394876077,0.0,0.0,0.0,0.0,0.0,0.002614161947480016,0.0,0.0,0.011666666666666665,0.009052504719186649,0.0,0.0,0.01732095865528017,6.428140723311009,6.428140723311008,0.0,0.07794431394876077,0.0,0.002614161947480016
6.6499999999999995,4.885766176639959,0.08142943627733265,0.0,0.0,0.0,0.0,0.0,0.002731048910904375,0.0,0.0,0.011666666666666665,0.00893561775576229,0.0,0.0,0.0180954302838517,6.410045293027157,6.4100452930271565,0.0,0.08142943627733265,0.0,0.002731048910904375
6.666666666666667,5.098464397995524,0.08497440663325874,0.0,0.0,0.0,0.0,0.0,0.0028499431077985667,0.0,0.0,0.011666666666666665,0.0088167235588681,0.0,0.0,0.018883201474057497,6.3911620915531,6.3911620915531,0.0,0.08497440663325874,0.0,0.0028499431077985667
6.683333333333334,5.314712877956229,0.08857854796593714,0.0,0.0,0.0,0.0,0.0,0.0029708218306701483,0.0,0.0,0.011666666666666665,0.008695844835996516,0.0,0.0,0.019684121770208254,6.371477969782892,6.371477969782892,0.0,0.08857854796593714,0.0,0.0029708218306701483
6.7,5.534471735593854,0.0922411955932309,0.0,0.0,0.0,0.0,0.0,0.003093662786850654,0.0,0.0,0.011666666666666665,0.008573003879816011,0.0,0.0,0.020498043465162423,6.35097992631773,6.35097992631773,0.0,0.0922411955932309,0.0,0.003093662786850654
6.716666666666667,5.7577017827055,0.095961696378425,0.0,0.0,0.0,0.0,0.0,0.0032184440708916896,0.0,0.0,0.011666666666666665,0.008448222595774976,0.0,0.0,0.021324821417427777,6.329655104900302,6.329655104900302,0.0,0.095961696378425,0.0,0.0032184440708916896
6.733333333333333,5.984364478384645,0.09973940797307741,0.0,0.0,0.0,0.0,0.0,0.0033451441391710306,0.0,0.0,0.011666666666666665,0.008321522527495635,0.0,0.0,0.02216431288290609,6.307490792017395,6.307490792017395,0.0,0.09973940797307741,0.0,0.0033451441391710306
6.75,6.214421887154857,0.10357369811924762,0.0,0.0,0.0,0.0,0.0,0.003473741786490179,0.0,0.0,0.011666666666666665,0.008192924880176486,0.0,0.0,0.023016377359832804,6.284474414657563,6.284474414657563,0.0,0.10357369811924762,0.0,0.003473741786490179
6.766666666666667,6.447836640321762,0.1074639440053627,0.0,0.0,0.0,0.0,0.0,0.003604216124470857,0.0,0.0,0.011666666666666665,0.008062450542195808,0.0,0.0,0.023880876445636155,6.260593538211927,6.260593538211927,0.0,0.1074639440053627,0.0,0.003604216124470857
6.783333333333333,6.684571900238962,0.11140953167064936,0.0,0.0,0.0,0.0,0.0,0.0037365465615803485,0.0,0.0,0.011666666666666665,0.007930120105086317,0.0,0.0,0.024757673704588746,6.2358358645073375,6.2358358645073375,0.0,0.11140953167064936,0.0,0.0037365465615803485
6.8,6.9245913272183035,0.1154098554536384,0.0,0.0,0.0,0.0,0.0,0.003870712784634975,0.0,0.0,0.011666666666666665,0.00779595388203169,0.0,0.0,0.025646634545252976,6.210189229962085,6.2101892299620856,0.0,0.1154098554536384,0.0,0.003870712784634975
6.816666666666666,7.167859048844942,0.11946431748074904,0.0,0.0,0.0,0.0,0.0,0.004006694741647811,0.0,0.0,0.011666666666666665,0.007659971925018855,0.0,0.0,0.02654762610683312,6.183641603855252,6.183641603855253,0.0,0.11946431748074904,0.0,0.004006694741647811
6.833333333333333,7.414339631483833,0.12357232719139721,0.0,0.0,0.0,0.0,0.0,0.004144472625901362,0.0,0.0,0.011666666666666665,0.007522194040765304,0.0,0.0,0.027460517153643824,6.156181086701608,6.156181086701609,0.0,0.12357232719139721,0.0,0.004144472625901362
6.85,7.663998053787156,0.1277333008964526,0.0,0.0,0.0,0.0,0.0,0.0042840268611387304,0.0,0.0,0.011666666666666665,0.007382639805527935,0.0,0.0,0.028385177976989466,6.127795908724618,6.127795908724618,0.0,0.1277333008964526,0.0,0.0042840268611387304
6.866666666666666,7.916799682032124,0.13194666136720207,0.0,0.0,0.0,0.0,0.0,0.004425338087777925,0.0,0.0,0.011666666666666665,0.007241328578888741,0.0,0.0,0.029321480303822683,6.098474428420795,6.098474428420795,0.0,0.13194666136720207,0.0,0.004425338087777925
6.883333333333333,8.172710247136257,0.13621183745227095,0.0,0.0,0.0,0.0,0.0,0.004568387150063835,0.0,0.0,0.011666666666666665,0.007098279516602831,0.0,0.0,0.030269297211615767,6.068205131209179,6.068205131209179,0.0,0.13621183745227095,0.0,0.004568387150063835
6.8999999999999995,8.43169582321257,0.1405282637202095,0.0,0.0,0.0,0.0,0.0,0.004713155084081009,0.0,0.0,0.011666666666666665,0.006953511582585657,0.0,0.0,0.031228503048935444,6.036976628160244,6.036976628160244,0.0,0.1405282637202095,0.0,0.004713155084081009
6.916666666666667,8.693722807540833,0.14489538012568057,0.0,0.0,0.0,0.0,0.0,0.004859623106557967,0.0,0.0,0.011666666666666665,0.006807043560108699,0.0,0.0,0.032198973361262345,6.004777654798982,6.004777654798982,0.0,0.14489538012568054,2.7755575615628914e-17,0.004859623106557967
6.933333333333334,8.958757901843,0.14931263169738335,0.0,0.0,0.0,0.0,0.0,0.005007772604400527,0.0,0.0,0.011666666666666665,0.006658894062266139,0.0,0.0,0.03318058482164074,5.971597069977341,5.971597069977341,0.0,0.14931263169738335,0.0,0.005007772604400527
6.95,9.226768094761843,0.1537794682460307,0.0,0.0,0.0,0.0,0.0,0.005157585124897701,0.0,0.0,0.011666666666666665,0.006509081541768965,0.0,0.0,0.0341732151657846,5.9374238548115565,5.9374238548115565,0.0,0.1537794682460307,0.0,0.005157585124897701
6.966666666666667,9.497720645450904,0.15829534409084842,0.0,0.0,0.0,0.0,0.0,0.005309042366548801,0.0,0.0,0.011666666666666665,0.006357624300117865,0.0,0.0,0.03517674313129965,5.902247111680257,5.902247111680257,0.0,0.15829534409084842,0.0,0.005309042366548801
6.983333333333333,9.771583068192784,0.16285971780321307,0.0,0.0,0.0,0.0,0.0,0.005462126170465346,0.0,0.0,0.011666666666666665,0.006204540496201319,0.0,0.0,0.036191048400714014,5.866056063279543,5.866056063279543,0.0,0.16285971780321307,0.0,0.005462126170465346
7.0,1.6854454762795879,0.028090757937993132,0.0,0.0,0.0,0.0,0.0,0.0009421314622853432,0.0,0.0,0.011666666666666665,0.010724535204381323,0.0,0.0,0.006242390652887363,5.859813672626656,5.859813672626656,0.0,0.028090757937993132,0.0,0.0009421314622853432
7.016666666666667,1.9813393989612067,0.03302232331602011,0.0,0.0,0.0,0.0,0.0,0.0011075304490699718,0.0,0.0,0.011666666666666665,0.010559136217596694,0.0,0.0,0.007338294070226691,5.852475378556429,5.852475378556429,0.0,0.03302232331602011,0.0,0.0011075304490699718
7.033333333333333,2.280047127382505,0.038000785456375086,0.0,0.0,0.0,0.0,0.0,0.0012745022989067848,0.0,0.0,0.011666666666666665,0.01039216436775988,0.0,0.0,0.008444618990305575,5.844030759566124,5.844030759566124,0.0,0.038000785456375086,0.0,0.0012745022989067848
7.05,2.5815370605796795,0.04302561767632799,0.0,0.0,0.0,0.0,0.0,0.001443029347467474,0.0,0.0,0.011666666666666665,0.010223637319199192,0.0,0.0,0.00956124837251733,5.834469511193607,5.834469511193607,0.0,0.04302561767632799,0.0,0.001443029347467474
7.066666666666666,2.8857777888077227,0.04809629648012871,0.0,0.0,0.0,0.0,0.0,0.0016130940373113454,0.0,0.0,0.011666666666666665,0.01005357262935532,0.0,0.0,0.010688065884473047,5.823781445309134,5.823781445309134,0.0,0.04809629648012871,0.0,0.0016130940373113454
7.083333333333333,3.192738082953028,0.05321230138255046,0.0,0.0,0.0,0.0,0.0,0.001784678911967167,0.0,0.0,0.011666666666666665,0.0098819877546995,0.0,0.0,0.011824955862788991,5.811956489446345,5.811956489446345,0.0,0.05321230138255046,0.0,0.001784678911967167
7.1,3.5023868845644754,0.058373114742741254,0.0,0.0,0.0,0.0,0.0,0.0019577666103607425,0.0,0.0,0.011666666666666665,0.009708900056305923,0.0,0.0,0.012971803276164724,5.79898468617018,5.79898468617018,0.0,0.058373114742741254,0.0,0.0019577666103607425
7.116666666666666,3.8114316437160856,0.06352386072860143,0.0,0.0,0.0,0.0,0.0,0.002130516660687989,0.0,0.0,0.011666666666666665,0.009536150005978676,0.0,0.0,0.014116413495244763,5.784868272674935,5.784868272674936,0.0,0.06352386072860143,0.0,0.002130516660687989
7.133333333333333,4.126364921142116,0.06877274868570193,0.0,0.0,0.0,0.0,0.0,0.0023065582789779195,0.0,0.0,0.011666666666666665,0.009360108387688746,0.0,0.0,0.015282833041267097,5.769585439633668,5.769585439633669,0.0,0.06877274868570193,0.0,0.0023065582789779195
7.1499999999999995,0.3426203367977785,0.0057103389466296416,0.0,0.0,0.0,0.0,0.0,0.00019151814962802254,0.0,0.0,0.011666666666666665,0.011475148517038642,0.0,0.0,0.0012689642103621427,5.7683164754233065,5.7683164754233065,0.0,0.0057103389466296416,0.0,0.00019151814962802254
7.166666666666667,0.3579733955374517,0.005966223258957529,0.0,0.0,0.0,0.0,0.0,0.0002001002128774905,0.0,0.0,0.011666666666666665,0.011466566453789176,0.0,0.0,0.001325827390879451,5.766990648032427,5.766990648032427,0.0,0.005966223258957529,0.0,0.0002001002128774905
7.183333333333334,0.37349198079043905,0.0062248663465073175,0.0,0.0,0.0,0.0,0.0,0.00020877480225030707,0.0,0.0,0.011666666666666665,0.01145789186441636,0.0,0.0,0.0013833036325571818,5.76560734439987,5.76560734439987,0.0,0.006224866346507318,0.0,0.00020877480225030707
7.2,0.3890907996870863,0.006484846661451439,0.0,0.0,0.0,0.0,0.0,0.00021749424067999892,0.0,0.0,0.011666666666666665,0.011449172425986667,0.0,0.0,0.0014410770358780974,5.764166267363992,5.764166267363992,0.0,0.006484846661451439,0.0,0.00021749424067999892
7.216666666666667,0.404768384762029,0.006746139746033816,0.0,0.0,0.0,0.0,0.0,0.00022625770788177536,0.0,0.0,0.011666666666666665,0.011440408958784891,0.0,0.0,0.0014991421657852926,5.762667125198206,5.762667125198207,0.0,0.006746139746033816,0.0,0.00022625770788177536
7.233333333333333,0.420690913439364,0.007011515223989399,0.0,0.0,0.0,0.0,0.0,0.00023515809382553844,0.0,0.0,0.011666666666666665,0.011431508572841127,0.0,0.0,0.0015581144942198666,5.761109010703986,5.761109010703986,0.0,0.007011515223989399,0.0,0.00023515809382553844
7.25,0.4366054692177292,0.007276757820295486,0.0,0.0,0.0,0.0,0.0,0.0002440540230727956,0.0,0.0,0.011666666666666665,0.01142261264359387,0.0,0.0,0.0016170572933989968,5.7594919534105875,5.7594919534105875,0.0,0.007276757820295486,0.0,0.0002440540230727956
7.266666666666667,0.45282853221855823,0.007547142203642637,0.0,0.0,0.0,0.0,0.0,0.0002531224018977555,0.0,0.0,0.011666666666666665,0.01141354426476891,0.0,0.0,0.001677142711920586,5.757814810698667,5.757814810698667,0.0,0.007547142203642637,0.0,0.0002531224018977555
7.283333333333333,0.46897424891875517,0.007816237481979252,0.0,0.0,0.0,0.0,0.0,0.0002621475456348159,0.0,0.0,0.011666666666666665,0.01140451912103185,0.0,0.0,0.001736941662662056,5.756077869036005,5.756077869036005,0.0,0.007816237481979252,0.0,0.0002621475456348159
7.3,0.4852752883973946,0.00808792147328991,0.0,0.0,0.0,0.0,0.0,0.0002712595118045445,0.0,0.0,0.011666666666666665,0.011395407154862121,0.0,0.0,0.0017973158829533134,5.754280553153052,5.754280553153052,0.0,0.00808792147328991,0.0,0.0002712595118045445
7.316666666666666,0.501663737910392,0.008361062298506533,0.0,0.0,0.0,0.0,0.0,0.000280420338494917,0.0,0.0,0.011666666666666665,0.011386246328171748,0.0,0.0,0.0018580138441125628,5.752422539308939,5.752422539308939,0.0,0.008361062298506533,0.0,0.000280420338494917
7.333333333333333,0.5181872881332108,0.00863645480222018,0.0,0.0,0.0,0.0,0.0,0.00028965668387224275,0.0,0.0,0.011666666666666665,0.011377009982794423,0.0,0.0,0.0019192121782711509,5.750503327130668,5.750503327130668,0.0,0.00863645480222018,0.0,0.00028965668387224275
7.35,0.5348618535227503,0.008914364225379171,0.0,0.0,0.0,0.0,0.0,0.0002989774438104975,0.0,0.0,0.011666666666666665,0.011367689222856168,0.0,0.0,0.001980969827862038,5.7485223573028055,5.7485223573028055,0.0,0.008914364225379171,0.0,0.0002989774438104975
7.366666666666666,0.5516686586352935,0.009194477643921558,0.0,0.0,0.0,0.0,0.0,0.00030837212319934207,0.0,0.0,0.011666666666666665,0.011358294543467323,0.0,0.0,0.002043217254204791,5.746479140048601,5.746479140048601,0.0,0.009194477643921558,0.0,0.00030837212319934207
7.383333333333333,0.5685571514340128,0.009475952523900212,0.0,0.0,0.0,0.0,0.0,0.0003178124644267396,0.0,0.0,0.011666666666666665,0.011348854202239926,0.0,0.0,0.0021057672275333807,5.744373372821068,5.744373372821068,0.0,0.009475952523900214,0.0,0.0003178124644267396
7.3999999999999995,0.584571420977928,0.0097428570162988,0.0,0.0,0.0,0.0,0.0,0.00032676413174269705,0.0,0.0,0.011666666666666665,0.011339902534923969,0.0,0.0,0.0021650793369552886,5.742208293484112,5.742208293484112,0.0,0.0097428570162988,0.0,0.00032676413174269705
7.416666666666667,0.5981840049217912,0.009969733415363188,0.0,0.0,0.0,0.0,0.0,0.000334373303203303,0.0,0.0,0.011666666666666665,0.011332293363463362,0.0,0.0,0.002215496314525153,5.739992797169587,5.739992797169588,0.0,0.009969733415363188,0.0,0.000334373303203303
7.433333333333334,0.6258651763024172,0.010431086271706953,0.0,0.0,0.0,0.0,0.0,0.00034984654326810006,0.0,0.0,0.011666666666666665,0.011316820123398566,0.0,0.0,0.002318019171490434,5.737674777998097,5.737674777998097,0.0,0.010431086271706953,0.0,0.00034984654326810006
7.45,0.6675176054117667,0.011125293423529446,0.0,0.0,0.0,0.0,0.0,0.00037312944651048206,0.0,0.0,0.011666666666666665,0.011293537220156184,0.0,0.0,0.002472287427450988,5.7352024905706465,5.7352024905706465,0.0,0.011125293423529446,0.0,0.00037312944651048206
7.466666666666667,0.7099811338838351,0.011833018898063919,0.0,0.0,0.0,0.0,0.0,0.00039686573862803774,0.0,0.0,0.011666666666666665,0.011269800928038629,0.0,0.0,0.002629559755125315,5.732572930815521,5.732572930815521,0.0,0.011833018898063919,0.0,0.00039686573862803774
7.483333333333333,0.9114114525494942,0.015190190875824903,0.0,0.0,0.0,0.0,0.0,0.0005094613955887021,0.0,0.0,0.011666666666666665,0.011157205271077964,0.0,0.0,0.003375597972405534,5.729197332843115,5.729197332843115,0.0,0.015190190875824901,1.734723475976807e-18,0.0005094613955887021
7.5,1.3019893569324794,0.021699822615541323,0.0,0.0,0.0,0.0,0.0,0.0007277868990662442,0.0,0.0,0.011666666666666665,0.010938879767600421,0.0,0.0,0.004822182803453628,5.724375150039661,5.72437515003966,0.0,0.021699822615541327,0.0,0.0007277868990662442
7.516666666666667,1.6870182825359268,0.02811697137559878,0.0,0.0,0.0,0.0,0.0,0.0009430106305996139,0.0,0.0,0.011666666666666665,0.010723656036067052,0.0,0.0,0.006248215861244173,5.718126934178417,5.718126934178417,0.0,0.02811697137559878,0.0,0.0009430106305996139
7.533333333333333,2.0814621459317895,0.03469103576552982,0.0,0.0,0.0,0.0,0.0,0.0011634971304838608,0.0,0.0,0.011666666666666665,0.010503169536182804,0.0,0.0,0.007709119059006627,5.710417815119411,5.710417815119411,0.0,0.03469103576552982,0.0,0.0011634971304838608
7.55,2.473561162803287,0.04122601938005478,0.0,0.0,0.0,0.0,0.0,0.0013826729064580644,0.0,0.0,0.011666666666666665,0.010283993760208601,0.0,0.0,0.009161337640012174,5.701256477479398,5.701256477479399,0.0,0.04122601938005478,0.0,0.0013826729064580644
7.566666666666666,2.871756020073301,0.04786260033455502,0.0,0.0,0.0,0.0,0.0,0.0016052561394573324,0.0,0.0,0.011666666666666665,0.010061410527209333,0.0,0.0,0.010636133407678893,5.69062034407172,5.69062034407172,0.0,0.04786260033455502,0.0,0.0016052561394573324
7.583333333333333,3.2675486582968047,0.05445914430494674,0.0,0.0,0.0,0.0,0.0,0.0018264965784149832,0.0,0.0,0.011666666666666665,0.009840170088251683,0.0,0.0,0.012102032067765943,5.678518312003954,5.678518312003954,0.0,0.05445914430494674,0.0,0.0018264965784149832
7.6,3.665145137658076,0.061085752294301264,0.0,0.0,0.0,0.0,0.0,0.0020487453297225577,0.0,0.0,0.011666666666666665,0.009617921336944108,0.0,0.0,0.013574611620955836,5.664943700382998,5.664943700382997,0.0,0.06108575229430126,6.938893903907228e-18,0.0020487453297225577
7.616666666666666,4.06777850761375,0.06779630846022916,0.0,0.0,0.0,0.0,0.0,0.0022738096055711877,0.0,0.0,0.011666666666666665,0.009392857061095477,0.0,0.0,0.015065846324495369,5.649877854058502,5.649877854058502,0.0,0.06779630846022916,0.0,0.0022738096055711877
7.633333333333333,4.473131585206818,0.0745521930867803,0.0,0.0,0.0,0.0,0.0,0.0025003941454505847,0.0,0.0,0.011666666666666665,0.00916627252121608,0.0,0.0,0.01656715401928451,5.6333107000392175,5.633310700039217,0.0,0.0745521930867803,0.0,0.0025003941454505847
7.6499999999999995,4.875968088648238,0.08126613481080397,0.0,0.0,0.0,0.0,0.0,0.002725571968993672,0.0,0.0,0.011666666666666665,0.008941094697672992,0.0,0.0,0.018059141069067548,5.61525155897015,5.61525155897015,0.0,0.08126613481080397,0.0,0.002725571968993672
7.666666666666667,5.284728892742986,0.08807881487904975,0.0,0.0,0.0,0.0,0.0,0.0029540613621580193,0.0,0.0,0.011666666666666665,0.008712605304508646,0.0,0.0,0.019573069973122168,5.595678488997028,5.595678488997027,0.0,0.08807881487904975,0.0,0.0029540613621580193
7.683333333333334,5.690916117397532,0.09484860195662553,0.0,0.0,0.0,0.0,0.0,0.0031811121741309677,0.0,0.0,0.011666666666666665,0.008485554492535697,0.0,0.0,0.02107746710147234,5.574601021895556,5.574601021895557,0.0,0.09484860195662553,0.0,0.0031811121741309677
7.7,6.0954743414663906,0.10159123902443984,0.0,0.0,0.0,0.0,0.0,0.003407252406245085,0.0,0.0,0.011666666666666665,0.00825941426042158,0.0,0.0,0.022575830894319963,5.552025191001236,5.552025191001236,0.0,0.10159123902443984,0.0,0.003407252406245085
7.716666666666667,6.504898431203274,0.1084149738533879,0.0,0.0,0.0,0.0,0.0,0.0036361125632702234,0.0,0.0,0.011666666666666665,0.008030554103396443,0.0,0.0,0.024092216411863977,5.527932974589372,5.527932974589373,0.0,0.1084149738533879,0.0,0.0036361125632702234
7.733333333333333,6.920133013627575,0.11533555022712626,0.0,0.0,0.0,0.0,0.0,0.0038682206734621874,0.0,0.0,0.011666666666666665,0.007798445993204478,0.0,0.0,0.025630122272694723,5.502302852316677,5.502302852316677,0.0,0.11533555022712626,0.0,0.0038682206734621874
7.75,7.332680305134978,0.1222113384189163,0.0,0.0,0.0,0.0,0.0,0.004098826639943925,0.0,0.0,0.011666666666666665,0.0075678400267227405,0.0,0.0,0.02715807520420362,5.475144777112473,5.475144777112473,0.0,0.1222113384189163,0.0,0.004098826639943925
7.766666666666667,7.742511934896633,0.12904186558161054,0.0,0.0,0.0,0.0,0.0,0.0043279146039701686,0.0,0.0,0.011666666666666665,0.007338752062696497,0.0,0.0,0.02867597012924679,5.446468806983226,5.446468806983226,0.0,0.12904186558161054,0.0,0.0043279146039701686
7.783333333333333,8.158068944162324,0.13596781573603872,0.0,0.0,0.0,0.0,0.0,0.00456020294453792,0.0,0.0,0.011666666666666665,0.007106463722128745,0.0,0.0,0.03021507016356416,5.416253736819662,5.416253736819662,0.0,0.13596781573603872,0.0,0.00456020294453792
7.8,8.575088308717785,0.14291813847862975,0.0,0.0,0.0,0.0,0.0,0.0047933087134632915,0.0,0.0,0.011666666666666665,0.006873357953203374,0.0,0.0,0.03175958632858439,5.384494150491078,5.384494150491078,0.0,0.14291813847862975,0.0,0.0047933087134632915
7.816666666666666,9.079845290437996,0.15133075484063327,0.0,0.0,0.0,0.0,0.0,0.005075458115493496,0.0,0.0,0.011666666666666665,0.006591208551173169,0.0,0.0,0.03362905663125184,5.350865093859826,5.350865093859826,0.0,0.15133075484063327,0.0,0.005075458115493496
7.833333333333333,9.496295023367297,0.1582715837227883,0.0,0.0,0.0,0.0,0.0,0.005308245471343825,0.0,0.0,0.011666666666666665,0.006358421195322841,0.0,0.0,0.03517146304950851,5.315693630810318,5.315693630810318,0.0,0.1582715837227883,0.0,0.005308245471343825
7.85,9.9132969842106,0.16522161640351,0.0,0.0,0.0,0.0,0.0,0.005541341511930298,0.0,0.0,0.011666666666666665,0.006125325154736368,0.0,0.0,0.03671591475633555,5.278977716053983,5.278977716053983,0.0,0.16522161640351,0.0,0.005541341511930298
7.866666666666666,10.419827829969101,0.17366379716615168,10.419827829969101,0.5997539275398762,0.17366379716615168,0.0031249788305396913,0.0031249788305396913,0.0,0.0,0.0,0.011666666666666665,0.008541687836126974,0.0,0.0,0.0,5.278977716053983,5.278977716053983,0.0,0.0,0.0,0.0031249788305396913
7.883333333333333,11.260318271657578,0.18767197119429296,11.260318271657578,0.6012526888675249,0.18767197119429296,0.0033854868678559057,0.0033854868678559057,0.0,0.0,0.0,0.011666666666666665,0.00828117979881076,0.0,0.0,0.0,5.278977716053983,5.278977716053983,0.0,0.0,0.0,0.0033854868678559057
7.8999999999999995,11.676209305844955,0.19460348843074923,11.676209305844955,0.601989079974151,0.19460348843074923,0.00351482673147876,0.00351482673147876,0.0,0.0,0.0,0.011666666666666665,0.008151839935187906,0.0,0.0,0.0,5.278977716053983,5.278977716053983,0.0,0.0,0.0,0.00351482673147876
7.916666666666667,12.094258805051993,0.20157098008419988,12.094258805051993,0.6027258066496682,0.20157098008419988,0.003645125459598367,0.003645125459598367,0.0,0.0,0.0,0.011666666666666665,0.008021541207068298,0.0,0.0,0.0,5.278977716053983,5.278977716053983,0.0,0.0,0.0,0.003645125459598367
7.933333333333334,12.513198202045027,0.20855330336741712,12.513198202045027,0.6034605951116535,0.20855330336741712,0.0037759886157396564,0.0037759886157396564,0.0,0.0,0.0,0.011666666666666665,0.007890678050927009,0.0,0.0,0.0,5.278977716053983,5.278977716053983,0.0,0.0,0.0,0.0037759886157396564
7.95,12.946356629282135,0.2157726104880356,12.946356629282135,0.6042166317588388,0.2157726104880356,0.003911593157362519,0.003911593157362519,0.0,0.0,0.0,0.011666666666666665,0.007755073509304146,0.0,0.0,0.0,5.278977716053983,5.278977716053983,0.0,0.0,0.0,0.003911593157362519
7.966666666666667,13.37733558532262,0.22295559308871032,13.37733558532262,0.6049651400970218,0.22295559308871032,0.004046815529802767,0.004046815529802767,0.0,0.0,0.0,0.011666666666666665,0.007619851136863898,0.0,0.0,0.0,5.278977716053983,5.278977716053983,0.0,0.0,0.0,0.004046815529802767
7.983333333333333,13.802948499202707,0.23004914165337845,13.802948499202707,0.605700683125689,0.23004914165337845,0.004180645732131105,0.004180645732131105,0.0,0.0,0.0,0.011666666666666665,0.00748602093453556,0.0,0.0,0.0,5.278977716053983,5.278977716053983,0.0,0.0,0.0,0.004180645732131105
8.0,9.695741239594398,0.16159568732657328,0.0,0.0,0.0,0.0,0.0,0.005419732053369659,0.0,0.0,0.014583333333333334,0.009163601279963674,0.0,0.0,0.035910152739238504,5.243067563314744,5.243067563314744,0.0,0.16159568732657326,2.7755575615628914e-17,0.005419732053369659
8.016666666666666,11.134965090226281,0.18558275150377135,11.134965090226281,0.601030055704847,0.18558275150377135,0.0033465590001251267,0.0033465590001251267,0.0,0.0,0.0,0.014583333333333334,0.011236774333208207,0.0,0.0,0.0,5.243067563314744,5.243067563314744,0.0,0.0,0.0,0.0033465590001251267
8.033333333333333,11.91872069487626,0.19864534491460434,11.91872069487626,0.6024168823597278,0.19864534491460434,0.003590378319193782,0.003590378319193782,0.0,0.0,0.0,0.014583333333333334,0.010992955014139551,0.0,0.0,0.0,5.243067563314744,5.243067563314744,0.0,0.0,0.0,0.003590378319193782
8.05,12.674804906474142,0.2112467484412357,12.674804906474142,0.6037431030187765,0.2112467484412357,0.0038265456767638327,0.0038265456767638327,0.0,0.0,0.0,0.014583333333333334,0.0107567876565695,0.0,0.0,0.0,5.243067563314744,5.243067563314744,0.0,0.0,0.0,0.0038265456767638327
8.066666666666666,13.116106822570591,0.21860178037617653,13.116106822570591,0.6045118910633304,0.21860178037617653,0.0039648177511255114,0.0039648177511255114,0.0,0.0,0.0,0.014583333333333334,0.010618515582207822,0.0,0.0,0.0,5.243067563314744,5.243067563314744,0.0,0.0,0.0,0.0039648177511255114
8.083333333333334,13.554019401778573,0.22590032336297622,13.554019401778573,0.6052709243841193,0.22590032336297622,0.0041023371599333966,0.0041023371599333966,0.0,0.0,0.0,0.014583333333333334,0.010480996173399936,0.0,0.0,0.0,5.243067563314744,5.243067563314744,0.0,0.0,0.0,0.0041023371599333966
8.1,13.9890859303088,0.23315143217181333,13.9890859303088,0.606021226608962,0.23315143217181333,0.004239265433855341,0.004239265433855341,0.0,0.0,0.0,0.014583333333333334,0.010344067899477992,0.0,0.0,0.0,5.243067563314744,5.243067563314744,0.0,0.0,0.0,0.004239265433855341
8.116666666666667,14.42723872490019,0.24045397874833652,14.42723872490019,0.6067730252775478,0.24045397874833652,0.00437746739049359,0.00437746739049359,0.0,0.0,0.0,0.014583333333333334,0.010205865942839744,0.0,0.0,0.0,5.243067563314744,5.243067563314744,0.0,0.0,0.0,0.00437746739049359
8.133333333333333,14.871588682381972,0.24785981137303287,14.871588682381972,0.6075315358653844,0.24785981137303287,0.004517931349617856,0.004517931349617856,0.0,0.0,0.0,0.014583333333333334,0.010065401983715479,0.0,0.0,0.0,5.243067563314744,5.243067563314744,0.0,0.0,0.0,0.004517931349617856
8.15,15.31601422595595,0.2552669037659325,15.31601422595595,0.6082862255342151,0.2552669037659325,0.0046587261144789924,0.0046587261144789924,0.0,0.0,0.0,0.014583333333333334,0.009924607218854341,0.0,0.0,0.0,5.243067563314744,5.243067563314744,0.0,0.0,0.0,0.0046587261144789924
8.166666666666666,18.538273409747752,0.30897122349579587,18.538273409747752,0.6136398710093499,0.30897122349579587,0.005688480700016838,0.005688480700016838,0.0,0.0,0.0,0.014583333333333334,0.008894852633316495,0.0,0.0,0.0,5.243067563314744,5.243067563314744,0.0,0.0,0.0,0.005688480700016838
8.183333333333334,18.977890694558674,0.31629817824264456,18.977890694558674,0.6143541780369712,0.31629817824264456,0.005830156234889029,0.005830156234889029,0.0,0.0,0.0,0.014583333333333334,0.008753177098444306,0.0,0.0,0.0,5.243067563314744,5.243067563314744,0.0,0.0,0.0,0.005830156234889029
8.2,19.41840397339334,0.32364006622322233,19.41840397339334,0.6150660638180477,0.32364006622322233,0.005972397888560746,0.005972397888560746,0.0,0.0,0.0,0.014583333333333334,0.008610935444772587,0.0,0.0,0.0,5.243067563314744,5.243067563314744,0.0,0.0,0.0,0.005972397888560746
8.216666666666667,19.849906253762594,0.3308317708960432,19.849906253762594,0.6157596247246936,0.3308317708960432,0.0061119966124798504,0.0061119966124798504,0.0,0.0,0.0,0.014583333333333334,0.008471336720853484,0.0,0.0,0.0,5.243067563314744,5.243067563314744,0.0,0.0,0.0,0.0061119966124798504
8.233333333333333,20.287392909232764,0.3381232151538794,20.287392909232764,0.6164590027079297,0.3381232151538794,0.00625379838002278,0.00625379838002278,0.0,0.0,0.0,0.014583333333333334,0.008329534953310553,0.0,0.0,0.0,5.243067563314744,5.243067563314744,0.0,0.0,0.0,0.00625379838002278
8.25,20.713344057531152,0.34522240095885254,20.713344057531152,0.6171362618946058,0.34522240095885254,0.006392117073208132,0.006392117073208132,0.0,0.0,0.0,0.014583333333333334,0.0081912162601252,0.0,0.0,0.0,5.243067563314744,5.243067563314744,0.0,0.0,0.0,0.006392117073208132
8.266666666666666,21.150887712706304,0.3525147952117717,21.150887712706304,0.6178281749150576,0.3525147952117717,0.006534460622749602,0.006534460622749602,0.0,0.0,0.0,0.014583333333333334,0.008048872710583733,0.0,0.0,0.0,5.243067563314744,5.243067563314744,0.0,0.0,0.0,0.006534460622749602
8.283333333333333,21.587129334705065,0.35978548891175105,21.587129334705065,0.6185142171402773,0.35978548891175105,0.0066766408644669565,0.0066766408644669565,0.0,0.0,0.0,0.014583333333333334,0.007906692468866376,0.0,0.0,0.0,5.243067563314744,5.243067563314744,0.0,0.0,0.0,0.0066766408644669565
8.3,22.03682366297047,0.36728039438284116,22.03682366297047,0.6192174313544124,0.36728039438284116,0.0068234750193992945,0.0068234750193992945,0.0,0.0,0.0,0.014583333333333334,0.007759858313934039,0.0,0.0,0.0,5.243067563314744,5.243067563314744,0.0,0.0,0.0,0.0068234750193992945
8.316666666666666,22.47152050237821,0.37452534170630347,22.47152050237821,0.6198933486678684,0.37452534170630347,0.006965669613900334,0.006965669613900334,0.0,0.0,0.0,0.014583333333333334,0.0076176637194329995,0.0,0.0,0.0,5.243067563314744,5.243067563314744,0.0,0.0,0.0,0.006965669613900334
8.333333333333334,22.899831404239844,0.3816638567373307,22.899831404239844,0.6205556400250536,0.3816638567373307,0.007106020368798819,0.007106020368798819,0.0,0.0,0.0,0.014583333333333334,0.007477312964534515,0.0,0.0,0.0,5.243067563314744,5.243067563314744,0.0,0.0,0.0,0.007106020368798819
8.35,23.337819172437523,0.38896365287395873,23.337819172437523,0.6212291003076211,0.38896365287395873,0.0072497911829359505,0.0072497911829359505,0.0,0.0,0.0,0.014583333333333334,0.007333542150397383,0.0,0.0,0.0,5.243067563314744,5.243067563314744,0.0,0.0,0.0,0.0072497911829359505
8.366666666666667,23.780341314349105,0.39633902190581843,23.780341314349105,0.6219056362984289,0.39633902190581843,0.00739530367861491,0.00739530367861491,0.0,0.0,0.0,0.014583333333333334,0.007188029654718424,0.0,0.0,0.0,5.243067563314744,5.243067563314744,0.0,0.0,0.0,0.00739530367861491
8.383333333333333,24.231020710789046,0.40385034517981744,24.231020710789046,0.6225906177747113,0.40385034517981744,0.007543757452566245,0.007543757452566245,0.0,0.0,0.0,0.014583333333333334,0.007039575880767089,0.0,0.0,0.0,5.243067563314744,5.243067563314744,0.0,0.0,0.0,0.007543757452566245
8.4,24.662508957529816,0.41104181595883027,24.662508957529816,0.6232426244342573,0.41104181595883027,0.007686132017113842,0.007686132017113842,0.0,0.0,0.0,0.014583333333333334,0.006897201316219492,0.0,0.0,0.0,5.243067563314744,5.243067563314744,0.0,0.0,0.0,0.007686132017113842
8.416666666666666,25.10193578437181,0.41836559640619686,25.10193578437181,0.6239027997675164,0.41836559640619686,0.007831367144441435,0.007831367144441435,0.0,0.0,0.0,0.014583333333333334,0.0067519661888918985,0.0,0.0,0.0,5.243067563314744,5.243067563314744,0.0,0.0,0.0,0.007831367144441435
8.433333333333334,25.53069144654387,0.4255115241090645,25.53069144654387,0.6245432208357015,0.4255115241090645,0.007973307463839886,0.007973307463839886,0.0,0.0,0.0,0.014583333333333334,0.006610025869493448,0.0,0.0,0.0,5.243067563314744,5.243067563314744,0.0,0.0,0.0,0.007973307463839886
8.45,25.973704356285182,0.432895072604753,25.973704356285182,0.6252010755326933,0.432895072604753,0.008120205970155865,0.008120205970155865,0.0,0.0,0.0,0.014583333333333334,0.006463127363177468,0.0,0.0,0.0,5.243067563314744,5.243067563314744,0.0,0.0,0.0,0.008120205970155865
8.466666666666667,26.415448488711835,0.4402574748118639,26.415448488711835,0.6258531377888258,0.4402574748118639,0.00826692235361506,0.00826692235361506,0.0,0.0,0.0,0.014583333333333334,0.006316410979718273,0.0,0.0,0.0,5.243067563314744,5.243067563314744,0.0,0.0,0.0,0.00826692235361506
8.483333333333333,26.85772818629056,0.4476288031048427,26.85772818629056,0.6265020807392945,0.4476288031048427,0.008414052701590877,0.008414052701590877,0.0,0.0,0.0,0.014583333333333334,0.006169280631742456,0.0,0.0,0.0,5.243067563314744,5.243067563314744,0.0,0.0,0.0,0.008414052701590877
8.5,27.302124740957492,0.4550354123492915,27.302124740957492,0.627150189328207,0.4550354123492915,0.008562122562433152,0.008562122562433152,0.0,0.0,0.0,0.014583333333333334,0.006021210770900181,0.0,0.0,0.0,5.243067563314744,5.243067563314744,0.0,0.0,0.0,0.008562122562433152
8.516666666666666,27.73177947699036,0.462196324616506,27.73177947699036,0.6277730430243765,0.462196324616506,0.008705502345610157,0.008705502345610157,0.0,0.0,0.0,0.014583333333333334,0.005877830987723176,0.0,0.0,0.0,5.243067563314744,5.243067563314744,0.0,0.0,0.0,0.008705502345610157
8.533333333333333,37.56753775029877,0.6261256291716462,37.56753775029877,0.6410218765743964,0.6261256291716462,0.012042010974585456,0.012042010974585456,0.0,0.0,0.0,0.014583333333333334,0.0025413223587478773,0.0,0.0,0.0,5.243067563314744,5.243067563314744,0.0,0.0,0.0,0.012042010974585456
8.55,37.98679136455122,0.633113189409187,37.98679136455122,0.641543619547363,0.633113189409187,0.012186310444546808,0.012186310444546808,0.0,0.0,0.0,0.014583333333333334,0.0023970228887865257,0.0,0.0,0.0,5.243067563314744,5.243067563314744,0.0,0.0,0.0,0.012186310444546808
8.566666666666666,38.412883231565054,0.6402147205260842,38.412883231565054,0.6420702704815117,0.6402147205260842,0.01233311847508036,0.01233311847508036,0.0,0.0,0.0,0.014583333333333334,0.0022502148582529743,0.0,0.0,0.0,5.243067563314744,5.243067563314744,0.0,0.0,0.0,0.01233311847508036
8.583333333333334,45.09060936431896,0.7515101560719826,45.09060936431896,0.6498495882001819,0.7515101560719826,0.014652522215770548,0.014583333333333334,0.0,0.0,6.918888243721485e-05,0.014583333333333334,0.0,0.0,0.0,0.0,5.243067563314744,5.243067563314744,0.0,0.0,0.0,0.014583333333333334
8.6,45.50740451931405,0.7584567419885675,45.50740451931405,0.6503055703777834,0.7584567419885675,0.014798339160088528,0.014583333333333334,0.0,0.0,0.00021500582675519457,0.014583333333333334,0.0,0.0,0.0,0.0,5.243067563314744,5.243067563314744,0.0,0.0,0.0,0.014583333333333334
8.616666666666667,45.924299066664545,0.7654049844444091,45.924299066664545,0.6507581856856847,0.7654049844444091,0.014944301199874688,0.014583333333333334,0.0,0.0,0.00036096786654135453,0.014583333333333334,0.0,0.0,0.0,0.0,5.243067563314744,5.243067563314744,0.0,0.0,0.0,0.014583333333333334
8.633333333333333,46.34126588221261,0.7723544313702102,46.34126588221261,0.6512074025287661,0.7723544313702102,0.015090396732198521,0.014583333333333334,0.0,0.0,0.0005070633988651877,0.014583333333333334,0.0,0.0,0.0,0.0,5.243067563314744,5.243067563314744,0.0,0.0,0.0,0.014583333333333334
8.65,46.758277881580526,0.7793046313596754,46.758277881580526,0.6516531902586501,0.7793046313596754,0.015236614137679981,0.014583333333333334,0.0,0.0,0.0006532808043466475,0.014583333333333334,0.0,0.0,0.0,0.0,5.243067563314744,5.243067563314744,0.0,0.0,0.0,0.014583333333333334
8.666666666666666,47.17530802108172,0.7862551336846954,47.17530802108172,0.6520955191733241,0.7862551336846954,0.01538294178226261,0.014583333333333334,0.0,0.0,0.000799608448929276,0.014583333333333334,0.0,0.0,0.0,0.0,5.243067563314744,5.243067563314744,0.0,0.0,0.0,0.014583333333333334
8.683333333333334,47.59232929864227,0.7932054883107045,47.59232929864227,0.6525343605165805,0.7932054883107045,0.015529368018993926,0.014583333333333334,0.0,0.0,0.0009460346856605927,0.014583333333333334,0.0,0.0,0.0,0.0,5.243067563314744,5.243067563314744,0.0,0.0,0.0,0.014583333333333334
8.7,48.009314754731484,0.8001552459121913,48.009314754731484,0.6529696864772743,0.8001552459121913,0.01567588118981188,0.014583333333333334,0.0,0.0,0.001092547856478547,0.014583333333333334,0.0,0.0,0.0,0.0,5.243067563314744,5.243067563314744,0.0,0.0,0.0,0.014583333333333334
8.716666666666667,48.42623747330202,0.807103957888367,48.42623747330202,0.6534014701883977,0.807103957888367,0.01582246962733674,0.014583333333333334,0.0,0.0,0.0012391362940034067,0.014583333333333334,0.0,0.0,0.0,0.0,5.243067563314744,5.243067563314744,0.0,0.0,0.0,0.014583333333333334
8.733333333333333,48.8430705827384,0.8140511763789733,48.8430705827384,0.6538296857259732,0.8140511763789733,0.015969121656667355,0.014583333333333334,0.0,0.0,0.0013857883233340217,0.014583333333333334,0.0,0.0,0.0,0.0,5.243067563314744,5.243067563314744,0.0,0.0,0.0,0.014583333333333334
8.75,49.259787256814555,0.8209964542802426,49.259787256814555,0.6542543081077629,0.8209964542802426,0.016115825597181117,0.014583333333333334,0.0,0.0,0.0015324922638477838,0.014583333333333334,0.0,0.0,0.0,0.0,5.243067563314744,5.243067563314744,0.0,0.0,0.0,0.014583333333333334
8.766666666666666,49.67636071565876,0.8279393452609793,49.67636071565876,0.6546753132917951,0.8279393452609793,0.016262569764336494,0.014583333333333334,0.0,0.0,0.0016792364310031609,0.014583333333333334,0.0,0.0,0.0,0.0,5.243067563314744,5.243067563314744,0.0,0.0,0.0,0.014583333333333334
8.783333333333333,50.09276422672724,0.8348794037787873,50.09276422672724,0.6550926781747097,0.8348794037787873,0.016409342471477666,0.014583333333333334,0.0,0.0,0.0018260091381443327,0.014583333333333334,0.0,0.0,0.0,0.0,5.243067563314744,5.243067563314744,0.0,0.0,0.0,0.014583333333333334
8.8,50.508971105784475,0.8418161850964079,50.508971105784475,0.6555063805899193,0.8418161850964079,0.01655613203163996,0.014583333333333334,0.0,0.0,0.0019727986983066256,0.014583333333333334,0.0,0.0,0.0,0.0,5.243067563314744,5.243067563314744,0.0,0.0,0.0,0.014583333333333334
8.816666666666666,50.92495471789107,0.8487492452981845,50.92495471789107,0.6559163993055896,0.8487492452981845,0.016702926759355592,0.014583333333333334,0.0,0.0,0.0021195934260222586,0.014583333333333334,0.0,0.0,0.0,0.0,5.243067563314744,5.243067563314744,0.0,0.0,0.0,0.014583333333333334
8.833333333333334,51.34068847839877,0.8556781413066461,51.34068847839877,0.6563227140224377,0.8556781413066461,0.016849714972458837,0.014583333333333334,0.0,0.0,0.002266381639125504,0.014583333333333334,0.0,0.0,0.0,0.0,5.243067563314744,5.243067563314744,0.0,0.0,0.0,0.014583333333333334
8.85,51.75614585395124,0.8626024308991873,51.75614585395124,0.6567253053713478,0.8626024308991873,0.01699648499388946,0.014583333333333334,0.0,0.0,0.002413151660556126,0.014583333333333334,0.0,0.0,0.0,0.0,5.243067563314744,5.243067563314744,0.0,0.0,0.0,0.014583333333333334
8.866666666666667,52.17130036349212,0.8695216727248687,52.17130036349212,0.6571241549108071,0.8695216727248687,0.017143225153494174,0.014583333333333334,0.0,0.0,0.00255989182016084,0.014583333333333334,0.0,0.0,0.0,0.0,5.243067563314744,5.243067563314744,0.0,0.0,0.0,0.014583333333333334
8.883333333333333,52.58612557927819,0.8764354263213031,52.58612557927819,0.6575192451241603,0.8764354263213031,0.017289923789824628,0.014583333333333334,0.0,0.0,0.0027065904564912945,0.014583333333333334,0.0,0.0,0.0,0.0,5.243067563314744,5.243067563314744,0.0,0.0,0.0,0.014583333333333334
8.9,53.000595127899096,0.8833432521316515,53.000595127899096,0.6579105594166834,0.8833432521316515,0.01743656925193181,0.014583333333333334,0.0,0.0,0.0028532359185984776,0.014583333333333334,0.0,0.0,0.0,0.0,5.243067563314744,5.243067563314744,0.0,0.0,0.0,0.014583333333333334
8.916666666666666,53.41468269130169,0.8902447115216948,53.41468269130169,0.658298082112479,0.8902447115216948,0.017583149901155382,0.014583333333333334,0.0,0.0,0.0029998165678220487,0.014583333333333334,0.0,0.0,0.0,0.0,5.243067563314744,5.243067563314744,0.0,0.0,0.0,0.014583333333333334
8.933333333333334,53.82836200782053,0.8971393667970088,53.82836200782053,0.6586817984511913,0.8971393667970088,0.017729654112907795,0.014583333333333334,0.0,0.0,0.0031463207795744616,0.014583333333333334,0.0,0.0,0.0,0.0,5.243067563314744,5.243067563314744,0.0,0.0,0.0,0.014583333333333334
8.95,54.241606873212255,0.9040267812202042,54.241606873212255,0.6590616945845434,0.9040267812202042,0.01787607027845179,0.014583333333333334,0.0,0.0,0.0032927369451184567,0.014583333333333334,0.0,0.0,0.0,0.0,5.243067563314744,5.243067563314744,0.0,0.0,0.0,0.014583333333333334
8.966666666666667,54.65439114169579,0.9109065190282631,54.65439114169579,0.6594377575726968,0.9109065190282631,0.018022386806671134,0.014583333333333334,0.0,0.0,0.0034390534733378005,0.014583333333333334,0.0,0.0,0.0,0.0,5.243067563314744,5.243067563314744,0.0,0.0,0.0,0.014583333333333334
8.983333333333333,55.066688726995984,0.9177781454499331,55.066688726995984,0.6598099753804334,0.9177781454499331,0.01816859212583319,0.014583333333333334,0.0,0.0,0.003585258792499855,0.014583333333333334,0.0,0.0,0.0,0.0,5.243067563314744,5.243067563314744,0.0,0.0,0.0,0.014583333333333334
9.0,55.47847360339225,0.9246412267232041,55.47847360339225,0.6601783368731616,0.9246412267232041,0.018314674685343084,0.014583333333333334,0.0,0.0,0.0037313413520097503,0.014583333333333334,0.0,0.0,0.0,0.0,5.243067563314744,5.243067563314744,0.0,0.0,0.0,0.014583333333333334
9.016666666666666,55.889719806770565,0.9314953301128427,55.889719806770565,0.660542831812748,0.9314953301128427,0.018460622957488376,0.014583333333333334,0.0,0.0,0.0038772896241550427,0.014583333333333334,0.0,0.0,0.0,0.0,5.243067563314744,5.243067563314744,0.0,0.0,0.0,0.014583333333333334
9.033333333333333,56.30040143567984,0.9383400239279973,56.30040143567984,0.6609034508531727,0.9383400239279973,0.01860642543917378,0.014583333333333334,0.0,0.0,0.0040230921058404465,0.014583333333333334,0.0,0.0,0.0,0.0,5.243067563314744,5.243067563314744,0.0,0.0,0.0,0.014583333333333334
9.05,56.71049265239111,0.9451748775398519,56.71049265239111,0.6612601855360132,0.9451748775398519,0.018752070653644797,0.014583333333333334,0.0,0.0,0.004168737320311464,0.014583333333333334,0.0,0.0,0.0,0.0,5.243067563314744,5.243067563314744,0.0,0.0,0.0,0.014583333333333334
9.066666666666666,57.11996768396074,0.9519994613993457,57.11996768396074,0.6616130282857543,0.9519994613993457,0.018897547152200062,0.014583333333333334,0.0,0.0,0.004314213818866729,0.014583333333333334,0.0,0.0,0.0,0.0,5.243067563314744,5.243067563314744,0.0,0.0,0.0,0.014583333333333334
9.083333333333334,57.5288008232962,0.9588133470549367,57.5288008232962,0.6619619724049276,0.9588133470549367,0.019042843515891278,0.014583333333333334,0.0,0.0,0.004459510182557944,0.014583333333333334,0.0,0.0,0.0,0.0,5.243067563314744,5.243067563314744,0.0,0.0,0.0,0.014583333333333334
9.1,57.93696643022491,0.9656161071704152,57.93696643022491,0.6623070120690798,0.9656161071704152,0.019187948357210147,0.014583333333333334,0.0,0.0,0.004604615023876813,0.014583333333333334,0.0,0.0,0.0,0.0,5.243067563314744,5.243067563314744,0.0,0.0,0.0,0.014583333333333334
9.116666666666667,58.34443893256594,0.9724073155427657,58.34443893256594,0.6626481423215728,0.9724073155427657,0.01933285032176181,0.014583333333333334,0.0,0.0,0.004749516988428477,0.014583333333333334,0.0,0.0,0.0,0.0,5.243067563314744,5.243067563314744,0.0,0.0,0.0,0.014583333333333334
9.133333333333333,58.751192827203624,0.9791865471200604,58.751192827203624,0.6629853590682147,0.9791865471200604,0.019477538089923748,0.014583333333333334,0.0,0.0,0.0048942047565904145,0.014583333333333334,0.0,0.0,0.0,0.0,5.243067563314744,5.243067563314744,0.0,0.0,0.0,0.014583333333333334
9.15,59.157202681164264,0.9859533780194044,59.157202681164264,0.663318659071725,0.9859533780194044,0.01962200037848992,0.014583333333333334,0.0,0.0,0.005038667045156587,0.014583333333333334,0.0,0.0,0.0,0.0,5.243067563314744,5.243067563314744,0.0,0.0,0.0,0.014583333333333334
9.166666666666666,59.562443132694085,0.9927073855449015,59.562443132694085,0.663648039946034,0.9927073855449015,0.019766225942299005,0.014583333333333334,0.0,0.0,0.005182892608965671,0.014583333333333334,0.0,0.0,0.0,0.0,5.243067563314744,5.243067563314744,0.0,0.0,0.0,0.014583333333333334
9.183333333333334,59.966888892339654,0.9994481482056609,59.966888892339654,0.6639735001504172,0.9994481482056609,0.019910203575846556,0.014583333333333334,0.0,0.0,0.005326870242513222,0.014583333333333334,0.0,0.0,0.0,0.0,5.243067563314744,5.243067563314744,0.0,0.0,0.0,0.014583333333333334
9.2,60.37051474402973,1.0061752457338287,60.37051474402973,0.6642950389834684,1.0061752457338287,0.020053922114880128,0.014583333333333334,0.0,0.0,0.0054705887815467945,0.014583333333333334,0.0,0.0,0.0,0.0,5.243067563314744,5.243067563314744,0.0,0.0,0.0,0.014583333333333334
9.216666666666667,60.77329554615866,1.0128882591026442,60.77329554615866,0.6646126565769099,1.0128882591026442,0.020197370437976894,0.014583333333333334,0.0,0.0,0.00561403710464356,0.014583333333333334,0.0,0.0,0.0,0.0,5.243067563314744,5.243067563314744,0.0,0.0,0.0,0.014583333333333334
9.233333333333333,61.175206232671165,1.0195867705445194,61.175206232671165,0.6649263538892439,1.0195867705445194,0.020340537468103104,0.014583333333333334,0.0,0.0,0.00575720413476977,0.014583333333333334,0.0,0.0,0.0,0.0,5.243067563314744,5.243067563314744,0.0,0.0,0.0,0.014583333333333334
9.25,61.57622181414828,1.0262703635691381,61.57622181414828,0.6652361326992448,1.0262703635691381,0.020483412174154857,0.014583333333333334,0.0,0.0,0.005900078840821523,0.014583333333333334,0.0,0.0,0.0,0.0,5.243067563314744,5.243067563314744,0.0,0.0,0.0,0.014583333333333334
9.266666666666666,61.97631737889411,1.0329386229815685,61.97631737889411,0.6655419955992942,1.0329386229815685,0.02062598357247945,0.014583333333333334,0.0,0.0,0.006042650239146116,0.014583333333333334,0.0,0.0,0.0,0.0,5.243067563314744,5.243067563314744,0.0,0.0,0.0,0.014583333333333334
9.283333333333333,62.37546809402368,1.0395911349003946,62.37546809402368,0.6658439459885618,1.0395911349003946,0.020768240728377022,0.014583333333333334,0.0,0.0,0.006184907395043689,0.014583333333333334,0.0,0.0,0.0,0.0,5.243067563314744,5.243067563314744,0.0,0.0,0.0,0.014583333333333334
9.3,62.773649206551156,1.0462274867758525,62.773649206551156,0.666141988066031,1.0462274867758525,0.020910172757581565,0.014583333333333334,0.0,0.0,0.006326839424248231,0.014583333333333334,0.0,0.0,0.0,0.0,5.243067563314744,5.243067563314744,0.0,0.0,0.0,0.014583333333333334
9.316666666666666,63.170836044478584,1.0528472674079763,63.170836044478584,0.6664361268233733,1.0528472674079763,0.0210517688277211,0.014583333333333334,0.0,0.0,0.006468435494387765,0.014583333333333334,0.0,0.0,0.0,0.0,5.243067563314744,5.243067563314744,0.0,0.0,0.0,0.014583333333333334
9.333333333333334,63.56700401788529,1.0594500669647549,63.56700401788529,0.6667263680376722,1.0594500669647549,0.021193018159756365,0.014583333333333334,0.0,0.0,0.006609684826423032,0.014583333333333334,0.0,0.0,0.0,0.0,5.243067563314744,5.243067563314744,0.0,0.0,0.0,0.014583333333333334
9.35,63.96212862001671,1.0660354770002785,63.96212862001671,0.6670127182639979,1.0660354770002785,0.021333910029397343,0.014583333333333334,0.0,0.0,0.00675057669606401,0.014583333333333334,0.0,0.0,0.0,0.0,5.243067563314744,5.243067563314744,0.0,0.0,0.0,0.014583333333333334
9.366666666666667,64.35618542837415,1.0726030904729025,64.35618542837415,0.6672951848278356,1.0726030904729025,0.021474433768497544,0.014583333333333334,0.0,0.0,0.006891100435164211,0.014583333333333334,0.0,0.0,0.0,0.0,5.243067563314744,5.243067563314744,0.0,0.0,0.0,0.014583333333333334
9.383333333333333,64.74915010580331,1.0791525017633885,64.74915010580331,0.6675737758173682,1.0791525017633885,0.021614578766424974,0.014583333333333334,0.0,0.0,0.007031245433091641,0.014583333333333334,0.0,0.0,0.0,0.0,5.243067563314744,5.243067563314744,0.0,0.0,0.0,0.014583333333333334
9.4,65.14099840158364,1.0856833066930607,65.14099840158364,0.6678485000756161,1.0856833066930607,0.021754334471410015,0.014583333333333334,0.0,0.0,0.007171001138076682,0.014583333333333334,0.0,0.0,0.0,0.0,5.243067563314744,5.243067563314744,0.0,0.0,0.0,0.014583333333333334
9.416666666666666,65.5317061525161,1.092195102541935,65.5317061525161,0.668119367192435,1.092195102541935,0.021893690391869017,0.014583333333333334,0.0,0.0,0.007310357058535683,0.014583333333333334,0.0,0.0,0.0,0.0,5.243067563314744,5.243067563314744,0.0,0.0,0.0,0.014583333333333334
9.433333333333334,65.92124928401142,1.0986874880668571,65.92124928401142,0.6683863874963751,1.0986874880668571,0.02203263609770397,0.014583333333333334,0.0,0.0,0.007449302764370638,0.014583333333333334,0.0,0.0,0.0,0.0,5.243067563314744,5.243067563314744,0.0,0.0,0.0,0.014583333333333334
9.45,66.30960381117646,1.1051600635196077,66.30960381117646,0.6686495720464011,1.1051600635196077,0.022171161221576932,0.014583333333333334,0.0,0.0,0.007587827888243599,0.014583333333333334,0.0,0.0,0.0,0.0,5.243067563314744,5.243067563314744,0.0,0.0,0.0,0.014583333333333334
9.466666666666667,66.69674583990087,1.1116124306650146,66.69674583990087,0.6689089326234785,1.1116124306650146,0.022309255460159775,0.014583333333333334,0.0,0.0,0.007725922126826441,0.014583333333333334,0.0,0.0,0.0,0.0,5.243067563314744,5.243067563314744,0.0,0.0,0.0,0.014583333333333334
9.483333333333333,67.08265156794145,1.1180441927990241,67.08265156794145,0.6691644817220246,1.1180441927990241,0.022446908575357884,0.014583333333333334,0.0,0.0,0.00786357524202455,0.014583333333333334,0.0,0.0,0.0,0.0,5.243067563314744,5.243067563314744,0.0,0.0,0.0,0.014583333333333334
9.5,67.4672972860066,1.1244549547667766,67.4672972860066,0.6694162325412293,1.1244549547667766,0.022584110395508374,0.014583333333333334,0.0,0.0,0.00800077706217504,0.014583333333333334,0.0,0.0,0.0,0.0,5.243067563314744,5.243067563314744,0.0,0.0,0.0,0.014583333333333334
9.516666666666666,67.85065937883827,1.130844322980638,67.85065937883827,0.6696641989762453,1.130844322980638,0.022720850816551553,0.014583333333333334,0.0,0.0,0.00813751748321822,0.014583333333333334,0.0,0.0,0.0,0.0,5.243067563314744,5.243067563314744,0.0,0.0,0.0,0.014583333333333334
9.533333333333333,68.23271432629355,1.1372119054382257,68.23271432629355,0.6699083956092513,1.1372119054382257,0.022857119803176163,0.014583333333333334,0.0,0.0,0.00827378646984283,0.014583333333333334,0.0,0.0,0.0,0.0,5.243067563314744,5.243067563314744,0.0,0.0,0.0,0.014583333333333334
9.55,68.61343870442361,1.1435573117403937,68.61343870442361,0.6701488377003904,1.1435573117403937,0.022992907389937225,0.014583333333333334,0.0,0.0,0.008409574056603891,0.014583333333333334,0.0,0.0,0.0,0.0,5.243067563314744,5.243067563314744,0.0,0.0,0.0,0.014583333333333334
9.566666666666666,68.99280918655187,1.1498801531091978,68.99280918655187,0.6703855411785842,1.1498801531091978,0.02312820368234692,0.014583333333333334,0.0,0.0,0.008544870349013585,0.014583333333333334,0.0,0.0,0.0,0.0,5.243067563314744,5.243067563314744,0.0,0.0,0.0,0.014583333333333334
9.583333333333334,69.37080254434981,1.1561800424058302,69.37080254434981,0.670618522632228,1.1561800424058302,0.023262998857937735,0.014583333333333334,0.0,0.0,0.008679665524604401,0.014583333333333334,0.0,0.0,0.0,0.0,5.243067563314744,5.243067563314744,0.0,0.0,0.0,0.014583333333333334
9.6,69.74739564891078,1.162456594148513,69.74739564891078,0.6708477992997647,1.162456594148513,0.023397283167297618,0.014583333333333334,0.0,0.0,0.008813949833964285,0.014583333333333334,0.0,0.0,0.0,0.0,5.243067563314744,5.243067563314744,0.0,0.0,0.0,0.014583333333333334
9.616666666666667,70.12256547182204,1.1687094245303673,70.12256547182204,0.6710733890601445,1.1687094245303673,0.02353104693507725,0.014583333333333334,0.0,0.0,0.008947713601743918,0.014583333333333334,0.0,0.0,0.0,0.0,5.243067563314744,5.243067563314744,0.0,0.0,0.0,0.014583333333333334
9.633333333333333,70.49628908623431,1.1749381514372386,70.49628908623431,0.6712953104231695,1.1749381514372386,0.023664280560968677,0.014583333333333334,0.0,0.0,0.009080947227635344,0.014583333333333334,0.0,0.0,0.0,0.0,5.243067563314744,5.243067563314744,0.0,0.0,0.0,0.014583333333333334
9.65,70.8685436679291,1.181142394465485,70.8685436679291,0.6715135825197265,1.181142394465485,0.02379697452065544,0.014583333333333334,0.0,0.0,0.009213641187322107,0.014583333333333334,0.0,0.0,0.0,0.0,5.243067563314744,5.243067563314744,0.0,0.0,0.0,0.014583333333333334
9.666666666666666,71.23930649638348,1.1873217749397247,71.23930649638348,0.6717282250919103,1.1873217749397247,0.02392911936673381,0.014583333333333334,0.0,0.0,0.009345786033400475,0.014583333333333334,0.0,0.0,0.0,0.0,5.243067563314744,5.243067563314744,0.0,0.0,0.0,0.014583333333333334
9.683333333333334,71.6085549558325,1.1934759159305417,71.6085549558325,0.6719392584830403,1.1934759159305417,0.024060705729605027,0.014583333333333334,0.0,0.0,0.009477372396271694,0.014583333333333334,0.0,0.0,0.0,0.0,5.243067563314744,5.243067563314744,0.0,0.0,0.0,0.014583333333333334
9.7,71.97626653632852,1.1996044422721421,71.97626653632852,0.672146703627571,1.1996044422721421,0.024191724318338166,0.014583333333333334,0.0,0.0,0.009608390985004833,0.014583333333333334,0.0,0.0,0.0,0.0,5.243067563314744,5.243067563314744,0.0,0.0,0.0,0.014583333333333334
9.716666666666667,72.34241883479827,1.2057069805799712,72.34241883479827,0.6723505820409028,1.2057069805799712,0.024322165921503842,0.014583333333333334,0.0,0.0,0.009738832588170508,0.014583333333333334,0.0,0.0,0.0,0.0,5.243067563314744,5.243067563314744,0.0,0.0,0.0,0.014583333333333334
9.733333333333333,72.70698955609642,1.2117831592682735,72.70698955609642,0.6725509158090898,1.2117831592682735,0.024452021407978086,0.014583333333333334,0.0,0.0,0.009868688074644753,0.014583333333333334,0.0,0.0,0.0,0.0,5.243067563314744,5.243067563314744,0.0,0.0,0.0,0.014583333333333334
9.75,73.06995651405651,1.2178326085676086,73.06995651405651,0.672747727578452,1.2178326085676086,0.024581281727716685,0.014583333333333334,0.0,0.0,0.009997948394383352,0.014583333333333334,0.0,0.0,0.0,0.0,5.243067563314744,5.243067563314744,0.0,0.0,0.0,0.014583333333333334
9.766666666666666,73.43129763253862,1.2238549605423104,73.43129763253862,0.6729410405450925,1.2238549605423104,0.024709937912499712,0.014583333333333334,0.0,0.0,0.010126604579166379,0.014583333333333334,0.0,0.0,0.0,0.0,5.243067563314744,5.243067563314744,0.0,0.0,0.0,0.014583333333333334
9.783333333333333,73.79099094647373,1.2298498491078955,73.79099094647373,0.6731308784443218,1.2298498491078955,0.024837981076646094,0.014583333333333334,0.0,0.0,0.01025464774331276,0.014583333333333334,0.0,0.0,0.0,0.0,5.243067563314744,5.243067563314744,0.0,0.0,0.0,0.014583333333333334
9.8,74.14901460290476,1.2358169100484127,74.14901460290476,0.6733172655399917,1.2358169100484127,0.02496540241769814,0.014583333333333334,0.0,0.0,0.010382069084364808,0.014583333333333334,0.0,0.0,0.0,0.0,5.243067563314744,5.243067563314744,0.0,0.0,0.0,0.014583333333333334
9.816666666666666,74.50534686202415,1.2417557810337359,74.50534686202415,0.673500226613743,1.2417557810337359,0.025092193217076106,0.014583333333333334,0.0,0.0,0.010508859883742772,0.014583333333333334,0.0,0.0,0.0,0.0,5.243067563314744,5.243067563314744,0.0,0.0,0.0,0.014583333333333334
9.833333333333334,74.8599660982079,1.2476661016367985,74.8599660982079,0.6736797869541675,1.2476661016367985,0.025218344840702525,0.014583333333333334,0.0,0.0,0.010635011507369192,0.014583333333333334,0.0,0.0,0.0,0.0,5.243067563314744,5.243067563314744,0.0,0.0,0.0,0.014583333333333334
9.85,75.21285080104573,1.253547513350762,75.21285080104573,0.6738559723458879,1.253547513350762,0.025343848739596393,0.014583333333333334,0.0,0.0,0.01076051540626306,0.014583333333333334,0.0,0.0,0.0,0.0,5.243067563314744,5.243067563314744,0.0,0.0,0.0,0.014583333333333334
9.866666666666667,75.56397957636793,1.259399659606132,75.56397957636793,0.6740288090585584,1.259399659606132,0.0254686964504373,0.014583333333333334,0.0,0.0,0.010885363117103967,0.014583333333333334,0.0,0.0,0.0,0.0,5.243067563314744,5.243067563314744,0.0,0.0,0.0,0.014583333333333334
9.883333333333333,75.9133311472676,1.2652221857877932,75.9133311472676,0.6741983238357881,1.2652221857877932,0.025592879596099082,0.014583333333333334,0.0,0.0,0.011009546262765749,0.014583333333333334,0.0,0.0,0.0,0.0,5.243067563314744,5.243067563314744,0.0,0.0,0.0,0.014583333333333334
9.9,76.26088435511973,1.2710147392519955,76.26088435511973,0.67436454388399,1.2710147392519955,0.025716389886153625,0.014583333333333334,0.0,0.0,0.011133056552820292,0.014583333333333334,0.0,0.0,0.0,0.0,5.243067563314744,5.243067563314744,0.0,0.0,0.0,0.014583333333333334
9.916666666666666,76.6066181605955,1.2767769693432585,76.6066181605955,0.6745274968611582,1.2767769693432585,0.025839219117344252,0.014583333333333334,0.0,0.0,0.011255885784010919,0.014583333333333334,0.0,0.0,0.0,0.0,5.243067563314744,5.243067563314744,0.0,0.0,0.0,0.014583333333333334
9.933333333333334,76.95051164467283,1.2825085274112138,76.95051164467283,0.6746872108655764,1.2825085274112138,0.02596135917402909,0.014583333333333334,0.0,0.0,0.011378025840695756,0.014583333333333334,0.0,0.0,0.0,0.0,5.243067563314744,5.243067563314744,0.0,0.0,0.0,0.014583333333333334
9.95,77.29254400964253,1.2882090668273753,77.29254400964253,0.6748437144244598,1.2882090668273753,0.02608280202859446,0.014583333333333334,0.0,0.0,0.011499468695261125,0.014583333333333334,0.0,0.0,0.0,0.0,5.243067563314744,5.243067563314744,0.0,0.0,0.0,0.014583333333333334
9.966666666666667,77.63269458011005,1.2938782430018343,77.63269458011005,0.6749970364825336,1.2938782430018343,0.026203539741838155,0.014583333333333334,0.0,0.0,0.011620206408504821,0.014583333333333334,0.0,0.0,0.0,0.0,5.243067563314744,5.243067563314744,0.0,0.0,0.0,0.014583333333333334
9.983333333333333,77.97094280399273,1.2995157133998787,77.97094280399273,0.6751472063905505,1.2995157133998787,0.026323564463322877,0.014583333333333334,0.0,0.0,0.011740231129989544,0.014583333333333334,0.0,0.0,0.0,0.0,5.243067563314744,5.243067563314744,0.0,0.0,0.0,0.014583333333333334
10.0,78.3072682535127,1.305121137558545,78.3072682535127,0.6752942538937494,1.305121137558545,0.026442868431699948,0.014583333333333334,0.0,0.0,0.011859535098366614,0.014583333333333334,0.0,0.0,0.0,0.0,5.243067563314744,5.243067563314744,0.0,0.0,0.0,0.014583333333333334
10.016666666666666,78.64165062618481,1.3106941771030802,78.64165062618481,0.6754382091202605,1.3106941771030802,0.026561443975003245,0.014583333333333334,0.0,0.0,0.011978110641669912,0.014583333333333334,0.0,0.0,0.0,0.0,5.243067563314744,5.243067563314744,0.0,0.0,0.0,0.014583333333333334
10.033333333333333,78.97406974580021,1.3162344957633367,78.97406974580021,0.6755791025694553,1.3162344957633367,0.026679283510913726,0.014583333333333334,0.0,0.0,0.012095950177580393,0.014583333333333334,0.0,0.0,0.0,0.0,5.243067563314744,5.243067563314744,0.0,0.0,0.0,0.014583333333333334
10.05,79.30450556340469,1.3217417593900782,79.30450556340469,0.6757169651002486,1.3217417593900782,0.026796379546994497,0.014583333333333334,0.0,0.0,0.012213046213661163,0.014583333333333334,0.0,0.0,0.0,0.0,5.243067563314744,5.243067563314744,0.0,0.0,0.0,0.014583333333333334
10.066666666666666,79.63293815827238,1.3272156359712064,79.63293815827238,0.6758518279193525,1.3272156359712064,0.026912724680896664,0.014583333333333334,0.0,0.0,0.01232939134756333,0.014583333333333334,0.0,0.0,0.0,0.0,5.243067563314744,5.243067563314744,0.0,0.0,0.0,0.014583333333333334
10.083333333333334,79.95934773887453,1.3326557956479088,79.95934773887453,0.6759837225694865,1.3326557956479088,0.02702831160053628,0.014583333333333334,0.0,0.0,0.012444978267202946,0.014583333333333334,0.0,0.0,0.0,0.0,5.243067563314744,5.243067563314744,0.0,0.0,0.0,0.014583333333333334
10.1,80.28371464384267,1.3380619107307112,80.28371464384267,0.6761126809175458,1.3380619107307112,0.027143133084242276,0.014583333333333334,0.0,0.0,0.012559799750908943,0.014583333333333334,0.0,0.0,0.0,0.0,5.243067563314744,5.243067563314744,0.0,0.0,0.0,0.014583333333333334
10.116666666666667,80.60601934292754,1.343433655715459,80.60601934292754,0.676238735142731,1.343433655715459,0.027257182000876002,0.014583333333333334,0.0,0.0,0.012673848667542668,0.014583333333333334,0.0,0.0,0.0,0.0,5.243067563314744,5.243067563314744,0.0,0.0,0.0,0.014583333333333334
10.133333333333333,80.92624243795147,1.3487707072991912,80.92624243795147,0.676361917724642,1.3487707072991912,0.027370451309922078,0.014583333333333334,0.0,0.0,0.012787117976588745,0.014583333333333334,0.0,0.0,0.0,0.0,5.243067563314744,5.243067563314744,0.0,0.0,0.0,0.014583333333333334
10.15,81.24436466375693,1.3540727443959488,81.24436466375693,0.6764822614313387,1.3540727443959488,0.02748293406155147,0.014583333333333334,0.0,0.0,0.012899600728218136,0.014583333333333334,0.0,0.0,0.0,0.0,5.243067563314744,5.243067563314744,0.0,0.0,0.0,0.014583333333333334
10.166666666666666,81.56036688914811,1.3593394481524685,81.56036688914811,0.6765997993073718,1.3593394481524685,0.02759462339665628,0.014583333333333334,0.0,0.0,0.013011290063322946,0.014583333333333334,0.0,0.0,0.0,0.0,5.243067563314744,5.243067563314744,0.0,0.0,0.0,0.014583333333333334
10.183333333333334,81.87423011782836,1.364570501963806,81.87423011782836,0.6767145646617856,1.364570501963806,0.027705512546857224,0.014583333333333334,0.0,0.0,0.01312217921352389,0.014583333333333334,0.0,0.0,0.0,0.0,5.243067563314744,5.243067563314744,0.0,0.0,0.0,0.014583333333333334
10.2,82.18593548933099,1.3697655914888498,82.18593548933099,0.6768265910560973,1.3697655914888498,0.027815594834483558,0.014583333333333334,0.0,0.0,0.013232261501150224,0.014583333333333334,0.0,0.0,0.0,0.0,5.243067563314744,5.243067563314744,0.0,0.0,0.0,0.014583333333333334
10.216666666666667,82.49546427994517,1.3749244046657527,82.49546427994517,0.6769359122922533,1.3749244046657527,0.027924863672526088,0.014583333333333334,0.0,0.0,0.013341530339192754,0.014583333333333334,0.0,0.0,0.0,0.0,5.243067563314744,5.243067563314744,0.0,0.0,0.0,0.014583333333333334
10.233333333333333,82.80279790363545,1.3800466317272575,82.80279790363545,0.677042562400568,1.3800466317272575,0.028033312564563324,0.014583333333333334,0.0,0.0,0.01344997923122999,0.014583333333333334,0.0,0.0,0.0,0.0,5.243067563314744,5.243067563314744,0.0,0.0,0.0,0.014583333333333334
10.25,83.10791791295617,1.3851319652159362,83.10791791295617,0.6771465756276458,1.3851319652159362,0.02814093510466134,0.014583333333333334,0.0,0.0,0.013557601771328007,0.014583333333333334,0.0,0.0,0.0,0.0,5.243067563314744,5.243067563314744,0.0,0.0,0.0,0.014583333333333334
10.266666666666666,83.4108059999591,1.3901800999993181,83.4108059999591,0.6772479864242901,1.3901800999993181,0.02824772497724742,0.014583333333333334,0.0,0.0,0.013664391643914087,0.014583333333333334,0.0,0.0,0.0,0.0,5.243067563314744,5.243067563314744,0.0,0.0,0.0,0.014583333333333334
10.283333333333333,83.71144399709594,1.3951907332849323,83.71144399709594,0.6773468294334026,1.3951907332849323,0.028353675956958087,0.014583333333333334,0.0,0.0,0.013770342623624754,0.014583333333333334,0.0,0.0,0.0,0.0,5.243067563314744,5.243067563314744,0.0,0.0,0.0,0.014583333333333334
10.3,84.00981387811427,1.400163564635238,84.00981387811427,0.6774431394778746,1.400163564635238,0.028458781908461676,0.014583333333333334,0.0,0.0,0.013875448575128343,0.014583333333333334,0.0,0.0,0.0,0.0,5.243067563314744,5.243067563314744,0.0,0.0,0.0,0.014583333333333334
10.316666666666666,84.30589775894747,1.4050982959824578,84.30589775894747,0.6775369515484739,1.4050982959824578,0.02856303678625592,0.014583333333333334,0.0,0.0,0.013979703452922588,0.014583333333333334,0.0,0.0,0.0,0.0,5.243067563314744,5.243067563314744,0.0,0.0,0.0,0.014583333333333334
10.333333333333334,84.59967789859856,1.4099946316433092,84.59967789859856,0.6776283007917309,1.4099946316433092,0.028666434634440987,0.014583333333333334,0.0,0.0,0.014083101301107653,0.014583333333333334,0.0,0.0,0.0,0.0,5.243067563314744,5.243067563314744,0.0,0.0,0.0,0.014583333333333334
10.35,84.89113670001768,1.414852278333628,84.89113670001768,0.6777172224978245,1.414852278333628,0.028768969586468206,0.014583333333333334,0.0,0.0,0.014185636253134872,0.014583333333333334,0.0,0.0,0.0,0.0,5.243067563314744,5.243067563314744,0.0,0.0,0.0,0.014583333333333334
10.366666666666667,85.18025671097323,1.419670945182887,85.18025671097323,0.6778037520884735,1.419670945182887,0.028870635864865005,0.014583333333333334,0.0,0.0,0.014287302531531671,0.014583333333333334,0.0,0.0,0.0,0.0,5.243067563314744,5.243067563314744,0.0,0.0,0.0,0.014583333333333334
10.383333333333333,85.46702062491659,1.4244503437486098,85.46702062491659,0.6778879251048341,1.4244503437486098,0.028971427780936476,0.014583333333333334,0.0,0.0,0.014388094447603143,0.014583333333333334,0.0,0.0,0.0,0.0,5.243067563314744,5.243067563314744,0.0,0.0,0.0,0.014583333333333334
10.4,85.75141128184045,1.429190188030674,85.75141128184045,0.6779697771954074,1.429190188030674,0.029071339734444004,0.014583333333333334,0.0,0.0,0.01448800640111067,0.014583333333333334,0.0,0.0,0.0,0.0,5.243067563314744,5.243067563314744,0.0,0.0,0.0,0.014583333333333334
10.416666666666666,86.0334116691305,1.4338901944855083,86.0334116691305,0.6780493441039602,1.4338901944855083,0.029170366213261294,0.014583333333333334,0.0,0.0,0.01458703287992796,0.014583333333333334,0.0,0.0,0.0,0.0,5.243067563314744,5.243067563314744,0.0,0.0,0.0,0.014583333333333334
10.433333333333334,86.31300492241049,1.4385500820401746,86.31300492241049,0.6781266616574605,1.4385500820401746,0.02926850179300839,0.014583333333333334,0.0,0.0,0.014685168459675057,0.014583333333333334,0.0,0.0,0.0,0.0,5.243067563314744,5.243067563314744,0.0,0.0,0.0,0.014583333333333334
10.45,86.59017432638065,1.4431695721063442,86.59017432638065,0.6782017657540315,1.4431695721063442,0.029365741136664045,0.014583333333333334,0.0,0.0,0.014782407803330712,0.014583333333333334,0.0,0.0,0.0,0.0,5.243067563314744,5.243067563314744,0.0,0.0,0.0,0.014583333333333334
10.466666666666667,86.86490331564949,1.447748388594158,86.86490331564949,0.6782746923509277,1.447748388594158,0.029462078994157037,0.014583333333333334,0.0,0.0,0.014878745660823704,0.014583333333333334,0.0,0.0,0.0,0.0,5.243067563314744,5.243067563314744,0.0,0.0,0.0,0.014583333333333334
10.483333333333333,87.13717547555832,1.452286257925972,87.13717547555832,0.6783454774525343,1.452286257925972,0.02955751020193663,0.014583333333333334,0.0,0.0,0.014974176868603296,0.014583333333333334,0.0,0.0,0.0,0.0,5.243067563314744,5.243067563314744,0.0,0.0,0.0,0.014583333333333334
10.5,87.4069745429997,1.456782909049995,87.4069745429997,0.6784141570983935,1.456782909049995,0.029652029682523194,0.014583333333333334,0.0,0.0,0.01506869634918986,0.014583333333333334,0.0,0.0,0.0,0.0,5.243067563314744,5.243067563314744,0.0,0.0,0.0,0.014583333333333334
10.516666666666666,87.67428440722792,1.4612380734537986,87.67428440722792,0.678480767351261,1.4612380734537986,0.029745632444038748,0.014583333333333334,0.0,0.0,0.015162299110705414,0.014583333333333334,0.0,0.0,0.0,0.0,5.243067563314744,5.243067563314744,0.0,0.0,0.0,0.014583333333333334
10.533333333333333,87.93908911066346,1.4656514851777243,87.93908911066346,0.6785453442851949,1.4656514851777243,0.02983831357971876,0.014583333333333334,0.0,0.0,0.015254980246385427,0.014583333333333334,0.0,0.0,0.0,0.0,5.243067563314744,5.243067563314744,0.0,0.0,0.0,0.014583333333333334
10.55,88.20137284968965,1.4700228808281608,88.20137284968965,0.6786079239736796,1.4700228808281608,0.029930068267404922,0.014583333333333334,0.0,0.0,0.015346734934071588,0.014583333333333334,0.0,0.0,0.0,0.0,5.243067563314744,5.243067563314744,0.0,0.0,0.0,0.014583333333333334
10.566666666666666,88.46111997544259,1.4743519995907097,88.46111997544259,0.6786685424777887,1.4743519995907097,0.030020891769020116,0.014583333333333334,0.0,0.0,0.015437558435686782,0.014583333333333334,0.0,0.0,0.0,0.0,5.243067563314744,5.243067563314744,0.0,0.0,0.0,0.014583333333333334
10.583333333333334,88.71831499459375,1.4786385832432292,88.71831499459375,0.678727235834388,1.4786385832432292,0.03011077943002558,0.014583333333333334,0.0,0.0,0.015527446096692245,0.014583333333333334,0.0,0.0,0.0,0.0,5.243067563314744,5.243067563314744,0.0,0.0,0.0,0.014583333333333334
10.6,88.97294257012533,1.4828823761687555,88.97294257012533,0.6787840400443825,1.4828823761687555,0.030199726678861134,0.014583333333333334,0.0,0.0,0.0156163933455278,0.014583333333333334,0.0,0.0,0.0,0.0,5.243067563314744,5.243067563314744,0.0,0.0,0.0,0.014583333333333334
10.616666666666667,89.22498752209827,1.4870831253683046,89.22498752209827,0.6788389910610106,1.4870831253683046,0.030287729026368865,0.014583333333333334,0.0,0.0,0.01570439569303553,0.014583333333333334,0.0,0.0,0.0,0.0,5.243067563314744,5.243067563314744,0.0,0.0,0.0,0.014583333333333334
10.633333333333333,89.47443482841301,1.4912405804735502,89.47443482841301,0.6788921247781868,1.4912405804735502,0.03037478206520088,0.014583333333333334,0.0,0.0,0.015791448731867545,0.014583333333333334,0.0,0.0,0.0,0.0,5.243067563314744,5.243067563314744,0.0,0.0,0.0,0.014583333333333334
10.65,89.72126962556266,1.4953544937593777,89.72126962556266,0.6789434770188962,1.4953544937593777,0.03046088146921162,0.014583333333333334,0.0,0.0,0.015877548135878286,0.014583333333333334,0.0,0.0,0.0,0.0,5.243067563314744,5.243067563314744,0.0,0.0,0.0,0.014583333333333334
10.666666666666666,89.96547720937875,1.4994246201563124,89.96547720937875,0.6789930835236451,1.4994246201563124,0.03054602299283543,0.014583333333333334,0.0,0.0,0.015962689659502097,0.014583333333333334,0.0,0.0,0.0,0.0,5.243067563314744,5.243067563314744,0.0,0.0,0.0,0.014583333333333334
10.683333333333334,90.20704303576954,1.5034507172628258,90.20704303576954,0.6790409799389674,1.5034507172628258,0.030630202470449824,0.014583333333333334,0.0,0.0,0.01604686913711649,0.014583333333333334,0.0,0.0,0.0,0.0,5.243067563314744,5.243067563314744,0.0,0.0,0.0,0.014583333333333334
10.7,90.44595272145052,1.5074325453575088,90.44595272145052,0.6790872018059925,1.5074325453575088,0.030713415815725034,0.014583333333333334,0.0,0.0,0.0161300824823917,0.014583333333333334,0.0,0.0,0.0,0.0,5.243067563314744,5.243067563314744,0.0,0.0,0.0,0.014583333333333334
10.716666666666667,90.68219204466754,1.5113698674111258,90.68219204466754,0.6791317845490755,1.5113698674111258,0.03079565902096062,0.014583333333333334,0.0,0.0,0.016212325687627288,0.014583333333333334,0.0,0.0,0.0,0.0,5.243067563314744,5.243067563314744,0.0,0.0,0.0,0.014583333333333334
10.733333333333333,90.91574694591185,1.5152624490985307,90.91574694591185,0.6791747634644929,1.5152624490985307,0.030876928156409328,0.014583333333333334,0.0,0.0,0.016293594823075994,0.014583333333333334,0.0,0.0,0.0,0.0,5.243067563314744,5.243067563314744,0.0,0.0,0.0,0.014583333333333334
10.75,91.1466035286278,1.5191100588104631,91.1466035286278,0.679216173709207,1.5191100588104631,0.030957219369589294,0.014583333333333334,0.0,0.0,0.01637388603625596,0.014583333333333334,0.0,0.0,0.0,0.0,5.243067563314744,5.243067563314744,0.0,0.0,0.0,0.014583333333333334
10.766666666666666,91.37474805991242,1.522912467665207,91.37474805991242,0.6792560502897002,1.522912467665207,0.03103652888458474,0.014583333333333334,0.0,0.0,0.016453195551251406,0.014583333333333334,0.0,0.0,0.0,0.0,5.243067563314744,5.243067563314744,0.0,0.0,0.0,0.014583333333333334
10.783333333333333,91.6001669712073,1.5266694495201216,91.6001669712073,0.6792944280508841,1.5266694495201216,0.03111485300133601,0.014583333333333334,0.0,0.0,0.016531519668002675,0.014583333333333334,0.0,0.0,0.0,0.0,5.243067563314744,5.243067563314744,0.0,0.0,0.0,0.014583333333333334
10.8,91.82284685898246,1.530380780983041,91.82284685898246,0.6793313416650835,1.530380780983041,0.03119218809491952,0.014583333333333334,0.0,0.0,0.016608854761586186,0.014583333333333334,0.0,0.0,0.0,0.0,5.243067563314744,5.243067563314744,0.0,0.0,0.0,0.014583333333333334
10.816666666666666,92.04277448541224,1.5340462414235372,92.04277448541224,0.6793668256211,1.5340462414235372,0.03126853061481812,0.014583333333333334,0.0,0.0,0.01668519728148479,0.014583333333333334,0.0,0.0,0.0,0.0,5.243067563314744,5.243067563314744,0.0,0.0,0.0,0.014583333333333334
10.833333333333334,92.25993677904339,1.5376656129840565,92.25993677904339,0.679400914213356,1.5376656129840565,0.03134387708418267,0.014583333333333334,0.0,0.0,0.016760543750849333,0.014583333333333334,0.0,0.0,0.0,0.0,5.243067563314744,5.243067563314744,0.0,0.0,0.0,0.014583333333333334
10.85,92.47432083545473,1.5412386805909122,92.47432083545473,0.6794336415311233,1.5412386805909122,0.031418224099085124,0.014583333333333334,0.0,0.0,0.01683489076575179,0.014583333333333334,0.0,0.0,0.0,0.0,5.243067563314744,5.243067563314744,0.0,0.0,0.0,0.014583333333333334
10.866666666666667,92.68591391790915,1.5447652319651524,92.68591391790915,0.6794650414478377,1.5447652319651524,0.03149156832776421,0.014583333333333334,0.0,0.0,0.016908234994430876,0.014583333333333334,0.0,0.0,0.0,0.0,5.243067563314744,5.243067563314744,0.0,0.0,0.0,0.014583333333333334
10.883333333333333,92.8947034579968,1.54824505763328,92.8947034579968,0.679495147610502,1.54824505763328,0.03156390650986366,0.014583333333333334,0.0,0.0,0.016980573176530327,0.014583333333333334,0.0,0.0,0.0,0.0,5.243067563314744,5.243067563314744,0.0,0.0,0.0,0.014583333333333334
10.9,93.10067705627098,1.5516779509378498,93.10067705627098,0.6795239934291813,1.5516779509378498,0.031635235455664476,0.014583333333333334,0.0,0.0,0.017051902122331142,0.014583333333333334,0.0,0.0,0.0,0.0,5.243067563314744,5.243067563314744,0.0,0.0,0.0,0.014583333333333334
10.916666666666666,93.30382248287476,1.5550637080479128,93.30382248287476,0.6795516120665915,1.5550637080479128,0.03170555204531085,0.014583333333333334,0.0,0.0,0.017122218711977517,0.014583333333333334,0.0,0.0,0.0,0.0,5.243067563314744,5.243067563314744,0.0,0.0,0.0,0.014583333333333334
10.933333333333334,93.50412767816026,1.5584021279693376,93.50412767816026,0.6795780364277836,1.5584021279693376,0.031774853228031266,0.014583333333333334,0.0,0.0,0.017191519894697933,0.014583333333333334,0.0,0.0,0.0,0.0,5.243067563314744,5.243067563314744,0.0,0.0,0.0,0.014583333333333334
10.95,93.70158075329871,1.5616930125549786,93.70158075329871,0.6796032991499279,1.5616930125549786,0.03184313602135473,0.014583333333333334,0.0,0.0,0.017259802688021398,0.014583333333333334,0.0,0.0,0.0,0.0,5.243067563314744,5.243067563314744,0.0,0.0,0.0,0.014583333333333334
10.966666666666667,93.89616999088298,1.5649361665147163,93.89616999088298,0.679627432592198,1.5649361665147163,0.03191039751032323,0.014583333333333334,0.0,0.0,0.017327064176989895,0.014583333333333334,0.0,0.0,0.0,0.0,5.243067563314744,5.243067563314744,0.0,0.0,0.0,0.014583333333333334
10.983333333333333,94.08788384552079,1.5681313974253466,94.08788384552079,0.6796504688257595,1.5681313974253466,0.03197663484670058,0.014583333333333334,0.0,0.0,0.017393301513367248,0.014583333333333334,0.0,0.0,0.0,0.0,5.243067563314744,5.243067563314744,0.0,0.0,0.0,0.014583333333333334
11.0,94.27671094442034,1.571278515740339,94.27671094442034,0.6796724396238629,1.571278515740339,0.032041845248178775,0.014583333333333334,0.0,0.0,0.017458511914845442,0.014583333333333334,0.0,0.0,0.0,0.0,5.243067563314744,5.243067563314744,0.0,0.0,0.0,0.014583333333333334
11.016666666666666,94.4626400879666,1.5743773347994434,94.4626400879666,0.6796933764520461,1.5743773347994434,0.03210602599758197,0.014583333333333334,0.0,0.0,0.017522692664248638,0.014583333333333334,0.0,0.0,0.0,0.0,5.243067563314744,5.243067563314744,0.0,0.0,0.0,0.014583333333333334
11.033333333333333,94.64566025028978,1.577427670838163,94.64566025028978,0.6797133104584467,1.577427670838163,0.032169174442069154,0.014583333333333334,0.0,0.0,0.01758584110873582,0.014583333333333334,0.0,0.0,0.0,0.0,5.243067563314744,5.243067563314744,0.0,0.0,0.0,0.014583333333333334
11.05,94.82576057982452,1.5804293429970753,94.82576057982452,0.6797322724642271,1.5804293429970753,0.032231287992335655,0.014583333333333334,0.0,0.0,0.017647954659002322,0.014583333333333334,0.0,0.0,0.0,0.0,5.243067563314744,5.243067563314744,0.0,0.0,0.0,0.014583333333333334
11.066666666666666,95.00293039986101,1.583382173331017,95.00293039986101,0.6797502929541137,1.583382173331017,0.032292364121814576,0.014583333333333334,0.0,0.0,0.017709030788481243,0.014583333333333334,0.0,0.0,0.0,0.0,5.243067563314744,5.243067563314744,0.0,0.0,0.0,0.014583333333333334
11.083333333333334,95.17715920908711,1.5862859868181185,95.17715920908711,0.6797674020670551,1.5862859868181185,0.03235240036587841,0.014583333333333334,0.0,0.0,0.017769067032545074,0.014583333333333334,0.0,0.0,0.0,0.0,5.243067563314744,5.243067563314744,0.0,0.0,0.0,0.014583333333333334
11.1,95.34843668212187,1.5891406113686979,95.34843668212187,0.6797836295869978,1.5891406113686979,0.03241139432104153,0.014583333333333334,0.0,0.0,0.017828060987708196,0.014583333333333334,0.0,0.0,0.0,0.0,5.243067563314744,5.243067563314744,0.0,0.0,0.0,0.014583333333333334
11.116666666666667,95.51675267004023,1.5919458778340039,95.51675267004023,0.6797990049337841,1.5919458778340039,0.032469343644164275,0.014583333333333334,0.0,0.0,0.01788601031083094,0.014583333333333334,0.0,0.0,0.0,0.0,5.243067563314744,5.243067563314744,0.0,0.0,0.0,0.014583333333333334
11.133333333333333,95.68209720088899,1.5947016200148165,95.68209720088899,0.6798135571541744,1.5947016200148165,0.032526246051659075,0.014583333333333334,0.0,0.0,0.01794291271832574,0.014583333333333334,0.0,0.0,0.0,0.0,5.243067563314744,5.243067563314744,0.0,0.0,0.0,0.014583333333333334
11.15,95.84446048019394,1.597407674669899,95.84446048019394,0.6798273149129933,1.597407674669899,0.03258209931869925,0.014583333333333334,0.0,0.0,0.017998765985365917,0.014583333333333334,0.0,0.0,0.0,0.0,5.243067563314744,5.243067563314744,0.0,0.0,0.0,0.014583333333333334
11.166666666666666,96.00383289145815,1.6000638815243025,96.00383289145815,0.6798403064844061,1.6000638815243025,0.03263690127843115,0.014583333333333334,0.0,0.0,0.018053567945097816,0.014583333333333334,0.0,0.0,0.0,0.0,5.243067563314744,5.243067563314744,0.0,0.0,0.0,0.014583333333333334
11.183333333333334,96.16020499665129,1.6026700832775214,96.16020499665129,0.6798525597433226,1.6026700832775214,0.032690649821190125,0.014583333333333334,0.0,0.0,0.01810731648785679,0.014583333333333334,0.0,0.0,0.0,0.0,5.243067563314744,5.243067563314744,0.0,0.0,0.0,0.014583333333333334
11.2,96.31356753669004,1.6052261256115008,96.31356753669004,0.6798641021569346,1.6052261256115008,0.032743342893720905,0.014583333333333334,0.0,0.0,0.01816000956038757,0.014583333333333334,0.0,0.0,0.0,0.0,5.243067563314744,5.243067563314744,0.0,0.0,0.0,0.014583333333333334
11.216666666666667,96.46391143190971,1.607731857198495,96.46391143190971,0.6798749607763862,1.607731857198495,0.03279497849840304,0.014583333333333334,0.0,0.0,0.01821164516506971,0.014583333333333334,0.0,0.0,0.0,0.0,5.243067563314744,5.243067563314744,0.0,0.0,0.0,0.014583333333333334
11.233333333333333,96.61122778252647,1.6101871297087744,96.61122778252647,0.6798851622285809,1.6101871297087744,0.032845554692481946,0.014583333333333334,0.0,0.0,0.018262221359148612,0.014583333333333334,0.0,0.0,0.0,0.0,5.243067563314744,5.243067563314744,0.0,0.0,0.0,0.014583333333333334
11.25,96.75550786909103,1.6125917978181838,96.75550786909103,0.6798947327081247,1.6125917978181838,0.03289506958730598,0.014583333333333334,0.0,0.0,0.018311736253972647,0.014583333333333334,0.0,0.0,0.0,0.0,5.243067563314744,5.243067563314744,0.0,0.0,0.0,0.014583333333333334
11.266666666666666,96.89674315293286,1.6149457192155476,96.89674315293286,0.6799036979694113,1.6149457192155476,0.032943521347570406,0.014583333333333334,0.0,0.0,0.018360188014237073,0.014583333333333334,0.0,0.0,0.0,0.0,5.243067563314744,5.243067563314744,0.0,0.0,0.0,0.014583333333333334
11.283333333333333,97.03492527659554,1.6172487546099257,97.03492527659554,0.6799120833188463,1.6172487546099257,0.03299090819056839,0.014583333333333334,0.0,0.0,0.018407574857235053,0.014583333333333334,0.0,0.0,0.0,0.0,5.243067563314744,5.243067563314744,0.0,0.0,0.0,0.014583333333333334
11.3,97.17004606426295,1.6195007677377158,97.17004606426295,0.6799199136072162,1.6195007677377158,0.033037228385449986,0.014583333333333334,0.0,0.0,0.018453895052116653,0.014583333333333334,0.0,0.0,0.0,0.0,5.243067563314744,5.243067563314744,0.0,0.0,0.0,0.014583333333333334
11.316666666666666,97.30209752217618,1.621701625369603,97.30209752217618,0.6799272132222016,1.621701625369603,0.03308248025248932,0.014583333333333334,0.0,0.0,0.018499146919155985,0.014583333333333334,0.0,0.0,0.0,0.0,5.243067563314744,5.243067563314744,0.0,0.0,0.0,0.014583333333333334
11.333333333333334,97.43107183904148,1.623851197317358,97.43107183904148,0.6799340060810384,1.623851197317358,0.033126662162360695,0.014583333333333334,0.0,0.0,0.018543328829027362,0.014583333333333334,0.0,0.0,0.0,0.0,5.243067563314744,5.243067563314744,0.0,0.0,0.0,0.014583333333333334
11.35,97.55696138642878,1.6259493564404797,97.55696138642878,0.679940315623326,1.6259493564404797,0.033169772535424046,0.014583333333333334,0.0,0.0,0.018586439202090712,0.014583333333333334,0.0,0.0,0.0,0.0,5.243067563314744,5.243067563314744,0.0,0.0,0.0,0.014583333333333334
11.366666666666667,97.67975871916116,1.6279959786526859,97.67975871916116,0.679946164803987,1.6279959786526859,0.03321180984102032,0.014583333333333334,0.0,0.0,0.018628476507686984,0.014583333333333334,0.0,0.0,0.0,0.0,5.243067563314744,5.243067563314744,0.0,0.0,0.0,0.014583333333333334
11.383333333333333,97.79945657569485,1.6299909429282475,97.79945657569485,0.6799515760863776,1.6299909429282475,0.033252772596777155,0.014583333333333334,0.0,0.0,0.018669439263443822,0.014583333333333334,0.0,0.0,0.0,0.0,5.243067563314744,5.243067563314744,0.0,0.0,0.0,0.014583333333333334
11.4,97.91604787849025,1.6319341313081708,97.91604787849025,0.6799565714355525,1.6319341313081708,0.03329265936792561,0.014583333333333334,0.0,0.0,0.018709326034592275,0.014583333333333334,0.0,0.0,0.0,0.0,5.243067563314744,5.243067563314744,0.0,0.0,0.0,0.014583333333333334
11.416666666666666,98.02952573437311,1.6338254289062184,98.02952573437311,0.6799611723116851,1.6338254289062184,0.03333146876662808,0.014583333333333334,0.0,0.0,0.01874813543329475,0.014583333333333334,0.0,0.0,0.0,0.0,5.243067563314744,5.243067563314744,0.0,0.0,0.0,0.014583333333333334
11.433333333333334,98.13988343488714,1.6356647239147857,98.13988343488714,0.679965399663642,1.6356647239147857,0.03336919945131827,0.014583333333333334,0.0,0.0,0.018785866117984936,0.014583333333333334,0.0,0.0,0.0,0.0,5.243067563314744,5.243067563314744,0.0,0.0,0.0,0.014583333333333334
11.45,98.24711445663635,1.6374519076106058,98.24711445663635,0.6799692739227187,1.6374519076106058,0.03340585012605324,0.014583333333333334,0.0,0.0,0.018822516792719905,0.014583333333333334,0.0,0.0,0.0,0.0,5.243067563314744,5.243067563314744,0.0,0.0,0.0,0.014583333333333334
11.466666666666667,98.35121246161887,1.6391868743603144,98.35121246161887,0.6799728149965328,1.6391868743603144,0.033441419539878524,0.014583333333333334,0.0,0.0,0.01885808620654519,0.014583333333333334,0.0,0.0,0.0,0.0,5.243067563314744,5.243067563314744,0.0,0.0,0.0,0.014583333333333334
11.483333333333333,98.45217129755062,1.6408695216258435,98.45217129755062,0.6799760422630788,1.6408695216258435,0.0334759064862062,0.014583333333333334,0.0,0.0,0.018892573152872866,0.014583333333333334,0.0,0.0,0.0,0.0,5.243067563314744,5.243067563314744,0.0,0.0,0.0,0.014583333333333334
11.5,98.5499849981801,1.6424997499696683,98.5499849981801,0.679978974564945,1.6424997499696683,0.03350930980220683,0.014583333333333334,0.0,0.0,0.018925976468873496,0.014583333333333334,0.0,0.0,0.0,0.0,5.243067563314744,5.243067563314744,0.0,0.0,0.0,0.014583333333333334
11.516666666666666,98.6446477835934,1.64407746305989,98.6446477835934,0.6799816302036948,1.64407746305989,0.033541628368215386,0.014583333333333334,0.0,0.0,0.018958295034882052,0.014583333333333334,0.0,0.0,0.0,0.0,5.243067563314744,5.243067563314744,0.0,0.0,0.0,0.014583333333333334
11.533333333333333,98.73615406050983,1.6456025676751638,98.73615406050983,0.6799840269344124,1.6456025676751638,0.03357286110715172,0.014583333333333334,0.0,0.0,0.018989527773818387,0.014583333333333334,0.0,0.0,0.0,0.0,5.243067563314744,5.243067563314744,0.0,0.0,0.0,0.014583333333333334
11.55,98.82449842256814,1.647074973709469,98.82449842256814,0.6799861819604146,1.647074973709469,0.033603006983955956,0.014583333333333334,0.0,0.0,0.019019673650622623,0.014583333333333334,0.0,0.0,0.0,0.0,5.243067563314744,5.243067563314744,0.0,0.0,0.0,0.014583333333333334
11.566666666666666,98.90967565060299,1.6484945941767164,98.90967565060299,0.6799881119281311,1.6484945941767164,0.033632065005039194,0.014583333333333334,0.0,0.0,0.01904873167170586,0.014583333333333334,0.0,0.0,0.0,0.0,5.243067563314744,5.243067563314744,0.0,0.0,0.0,0.014583333333333334
11.583333333333334,98.9916807129122,1.6498613452152033,98.9916807129122,0.6799898329221529,1.6498613452152033,0.03366003421774991,0.014583333333333334,0.0,0.0,0.019076700884416573,0.014583333333333334,0.0,0.0,0.0,0.0,5.243067563314744,5.243067563314744,0.0,0.0,0.0,0.014583333333333334
11.6,99.07050876551412,1.651175146091902,99.07050876551412,0.6799913604604502,1.651175146091902,0.033686913709856436,0.014583333333333334,0.0,0.0,0.019103580376523103,0.014583333333333334,0.0,0.0,0.0,0.0,5.243067563314744,5.243067563314744,0.0,0.0,0.0,0.014583333333333334
11.616666666666667,99.14615515239575,1.6524359192065958,99.14615515239575,0.6799927094897622,1.6524359192065958,0.03371270260904587,0.014583333333333334,0.0,0.0,0.01912936927571254,0.014583333333333334,0.0,0.0,0.0,0.0,5.243067563314744,5.243067563314744,0.0,0.0,0.0,0.014583333333333334
11.633333333333333,99.21861540575094,1.653643590095849,99.21861540575094,0.6799938943811588,1.653643590095849,0.03373740008243975,0.014583333333333334,0.0,0.0,0.019154066749106417,0.014583333333333334,0.0,0.0,0.0,0.0,5.243067563314744,5.243067563314744,0.0,0.0,0.0,0.014583333333333334
11.65,99.28788524620931,1.6547980874368218,99.28788524620931,0.6799949289257744,1.6547980874368218,0.03376100533612689,0.014583333333333334,0.0,0.0,0.019177672002793553,0.014583333333333334,0.0,0.0,0.0,0.0,5.243067563314744,5.243067563314744,0.0,0.0,0.0,0.014583333333333334
11.666666666666666,99.35396058305528,1.6558993430509215,99.35396058305528,0.6799958263307175,1.6558993430509215,0.03378351761471358,0.014583333333333334,0.0,0.0,0.019200184281380244,0.014583333333333334,0.0,0.0,0.0,0.0,5.243067563314744,5.243067563314744,0.0,0.0,0.0,0.014583333333333334
11.683333333333334,99.41683751443765,1.656947291907294,99.41683751443765,0.6799965992151544,1.656947291907294,0.03380493620089168,0.014583333333333334,0.0,0.0,0.019221602867558345,0.014583333333333334,0.0,0.0,0.0,0.0,5.243067563314744,5.243067563314744,0.0,0.0,0.0,0.014583333333333334
11.7,99.4765123275694,1.6579418721261565,99.4765123275694,0.6799972596065682,1.6579418721261565,0.033825260415024594,0.014583333333333334,0.0,0.0,0.01924192708169126,0.014583333333333334,0.0,0.0,0.0,0.0,5.243067563314744,5.243067563314744,0.0,0.0,0.0,0.014583333333333334
11.716666666666667,99.53298149891793,1.6588830249819655,99.53298149891793,0.6799978189371966,1.6588830249819655,0.03384448961475174,0.014583333333333334,0.0,0.0,0.019261156281418407,0.014583333333333334,0.0,0.0,0.0,0.0,5.243067563314744,5.243067563314744,0.0,0.0,0.0,0.014583333333333334
11.733333333333333,99.58624169438556,1.659770694906426,99.58624169438556,0.6799982880406454,1.659770694906426,0.03386262319461153,0.014583333333333334,0.0,0.0,0.019279289861278196,0.014583333333333334,0.0,0.0,0.0,0.0,5.243067563314744,5.243067563314744,0.0,0.0,0.0,0.014583333333333334
11.75,99.63628976948043,1.6606048294913405,99.63628976948043,0.6799986771486822,1.6606048294913405,0.0338796605856833,0.014583333333333334,0.0,0.0,0.019296327252349966,0.014583333333333334,0.0,0.0,0.0,0.0,5.243067563314744,5.243067563314744,0.0,0.0,0.0,0.014583333333333334
11.766666666666666,99.68312276947748,1.6613853794912912,99.68312276947748,0.6799989958882078,1.6613853794912912,0.03389560125524834,0.014583333333333334,0.0,0.0,0.019312267921915007,0.014583333333333334,0.0,0.0,0.0,0.0,5.243067563314744,5.243067563314744,0.0,0.0,0.0,0.014583333333333334
11.783333333333333,99.72673792957002,1.662112298826167,99.72673792957002,0.6799992532784087,1.662112298826167,0.03391044470647023,0.014583333333333334,0.0,0.0,0.019327111373136894,0.014583333333333334,0.0,0.0,0.0,0.0,5.243067563314744,5.243067563314744,0.0,0.0,0.0,0.014583333333333334
11.8,99.76713267501137,1.6627855445835227,99.76713267501137,0.6799994577280896,1.6627855445835227,0.03392419047809486,0.014583333333333334,0.0,0.0,0.01934085714476153,0.014583333333333334,0.0,0.0,0.0,0.0,5.243067563314744,5.243067563314744,0.0,0.0,0.0,0.014583333333333334
11.816666666666666,99.80430462124681,1.6634050770207802,99.80430462124681,0.6799996170331873,1.6634050770207802,0.033936838144170124,0.014583333333333334,0.0,0.0,0.01935350481083679,0.014583333333333334,0.0,0.0,0.0,0.0,5.243067563314744,5.243067563314744,0.0,0.0,0.0,0.014583333333333334
11.833333333333334,99.83825157403585,1.6639708595672642,99.83825157403585,0.679999738374467,1.6639708595672642,0.03394838731378568,0.014583333333333334,0.0,0.0,0.019365053980452348,0.014583333333333334,0.0,0.0,0.0,0.0,5.243067563314744,5.243067563314744,0.0,0.0,0.0,0.014583333333333334
11.85,99.86897152956469,1.664482858826078,99.86897152956469,0.6799998283153994,1.664482858826078,0.033958837630832836,0.014583333333333334,0.0,0.0,0.019375504297499502,0.014583333333333334,0.0,0.0,0.0,0.0,5.243067563314744,5.243067563314744,0.0,0.0,0.0,0.014583333333333334
11.866666666666667,99.89646267454899,1.6649410445758164,99.89646267454899,0.6799998928002224,1.6649410445758164,0.03396818877378475,0.014583333333333334,0.0,0.0,0.019384855440451414,0.014583333333333334,0.0,0.0,0.0,0.0,5.243067563314744,5.243067563314744,0.0,0.0,0.0,0.014583333333333334
11.883333333333333,99.92072338632669,1.6653453897721113,99.92072338632669,0.6799999371521853,1.6653453897721113,0.033976440455497074,0.014583333333333334,0.0,0.0,0.01939310712216374,0.014583333333333334,0.0,0.0,0.0,0.0,5.243067563314744,5.243067563314744,0.0,0.0,0.0,0.014583333333333334
11.9,99.94175223294144,1.665695870549024,99.94175223294144,0.6799999660719763,1.665695870549024,0.03398359242302933,0.014583333333333334,0.0,0.0,0.019400259089695993,0.014583333333333334,0.0,0.0,0.0,0.0,5.243067563314744,5.243067563314744,0.0,0.0,0.0,0.014583333333333334
11.916666666666666,99.95954797321583,1.6659924662202639,99.95954797321583,0.6799999836363353,1.6659924662202639,0.03398964445748687,0.014583333333333334,0.0,0.0,0.019406311124153534,0.014583333333333334,0.0,0.0,0.0,0.0,5.243067563314744,5.243067563314744,0.0,0.0,0.0,0.014583333333333334
11.933333333333334,99.97410955681508,1.6662351592802513,99.97410955681508,0.6799999932968496,1.6662351592802513,0.03399459637388377,0.014583333333333334,0.0,0.0,0.01941126304055044,0.014583333333333334,0.0,0.0,0.0,0.0,5.243067563314744,5.243067563314744,0.0,0.0,0.0,0.014583333333333334
11.95,99.98543612430092,1.6664239354050152,99.98543612430092,0.6799999978789353,1.6664239354050152,0.033998448021026625,0.014583333333333334,0.0,0.0,0.019415114687693292,0.014583333333333334,0.0,0.0,0.0,0.0,5.243067563314744,5.243067563314744,0.0,0.0,0.0,0.014583333333333334
11.966666666666667,99.99352700717571,1.6665587834529285,99.99352700717571,0.6799999995810037,1.6665587834529285,0.034001199281419425,0.014583333333333334,0.0,0.0,0.01941786594808609,0.014583333333333334,0.0,0.0,0.0,0.0,5.243067563314744,5.243067563314744,0.0,0.0,0.0,0.014583333333333334
11.983333333333333,99.99838172791657,1.666639695465276,99.99838172791657,0.679999999973812,1.666639695465276,0.034002850071189375,0.014583333333333334,0.0,0.0,0.01941951673785604,0.014583333333333334,0.0,0.0,0.0,0.0,5.243067563314744,5.243067563314744,0.0,0.0,0.0,0.014583333333333334
12.0,100.0,1.6666666666666667,100.0,0.68,1.6666666666666667,0.034003400340034004,0.014583333333333334,0.0,0.0,0.01942006700670067,0.014583333333333334,0.0,0.0,0.0,0.0,5.243067563314744,5.243067563314744,0.0,0.0,0.0,0.014583333333333334
12.016666666666666,99.99838172791657,1.666639695465276,99.99838172791657,0.679999999973812,1.666639695465276,0.034002850071189375,0.014583333333333334,0.0,0.0,0.01941951673785604,0.014583333333333334,0.0,0.0,0.0,0.0,5.243067563314744,5.243067563314744,0.0,0.0,0.0,0.014583333333333334
12.033333333333333,99.99352700717571,1.6665587834529285,99.99352700717571,0.6799999995810037,1.6665587834529285,0.034001199281419425,0.014583333333333334,0.0,0.0,0.01941786594808609,0.014583333333333334,0.0,0.0,0.0,0.0,5.243067563314744,5.243067563314744,0.0,0.0,0.0,0.014583333333333334
12.05,99.98543612430092,1.6664239354050152,99.98543612430092,0.6799999978789353,1.6664239354050152,0.033998448021026625,0.014583333333333334,0.0,0.0,0.019415114687693292,0.014583333333333334,0.0,0.0,0.0,0.0,5.243067563314744,5.243067563314744,0.0,0.0,0.0,0.014583333333333334
12.066666666666666,99.97410955681508,1.6662351592802513,99.97410955681508,0.6799999932968496,1.6662351592802513,0.03399459637388377,0.014583333333333334,0.0,0.0,0.01941126304055044,0.014583333333333334,0.0,0.0,0.0,0.0,5.243067563314744,5.243067563314744,0.0,0.0,0.0,0.014583333333333334
12.083333333333334,99.95954797321583,1.6659924662202639,99.95954797321583,0.6799999836363353,1.6659924662202639,0.03398964445748687,0.014583333333333334,0.0,0.0,0.019406311124153534,0.014583333333333334,0.0,0.0,0.0,0.0,5.243067563314744,5.243067563314744,0.0,0.0,0.0,0.014583333333333334
12.1,99.94175223294144,1.665695870549024,99.94175223294144,0.6799999660719763,1.665695870549024,0.03398359242302933,0.014583333333333334,0.0,0.0,0.019400259089695993,0.014583333333333334,0.0,0.0,0.0,0.0,5.243067563314744,5.243067563314744,0.0,0.0,0.0,0.014583333333333334
12.116666666666667,99.92072338632669,1.6653453897721113,99.92072338632669,0.6799999371521853,1.6653453897721113,0.033976440455497074,0.014583333333333334,0.0,0.0,0.01939310712216374,0.014583333333333334,0.0,0.0,0.0,0.0,5.243067563314744,5.243067563314744,0.0,0.0,0.0,0.014583333333333334
12.133333333333333,99.89646267454899,1.6649410445758164,99.89646267454899,0.6799998928002224,1.6649410445758164,0.03396818877378475,0.014583333333333334,0.0,0.0,0.019384855440451414,0.014583333333333334,0.0,0.0,0.0,0.0,5.243067563314744,5.243067563314744,0.0,0.0,0.0,0.014583333333333334
12.15,99.86897152956469,1.664482858826078,99.86897152956469,0.6799998283153994,1.664482858826078,0.033958837630832836,0.014583333333333334,0.0,0.0,0.019375504297499502,0.014583333333333334,0.0,0.0,0.0,0.0,5.243067563314744,5.243067563314744,0.0,0.0,0.0,0.014583333333333334
12.166666666666666,99.83825157403585,1.6639708595672642,99.83825157403585,0.679999738374467,1.6639708595672642,0.03394838731378568,0.014583333333333334,0.0,0.0,0.019365053980452348,0.014583333333333334,0.0,0.0,0.0,0.0,5.243067563314744,5.243067563314744,0.0,0.0,0.0,0.014583333333333334
12.183333333333334,99.80430462124681,1.6634050770207802,99.80430462124681,0.6799996170331873,1.6634050770207802,0.033936838144170124,0.014583333333333334,0.0,0.0,0.01935350481083679,0.014583333333333334,0.0,0.0,0.0,0.0,5.243067563314744,5.243067563314744,0.0,0.0,0.0,0.014583333333333334
12.2,99.76713267501137,1.6627855445835227,99.76713267501137,0.6799994577280896,1.6627855445835227,0.03392419047809486,0.014583333333333334,0.0,0.0,0.01934085714476153,0.014583333333333334,0.0,0.0,0.0,0.0,5.243067563314744,5.243067563314744,0.0,0.0,0.0,0.014583333333333334
12.216666666666667,99.72673792957002,1.662112298826167,99.72673792957002,0.6799992532784087,1.662112298826167,0.03391044470647023,0.014583333333333334,0.0,0.0,0.019327111373136894,0.014583333333333334,0.0,0.0,0.0,0.0,5.243067563314744,5.243067563314744,0.0,0.0,0.0,0.014583333333333334
12.233333333333333,99.68312276947749,1.6613853794912916,99.68312276947749,0.6799989958882078,1.6613853794912916,0.03389560125524835,0.014583333333333334,0.0,0.0,0.019312267921915014,0.014583333333333334,0.0,0.0,0.0,0.0,5.243067563314744,5.243067563314744,0.0,0.0,0.0,0.014583333333333334
12.25,99.63628976948043,1.6606048294913405,99.63628976948043,0.6799986771486822,1.6606048294913405,0.0338796605856833,0.014583333333333334,0.0,0.0,0.019296327252349966,0.014583333333333334,0.0,0.0,0.0,0.0,5.243067563314744,5.243067563314744,0.0,0.0,0.0,0.014583333333333334
12.266666666666666,99.58624169438558,1.6597706949064264,99.58624169438558,0.6799982880406454,1.6597706949064264,0.03386262319461153,0.014583333333333334,0.0,0.0,0.019279289861278196,0.014583333333333334,0.0,0.0,0.0,0.0,5.243067563314744,5.243067563314744,0.0,0.0,0.0,0.014583333333333334
12.283333333333333,99.53298149891793,1.6588830249819655,99.53298149891793,0.6799978189371966,1.6588830249819655,0.03384448961475174,0.014583333333333334,0.0,0.0,0.019261156281418407,0.014583333333333334,0.0,0.0,0.0,0.0,5.243067563314744,5.243067563314744,0.0,0.0,0.0,0.014583333333333334
12.3,99.4765123275694,1.6579418721261565,99.4765123275694,0.6799972596065682,1.6579418721261565,0.033825260415024594,0.014583333333333334,0.0,0.0,0.01924192708169126,0.014583333333333334,0.0,0.0,0.0,0.0,5.243067563314744,5.243067563314744,0.0,0.0,0.0,0.014583333333333334
12.316666666666666,99.41683751443765,1.656947291907294,99.41683751443765,0.6799965992151544,1.656947291907294,0.03380493620089168,0.014583333333333334,0.0,0.0,0.019221602867558345,0.014583333333333334,0.0,0.0,0.0,0.0,5.243067563314744,5.243067563314744,0.0,0.0,0.0,0.014583333333333334
12.333333333333334,99.35396058305528,1.6558993430509215,99.35396058305528,0.6799958263307175,1.6558993430509215,0.03378351761471358,0.014583333333333334,0.0,0.0,0.019200184281380244,0.014583333333333334,0.0,0.0,0.0,0.0,5.243067563314744,5.243067563314744,0.0,0.0,0.0,0.014583333333333334
12.35,99.28788524620931,1.6547980874368218,99.28788524620931,0.6799949289257744,1.6547980874368218,0.03376100533612689,0.014583333333333334,0.0,0.0,0.019177672002793553,0.014583333333333334,0.0,0.0,0.0,0.0,5.243067563314744,5.243067563314744,0.0,0.0,0.0,0.014583333333333334
12.366666666666667,99.21861540575095,1.6536435900958493,99.21861540575095,0.6799938943811588,1.6536435900958493,0.03373740008243976,0.014583333333333334,0.0,0.0,0.019154066749106424,0.014583333333333334,0.0,0.0,0.0,0.0,5.243067563314744,5.243067563314744,0.0,0.0,0.0,0.014583333333333334
12.383333333333333,99.14615515239575,1.6524359192065958,99.14615515239575,0.6799927094897622,1.6524359192065958,0.03371270260904587,0.014583333333333334,0.0,0.0,0.01912936927571254,0.014583333333333334,0.0,0.0,0.0,0.0,5.243067563314744,5.243067563314744,0.0,0.0,0.0,0.014583333333333334
12.4,99.07050876551415,1.6511751460919024,99.07050876551415,0.6799913604604502,1.6511751460919024,0.03368691370985645,0.014583333333333334,0.0,0.0,0.019103580376523117,0.014583333333333334,0.0,0.0,0.0,0.0,5.243067563314744,5.243067563314744,0.0,0.0,0.0,0.014583333333333334
12.416666666666666,98.9916807129122,1.6498613452152033,98.9916807129122,0.6799898329221529,1.6498613452152033,0.03366003421774991,0.014583333333333334,0.0,0.0,0.019076700884416573,0.014583333333333334,0.0,0.0,0.0,0.0,5.243067563314744,5.243067563314744,0.0,0.0,0.0,0.014583333333333334
12.433333333333334,98.90967565060299,1.6484945941767164,98.90967565060299,0.6799881119281311,1.6484945941767164,0.033632065005039194,0.014583333333333334,0.0,0.0,0.01904873167170586,0.014583333333333334,0.0,0.0,0.0,0.0,5.243067563314744,5.243067563314744,0.0,0.0,0.0,0.014583333333333334
12.45,98.82449842256814,1.647074973709469,98.82449842256814,0.6799861819604146,1.647074973709469,0.033603006983955956,0.014583333333333334,0.0,0.0,0.019019673650622623,0.014583333333333334,0.0,0.0,0.0,0.0,5.243067563314744,5.243067563314744,0.0,0.0,0.0,0.014583333333333334
12.466666666666667,98.73615406050985,1.645602567675164,98.73615406050985,0.6799840269344124,1.645602567675164,0.03357286110715173,0.014583333333333334,0.0,0.0,0.018989527773818394,0.014583333333333334,0.0,0.0,0.0,0.0,5.243067563314744,5.243067563314744,0.0,0.0,0.0,0.014583333333333334
12.483333333333333,98.6446477835934,1.64407746305989,98.6446477835934,0.6799816302036948,1.64407746305989,0.033541628368215386,0.014583333333333334,0.0,0.0,0.018958295034882052,0.014583333333333334,0.0,0.0,0.0,0.0,5.243067563314744,5.243067563314744,0.0,0.0,0.0,0.014583333333333334
12.5,98.54998499818012,1.6424997499696687,98.54998499818012,0.679978974564945,1.6424997499696687,0.03350930980220684,0.014583333333333334,0.0,0.0,0.018925976468873503,0.014583333333333334,0.0,0.0,0.0,0.0,5.243067563314744,5.243067563314744,0.0,0.0,0.0,0.014583333333333334
12.516666666666666,98.45217129755063,1.640869521625844,98.45217129755063,0.6799760422630788,1.640869521625844,0.03347590648620621,0.014583333333333334,0.0,0.0,0.018892573152872873,0.014583333333333334,0.0,0.0,0.0,0.0,5.243067563314744,5.243067563314744,0.0,0.0,0.0,0.014583333333333334
12.533333333333333,98.35121246161887,1.6391868743603144,98.35121246161887,0.6799728149965328,1.6391868743603144,0.033441419539878524,0.014583333333333334,0.0,0.0,0.01885808620654519,0.014583333333333334,0.0,0.0,0.0,0.0,5.243067563314744,5.243067563314744,0.0,0.0,0.0,0.014583333333333334
12.55,98.24711445663637,1.637451907610606,98.24711445663637,0.6799692739227187,1.637451907610606,0.033405850126053245,0.014583333333333334,0.0,0.0,0.01882251679271991,0.014583333333333334,0.0,0.0,0.0,0.0,5.243067563314744,5.243067563314744,0.0,0.0,0.0,0.014583333333333334
12.566666666666666,98.13988343488714,1.6356647239147857,98.13988343488714,0.679965399663642,1.6356647239147857,0.03336919945131827,0.014583333333333334,0.0,0.0,0.018785866117984936,0.014583333333333334,0.0,0.0,0.0,0.0,5.243067563314744,5.243067563314744,0.0,0.0,0.0,0.014583333333333334
12.583333333333334,98.02952573437311,1.6338254289062184,98.02952573437311,0.6799611723116851,1.6338254289062184,0.03333146876662808,0.014583333333333334,0.0,0.0,0.01874813543329475,0.014583333333333334,0.0,0.0,0.0,0.0,5.243067563314744,5.243067563314744,0.0,0.0,0.0,0.014583333333333334
12.6,97.91604787849025,1.6319341313081708,97.91604787849025,0.6799565714355525,1.6319341313081708,0.03329265936792561,0.014583333333333334,0.0,0.0,0.018709326034592275,0.014583333333333334,0.0,0.0,0.0,0.0,5.243067563314744,5.243067563314744,0.0,0.0,0.0,0.014583333333333334
12.616666666666667,97.79945657569486,1.6299909429282478,97.79945657569486,0.6799515760863776,1.6299909429282478,0.033252772596777155,0.014583333333333334,0.0,0.0,0.018669439263443822,0.014583333333333334,0.0,0.0,0.0,0.0,5.243067563314744,5.243067563314744,0.0,0.0,0.0,0.014583333333333334
12.633333333333333,97.67975871916116,1.6279959786526859,97.67975871916116,0.679946164803987,1.6279959786526859,0.03321180984102032,0.014583333333333334,0.0,0.0,0.018628476507686984,0.014583333333333334,0.0,0.0,0.0,0.0,5.243067563314744,5.243067563314744,0.0,0.0,0.0,0.014583333333333334
12.65,97.55696138642878,1.6259493564404797,97.55696138642878,0.679940315623326,1.6259493564404797,0.033169772535424046,0.014583333333333334,0.0,0.0,0.018586439202090712,0.014583333333333334,0.0,0.0,0.0,0.0,5.243067563314744,5.243067563314744,0.0,0.0,0.0,0.014583333333333334
12.666666666666666,97.43107183904148,1.623851197317358,97.43107183904148,0.6799340060810384,1.623851197317358,0.033126662162360695,0.014583333333333334,0.0,0.0,0.018543328829027362,0.014583333333333334,0.0,0.0,0.0,0.0,5.243067563314744,5.243067563314744,0.0,0.0,0.0,0.014583333333333334
12.683333333333334,97.30209752217618,1.621701625369603,97.30209752217618,0.6799272132222016,1.621701625369603,0.03308248025248932,0.014583333333333334,0.0,0.0,0.018499146919155985,0.014583333333333334,0.0,0.0,0.0,0.0,5.243067563314744,5.243067563314744,0.0,0.0,0.0,0.014583333333333334
12.7,97.17004606426295,1.6195007677377158,97.17004606426295,0.6799199136072162,1.6195007677377158,0.033037228385449986,0.014583333333333334,0.0,0.0,0.018453895052116653,0.014583333333333334,0.0,0.0,0.0,0.0,5.243067563314744,5.243067563314744,0.0,0.0,0.0,0.014583333333333334
12.716666666666667,97.03492527659554,1.6172487546099257,97.03492527659554,0.6799120833188463,1.6172487546099257,0.03299090819056839,0.014583333333333334,0.0,0.0,0.018407574857235053,0.014583333333333334,0.0,0.0,0.0,0.0,5.243067563314744,5.243067563314744,0.0,0.0,0.0,0.014583333333333334
12.733333333333333,96.89674315293288,1.614945719215548,96.89674315293288,0.6799036979694114,1.614945719215548,0.03294352134757042,0.014583333333333334,0.0,0.0,0.018360188014237087,0.014583333333333334,0.0,0.0,0.0,0.0,5.243067563314744,5.243067563314744,0.0,0.0,0.0,0.014583333333333334
12.75,96.75550786909103,1.6125917978181838,96.75550786909103,0.6798947327081247,1.6125917978181838,0.03289506958730598,0.014583333333333334,0.0,0.0,0.018311736253972647,0.014583333333333334,0.0,0.0,0.0,0.0,5.243067563314744,5.243067563314744,0.0,0.0,0.0,0.014583333333333334
12.766666666666666,96.6112277825265,1.6101871297087749,96.6112277825265,0.6798851622285809,1.6101871297087749,0.03284555469248195,0.014583333333333334,0.0,0.0,0.01826222135914862,0.014583333333333334,0.0,0.0,0.0,0.0,5.243067563314744,5.243067563314744,0.0,0.0,0.0,0.014583333333333334
12.783333333333333,96.46391143190971,1.607731857198495,96.46391143190971,0.6798749607763862,1.607731857198495,0.03279497849840304,0.014583333333333334,0.0,0.0,0.01821164516506971,0.014583333333333334,0.0,0.0,0.0,0.0,5.243067563314744,5.243067563314744,0.0,0.0,0.0,0.014583333333333334
12.8,96.31356753669004,1.6052261256115008,96.31356753669004,0.6798641021569346,1.6052261256115008,0.032743342893720905,0.014583333333333334,0.0,0.0,0.01816000956038757,0.014583333333333334,0.0,0.0,0.0,0.0,5.243067563314744,5.243067563314744,0.0,0.0,0.0,0.014583333333333334
12.816666666666666,96.16020499665129,1.6026700832775214,96.16020499665129,0.6798525597433226,1.6026700832775214,0.032690649821190125,0.014583333333333334,0.0,0.0,0.01810731648785679,0.014583333333333334,0.0,0.0,0.0,0.0,5.243067563314744,5.243067563314744,0.0,0.0,0.0,0.014583333333333334
12.833333333333334,96.00383289145815,1.6000638815243025,96.00383289145815,0.6798403064844061,1.6000638815243025,0.03263690127843115,0.014583333333333334,0.0,0.0,0.018053567945097816,0.014583333333333334,0.0,0.0,0.0,0.0,5.243067563314744,5.243067563314744,0.0,0.0,0.0,0.014583333333333334
12.85,95.84446048019396,1.5974076746698993,95.84446048019396,0.6798273149129933,1.5974076746698993,0.03258209931869925,0.014583333333333334,0.0,0.0,0.017998765985365917,0.014583333333333334,0.0,0.0,0.0,0.0,5.243067563314744,5.243067563314744,0.0,0.0,0.0,0.014583333333333334
12.866666666666667,95.68209720088898,1.5947016200148163,95.68209720088898,0.6798135571541744,1.5947016200148163,0.032526246051659075,0.014583333333333334,0.0,0.0,0.01794291271832574,0.014583333333333334,0.0,0.0,0.0,0.0,5.243067563314744,5.243067563314744,0.0,0.0,0.0,0.014583333333333334
12.883333333333333,95.51675267004023,1.5919458778340039,95.51675267004023,0.6797990049337841,1.5919458778340039,0.032469343644164275,0.014583333333333334,0.0,0.0,0.01788601031083094,0.014583333333333334,0.0,0.0,0.0,0.0,5.243067563314744,5.243067563314744,0.0,0.0,0.0,0.014583333333333334
12.9,95.34843668212187,1.5891406113686979,95.34843668212187,0.6797836295869978,1.5891406113686979,0.03241139432104153,0.014583333333333334,0.0,0.0,0.017828060987708196,0.014583333333333334,0.0,0.0,0.0,0.0,5.243067563314744,5.243067563314744,0.0,0.0,0.0,0.014583333333333334
12.916666666666666,95.17715920908711,1.5862859868181185,95.17715920908711,0.6797674020670551,1.5862859868181185,0.03235240036587841,0.014583333333333334,0.0,0.0,0.017769067032545074,0.014583333333333334,0.0,0.0,0.0,0.0,5.243067563314744,5.243067563314744,0.0,0.0,0.0,0.014583333333333334
12.933333333333334,95.00293039986101,1.583382173331017,95.00293039986101,0.6797502929541137,1.583382173331017,0.032292364121814576,0.014583333333333334,0.0,0.0,0.017709030788481243,0.014583333333333334,0.0,0.0,0.0,0.0,5.243067563314744,5.243067563314744,0.0,0.0,0.0,0.014583333333333334
12.95,94.82576057982452,1.5804293429970753,94.82576057982452,0.6797322724642271,1.5804293429970753,0.032231287992335655,0.014583333333333334,0.0,0.0,0.017647954659002322,0.014583333333333334,0.0,0.0,0.0,0.0,5.243067563314744,5.243067563314744,0.0,0.0,0.0,0.014583333333333334
12.966666666666667,94.64566025028978,1.577427670838163,94.64566025028978,0.6797133104584467,1.577427670838163,0.032169174442069154,0.014583333333333334,0.0,0.0,0.01758584110873582,0.014583333333333334,0.0,0.0,0.0,0.0,5.243067563314744,5.243067563314744,0.0,0.0,0.0,0.014583333333333334
12.983333333333333,94.46264008796663,1.5743773347994439,94.46264008796663,0.6796933764520461,1.5743773347994439,0.03210602599758198,0.014583333333333334,0.0,0.0,0.017522692664248645,0.014583333333333334,0.0,0.0,0.0,0.0,5.243067563314744,5.243067563314744,0.0,0.0,0.0,0.014583333333333334
13.0,94.27671094442034,1.571278515740339,94.27671094442034,0.6796724396238629,1.571278515740339,0.032041845248178775,0.014583333333333334,0.0,0.0,0.017458511914845442,0.014583333333333334,0.0,0.0,0.0,0.0,5.243067563314744,5.243067563314744,0.0,0.0,0.0,0.014583333333333334
13.016666666666666,94.08788384552084,1.5681313974253472,94.08788384552084,0.6796504688257595,1.5681313974253472,0.03197663484670059,0.014583333333333334,0.0,0.0,0.017393301513367255,0.014583333333333334,0.0,0.0,0.0,0.0,5.243067563314744,5.243067563314744,0.0,0.0,0.0,0.014583333333333334
13.033333333333333,93.89616999088297,1.5649361665147161,93.89616999088297,0.679627432592198,1.5649361665147161,0.03191039751032323,0.014583333333333334,0.0,0.0,0.017327064176989895,0.014583333333333334,0.0,0.0,0.0,0.0,5.243067563314744,5.243067563314744,0.0,0.0,0.0,0.014583333333333334
13.049999999999999,93.70158075329876,1.5616930125549793,93.70158075329876,0.6796032991499279,1.5616930125549793,0.031843136021354745,0.014583333333333334,0.0,0.0,0.017259802688021412,0.014583333333333334,0.0,0.0,0.0,0.0,5.243067563314744,5.243067563314744,0.0,0.0,0.0,0.014583333333333334
13.066666666666666,93.50412767816026,1.5584021279693376,93.50412767816026,0.6795780364277836,1.5584021279693376,0.031774853228031266,0.014583333333333334,0.0,0.0,0.017191519894697933,0.014583333333333334,0.0,0.0,0.0,0.0,5.243067563314744,5.243067563314744,0.0,0.0,0.0,0.014583333333333334
13.083333333333334,93.30382248287476,1.5550637080479128,93.30382248287476,0.6795516120665915,1.5550637080479128,0.03170555204531085,0.014583333333333334,0.0,0.0,0.017122218711977517,0.014583333333333334,0.0,0.0,0.0,0.0,5.243067563314744,5.243067563314744,0.0,0.0,0.0,0.014583333333333334
13.1,93.10067705627098,1.5516779509378498,93.10067705627098,0.6795239934291813,1.5516779509378498,0.031635235455664476,0.014583333333333334,0.0,0.0,0.017051902122331142,0.014583333333333334,0.0,0.0,0.0,0.0,5.243067563314744,5.243067563314744,0.0,0.0,0.0,0.014583333333333334
13.116666666666667,92.89470345799683,1.5482450576332805,92.89470345799683,0.679495147610502,1.5482450576332805,0.03156390650986367,0.014583333333333334,0.0,0.0,0.016980573176530334,0.014583333333333334,0.0,0.0,0.0,0.0,5.243067563314744,5.243067563314744,0.0,0.0,0.0,0.014583333333333334
13.133333333333333,92.68591391790915,1.5447652319651524,92.68591391790915,0.6794650414478377,1.5447652319651524,0.03149156832776421,0.014583333333333334,0.0,0.0,0.016908234994430876,0.014583333333333334,0.0,0.0,0.0,0.0,5.243067563314744,5.243067563314744,0.0,0.0,0.0,0.014583333333333334
13.15,92.47432083545475,1.5412386805909124,92.47432083545475,0.6794336415311233,1.5412386805909124,0.03141822409908514,0.014583333333333334,0.0,0.0,0.016834890765751804,0.014583333333333334,0.0,0.0,0.0,0.0,5.243067563314744,5.243067563314744,0.0,0.0,0.0,0.014583333333333334
13.166666666666666,92.25993677904339,1.5376656129840565,92.25993677904339,0.679400914213356,1.5376656129840565,0.03134387708418267,0.014583333333333334,0.0,0.0,0.016760543750849333,0.014583333333333334,0.0,0.0,0.0,0.0,5.243067563314744,5.243067563314744,0.0,0.0,0.0,0.014583333333333334
13.183333333333334,92.04277448541224,1.5340462414235372,92.04277448541224,0.6793668256211,1.5340462414235372,0.03126853061481812,0.014583333333333334,0.0,0.0,0.01668519728148479,0.014583333333333334,0.0,0.0,0.0,0.0,5.243067563314744,5.243067563314744,0.0,0.0,0.0,0.014583333333333334
13.2,91.82284685898246,1.530380780983041,91.82284685898246,0.6793313416650835,1.530380780983041,0.03119218809491952,0.014583333333333334,0.0,0.0,0.016608854761586186,0.014583333333333334,0.0,0.0,0.0,0.0,5.243067563314744,5.243067563314744,0.0,0.0,0.0,0.014583333333333334
13.216666666666667,91.60016697120732,1.5266694495201218,91.60016697120732,0.6792944280508841,1.5266694495201218,0.031114853001336013,0.014583333333333334,0.0,0.0,0.01653151966800268,0.014583333333333334,0.0,0.0,0.0,0.0,5.243067563314744,5.243067563314744,0.0,0.0,0.0,0.014583333333333334
13.233333333333333,91.37474805991245,1.5229124676652075,91.37474805991245,0.6792560502897002,1.5229124676652075,0.031036528884584746,0.014583333333333334,0.0,0.0,0.016453195551251413,0.014583333333333334,0.0,0.0,0.0,0.0,5.243067563314744,5.243067563314744,0.0,0.0,0.0,0.014583333333333334
13.25,91.14660352862781,1.5191100588104633,91.14660352862781,0.679216173709207,1.5191100588104633,0.0309572193695893,0.014583333333333334,0.0,0.0,0.016373886036255968,0.014583333333333334,0.0,0.0,0.0,0.0,5.243067563314744,5.243067563314744,0.0,0.0,0.0,0.014583333333333334
13.266666666666666,90.91574694591186,1.5152624490985311,90.91574694591186,0.6791747634644929,1.5152624490985311,0.03087692815640933,0.014583333333333334,0.0,0.0,0.016293594823075998,0.014583333333333334,0.0,0.0,0.0,0.0,5.243067563314744,5.243067563314744,0.0,0.0,0.0,0.014583333333333334
13.283333333333333,90.68219204466756,1.511369867411126,90.68219204466756,0.6791317845490755,1.511369867411126,0.030795659020960625,0.014583333333333334,0.0,0.0,0.01621232568762729,0.014583333333333334,0.0,0.0,0.0,0.0,5.243067563314744,5.243067563314744,0.0,0.0,0.0,0.014583333333333334
13.299999999999999,90.44595272145055,1.5074325453575093,90.44595272145055,0.6790872018059925,1.5074325453575093,0.030713415815725047,0.014583333333333334,0.0,0.0,0.016130082482391714,0.014583333333333334,0.0,0.0,0.0,0.0,5.243067563314744,5.243067563314744,0.0,0.0,0.0,0.014583333333333334
13.316666666666666,90.20704303576956,1.503450717262826,90.20704303576956,0.6790409799389674,1.503450717262826,0.03063020247044983,0.014583333333333334,0.0,0.0,0.016046869137116497,0.014583333333333334,0.0,0.0,0.0,0.0,5.243067563314744,5.243067563314744,0.0,0.0,0.0,0.014583333333333334
13.333333333333334,89.96547720937876,1.4994246201563126,89.96547720937876,0.6789930835236451,1.4994246201563126,0.030546022992835434,0.014583333333333334,0.0,0.0,0.0159626896595021,0.014583333333333334,0.0,0.0,0.0,0.0,5.243067563314744,5.243067563314744,0.0,0.0,0.0,0.014583333333333334
13.35,89.72126962556268,1.4953544937593781,89.72126962556268,0.6789434770188962,1.4953544937593781,0.030460881469211627,0.014583333333333334,0.0,0.0,0.015877548135878293,0.014583333333333334,0.0,0.0,0.0,0.0,5.243067563314744,5.243067563314744,0.0,0.0,0.0,0.014583333333333334
13.366666666666667,89.47443482841301,1.4912405804735502,89.47443482841301,0.6788921247781868,1.4912405804735502,0.03037478206520088,0.014583333333333334,0.0,0.0,0.015791448731867545,0.014583333333333334,0.0,0.0,0.0,0.0,5.243067563314744,5.243067563314744,0.0,0.0,0.0,0.014583333333333334
13.383333333333333,89.2249875220983,1.487083125368305,89.2249875220983,0.6788389910610106,1.487083125368305,0.030287729026368875,0.014583333333333334,0.0,0.0,0.01570439569303554,0.014583333333333334,0.0,0.0,0.0,0.0,5.243067563314744,5.243067563314744,0.0,0.0,0.0,0.014583333333333334
13.4,88.97294257012533,1.4828823761687555,88.97294257012533,0.6787840400443825,1.4828823761687555,0.030199726678861134,0.014583333333333334,0.0,0.0,0.0156163933455278,0.014583333333333334,0.0,0.0,0.0,0.0,5.243067563314744,5.243067563314744,0.0,0.0,0.0,0.014583333333333334
13.416666666666666,88.71831499459375,1.4786385832432292,88.71831499459375,0.678727235834388,1.4786385832432292,0.03011077943002558,0.014583333333333334,0.0,0.0,0.015527446096692245,0.014583333333333334,0.0,0.0,0.0,0.0,5.243067563314744,5.243067563314744,0.0,0.0,0.0,0.014583333333333334
13.433333333333334,88.46111997544259,1.4743519995907097,88.46111997544259,0.6786685424777887,1.4743519995907097,0.030020891769020116,0.014583333333333334,0.0,0.0,0.015437558435686782,0.014583333333333334,0.0,0.0,0.0,0.0,5.243067563314744,5.243067563314744,0.0,0.0,0.0,0.014583333333333334
13.45,88.20137284968968,1.4700228808281612,88.20137284968968,0.6786079239736796,1.4700228808281612,0.029930068267404932,0.014583333333333334,0.0,0.0,0.015346734934071599,0.014583333333333334,0.0,0.0,0.0,0.0,5.243067563314744,5.243067563314744,0.0,0.0,0.0,0.014583333333333334
13.466666666666667,87.93908911066349,1.4656514851777247,87.93908911066349,0.6785453442851949,1.4656514851777247,0.029838313579718768,0.014583333333333334,0.0,0.0,0.015254980246385434,0.014583333333333334,0.0,0.0,0.0,0.0,5.243067563314744,5.243067563314744,0.0,0.0,0.0,0.014583333333333334
13.483333333333333,87.67428440722797,1.4612380734537995,87.67428440722797,0.6784807673512611,1.4612380734537995,0.029745632444038772,0.014583333333333334,0.0,0.0,0.015162299110705438,0.014583333333333334,0.0,0.0,0.0,0.0,5.243067563314744,5.243067563314744,0.0,0.0,0.0,0.014583333333333334
13.5,87.4069745429997,1.456782909049995,87.4069745429997,0.6784141570983935,1.456782909049995,0.029652029682523194,0.014583333333333334,0.0,0.0,0.01506869634918986,0.014583333333333334,0.0,0.0,0.0,0.0,5.243067563314744,5.243067563314744,0.0,0.0,0.0,0.014583333333333334
13.516666666666666,87.13717547555837,1.4522862579259728,87.13717547555837,0.6783454774525343,1.4522862579259728,0.029557510201936643,0.014583333333333334,0.0,0.0,0.01497417686860331,0.014583333333333334,0.0,0.0,0.0,0.0,5.243067563314744,5.243067563314744,0.0,0.0,0.0,0.014583333333333334
13.533333333333333,86.86490331564949,1.447748388594158,86.86490331564949,0.6782746923509277,1.447748388594158,0.029462078994157037,0.014583333333333334,0.0,0.0,0.014878745660823704,0.014583333333333334,0.0,0.0,0.0,0.0,5.243067563314744,5.243067563314744,0.0,0.0,0.0,0.014583333333333334
13.549999999999999,86.59017432638069,1.4431695721063449,86.59017432638069,0.6782017657540315,1.4431695721063449,0.029365741136664063,0.014583333333333334,0.0,0.0,0.01478240780333073,0.014583333333333334,0.0,0.0,0.0,0.0,5.243067563314744,5.243067563314744,0.0,0.0,0.0,0.014583333333333334
13.566666666666666,86.31300492241049,1.4385500820401746,86.31300492241049,0.6781266616574605,1.4385500820401746,0.02926850179300839,0.014583333333333334,0.0,0.0,0.014685168459675057,0.014583333333333334,0.0,0.0,0.0,0.0,5.243067563314744,5.243067563314744,0.0,0.0,0.0,0.014583333333333334
13.583333333333334,86.0334116691305,1.4338901944855083,86.0334116691305,0.6780493441039602,1.4338901944855083,0.029170366213261294,0.014583333333333334,0.0,0.0,0.01458703287992796,0.014583333333333334,0.0,0.0,0.0,0.0,5.243067563314744,5.243067563314744,0.0,0.0,0.0,0.014583333333333334
13.6,85.75141128184048,1.4291901880306745,85.75141128184048,0.6779697771954074,1.4291901880306745,0.02907133973444401,0.014583333333333334,0.0,0.0,0.014488006401110677,0.014583333333333334,0.0,0.0,0.0,0.0,5.243067563314744,5.243067563314744,0.0,0.0,0.0,0.014583333333333334
13.616666666666667,85.46702062491659,1.4244503437486098,85.46702062491659,0.6778879251048341,1.4244503437486098,0.028971427780936476,0.014583333333333334,0.0,0.0,0.014388094447603143,0.014583333333333334,0.0,0.0,0.0,0.0,5.243067563314744,5.243067563314744,0.0,0.0,0.0,0.014583333333333334
13.633333333333333,85.18025671097324,1.4196709451828873,85.18025671097324,0.6778037520884735,1.4196709451828873,0.028870635864865008,0.014583333333333334,0.0,0.0,0.014287302531531675,0.014583333333333334,0.0,0.0,0.0,0.0,5.243067563314744,5.243067563314744,0.0,0.0,0.0,0.014583333333333334
13.65,84.89113670001768,1.414852278333628,84.89113670001768,0.6777172224978245,1.414852278333628,0.028768969586468206,0.014583333333333334,0.0,0.0,0.014185636253134872,0.014583333333333334,0.0,0.0,0.0,0.0,5.243067563314744,5.243067563314744,0.0,0.0,0.0,0.014583333333333334
13.666666666666666,84.59967789859859,1.4099946316433098,84.59967789859859,0.677628300791731,1.4099946316433098,0.028666434634441004,0.014583333333333334,0.0,0.0,0.01408310130110767,0.014583333333333334,0.0,0.0,0.0,0.0,5.243067563314744,5.243067563314744,0.0,0.0,0.0,0.014583333333333334
13.683333333333334,84.30589775894747,1.4050982959824578,84.30589775894747,0.6775369515484739,1.4050982959824578,0.02856303678625592,0.014583333333333334,0.0,0.0,0.013979703452922588,0.014583333333333334,0.0,0.0,0.0,0.0,5.243067563314744,5.243067563314744,0.0,0.0,0.0,0.014583333333333334
13.7,84.00981387811429,1.4001635646352382,84.00981387811429,0.6774431394778746,1.4001635646352382,0.02845878190846168,0.014583333333333334,0.0,0.0,0.013875448575128346,0.014583333333333334,0.0,0.0,0.0,0.0,5.243067563314744,5.243067563314744,0.0,0.0,0.0,0.014583333333333334
13.716666666666667,83.71144399709594,1.3951907332849323,83.71144399709594,0.6773468294334026,1.3951907332849323,0.028353675956958087,0.014583333333333334,0.0,0.0,0.013770342623624754,0.014583333333333334,0.0,0.0,0.0,0.0,5.243067563314744,5.243067563314744,0.0,0.0,0.0,0.014583333333333334
13.733333333333333,83.41080599995912,1.3901800999993188,83.41080599995912,0.6772479864242902,1.3901800999993188,0.028247724977247434,0.014583333333333334,0.0,0.0,0.0136643916439141,0.014583333333333334,0.0,0.0,0.0,0.0,5.243067563314744,5.243067563314744,0.0,0.0,0.0,0.014583333333333334
13.75,83.10791791295617,1.3851319652159362,83.10791791295617,0.6771465756276458,1.3851319652159362,0.02814093510466134,0.014583333333333334,0.0,0.0,0.013557601771328007,0.014583333333333334,0.0,0.0,0.0,0.0,5.243067563314744,5.243067563314744,0.0,0.0,0.0,0.014583333333333334
13.766666666666666,82.80279790363551,1.3800466317272584,82.80279790363551,0.677042562400568,1.3800466317272584,0.028033312564563338,0.014583333333333334,0.0,0.0,0.013449979231230005,0.014583333333333334,0.0,0.0,0.0,0.0,5.243067563314744,5.243067563314744,0.0,0.0,0.0,0.014583333333333334
13.783333333333333,82.49546427994514,1.3749244046657523,82.49546427994514,0.6769359122922533,1.3749244046657523,0.02792486367252608,0.014583333333333334,0.0,0.0,0.013341530339192748,0.014583333333333334,0.0,0.0,0.0,0.0,5.243067563314744,5.243067563314744,0.0,0.0,0.0,0.014583333333333334
13.799999999999999,82.18593548933104,1.3697655914888507,82.18593548933104,0.6768265910560973,1.3697655914888507,0.02781559483448358,0.014583333333333334,0.0,0.0,0.013232261501150245,0.014583333333333334,0.0,0.0,0.0,0.0,5.243067563314744,5.243067563314744,0.0,0.0,0.0,0.014583333333333334
13.816666666666666,81.87423011782836,1.364570501963806,81.87423011782836,0.6767145646617856,1.364570501963806,0.027705512546857224,0.014583333333333334,0.0,0.0,0.01312217921352389,0.014583333333333334,0.0,0.0,0.0,0.0,5.243067563314744,5.243067563314744,0.0,0.0,0.0,0.014583333333333334
13.833333333333334,81.56036688914816,1.3593394481524692,81.56036688914816,0.6765997993073718,1.3593394481524692,0.027594623396656297,0.014583333333333334,0.0,0.0,0.013011290063322963,0.014583333333333334,0.0,0.0,0.0,0.0,5.243067563314744,5.243067563314744,0.0,0.0,0.0,0.014583333333333334
13.85,81.24436466375693,1.3540727443959488,81.24436466375693,0.6764822614313387,1.3540727443959488,0.02748293406155147,0.014583333333333334,0.0,0.0,0.012899600728218136,0.014583333333333334,0.0,0.0,0.0,0.0,5.243067563314744,5.243067563314744,0.0,0.0,0.0,0.014583333333333334
13.866666666666667,80.92624243795153,1.3487707072991921,80.92624243795153,0.676361917724642,1.3487707072991921,0.0273704513099221,0.014583333333333334,0.0,0.0,0.012787117976588765,0.014583333333333334,0.0,0.0,0.0,0.0,5.243067563314744,5.243067563314744,0.0,0.0,0.0,0.014583333333333334
13.883333333333333,80.60601934292751,1.3434336557154585,80.60601934292751,0.676238735142731,1.3434336557154585,0.027257182000876,0.014583333333333334,0.0,0.0,0.012673848667542665,0.014583333333333334,0.0,0.0,0.0,0.0,5.243067563314744,5.243067563314744,0.0,0.0,0.0,0.014583333333333334
13.9,80.2837146438427,1.3380619107307117,80.2837146438427,0.6761126809175458,1.3380619107307117,0.027143133084242283,0.014583333333333334,0.0,0.0,0.01255979975090895,0.014583333333333334,0.0,0.0,0.0,0.0,5.243067563314744,5.243067563314744,0.0,0.0,0.0,0.014583333333333334
13.916666666666666,79.95934773887453,1.3326557956479088,79.95934773887453,0.6759837225694865,1.3326557956479088,0.02702831160053628,0.014583333333333334,0.0,0.0,0.012444978267202946,0.014583333333333334,0.0,0.0,0.0,0.0,5.243067563314744,5.243067563314744,0.0,0.0,0.0,0.014583333333333334
13.933333333333334,79.63293815827241,1.3272156359712068,79.63293815827241,0.6758518279193525,1.3272156359712068,0.02691272468089667,0.014583333333333334,0.0,0.0,0.012329391347563338,0.014583333333333334,0.0,0.0,0.0,0.0,5.243067563314744,5.243067563314744,0.0,0.0,0.0,0.014583333333333334
13.95,79.30450556340472,1.3217417593900787,79.30450556340472,0.6757169651002486,1.3217417593900787,0.026796379546994507,0.014583333333333334,0.0,0.0,0.012213046213661174,0.014583333333333334,0.0,0.0,0.0,0.0,5.243067563314744,5.243067563314744,0.0,0.0,0.0,0.014583333333333334
13.966666666666667,78.97406974580024,1.3162344957633372,78.97406974580024,0.6755791025694553,1.3162344957633372,0.02667928351091374,0.014583333333333334,0.0,0.0,0.012095950177580406,0.014583333333333334,0.0,0.0,0.0,0.0,5.243067563314744,5.243067563314744,0.0,0.0,0.0,0.014583333333333334
13.983333333333333,78.64165062618488,1.3106941771030813,78.64165062618488,0.6754382091202605,1.3106941771030813,0.026561443975003266,0.014583333333333334,0.0,0.0,0.011978110641669933,0.014583333333333334,0.0,0.0,0.0,0.0,5.243067563314744,5.243067563314744,0.0,0.0,0.0,0.014583333333333334
14.0,78.30726825351272,1.3051211375585452,78.30726825351272,0.6752942538937495,1.3051211375585452,0.02644286843169996,0.014583333333333334,0.0,0.0,0.011859535098366625,0.014583333333333334,0.0,0.0,0.0,0.0,5.243067563314744,5.243067563314744,0.0,0.0,0.0,0.014583333333333334
14.016666666666666,77.97094280399276,1.2995157133998791,77.97094280399276,0.6751472063905505,1.2995157133998791,0.026323564463322884,0.014583333333333334,0.0,0.0,0.01174023112998955,0.014583333333333334,0.0,0.0,0.0,0.0,5.243067563314744,5.243067563314744,0.0,0.0,0.0,0.014583333333333334
14.033333333333333,77.63269458011008,1.2938782430018347,77.63269458011008,0.6749970364825337,1.2938782430018347,0.02620353974183817,0.014583333333333334,0.0,0.0,0.011620206408504835,0.014583333333333334,0.0,0.0,0.0,0.0,5.243067563314744,5.243067563314744,0.0,0.0,0.0,0.014583333333333334
14.049999999999999,77.29254400964255,1.2882090668273758,77.29254400964255,0.6748437144244599,1.2882090668273758,0.02608280202859447,0.014583333333333334,0.0,0.0,0.011499468695261136,0.014583333333333334,0.0,0.0,0.0,0.0,5.243067563314744,5.243067563314744,0.0,0.0,0.0,0.014583333333333334
14.066666666666666,76.95051164467286,1.2825085274112142,76.95051164467286,0.6746872108655765,1.2825085274112142,0.0259613591740291,0.014583333333333334,0.0,0.0,0.011378025840695766,0.014583333333333334,0.0,0.0,0.0,0.0,5.243067563314744,5.243067563314744,0.0,0.0,0.0,0.014583333333333334
14.083333333333334,76.60661816059549,1.276776969343258,76.60661816059549,0.6745274968611582,1.276776969343258,0.025839219117344246,0.014583333333333334,0.0,0.0,0.011255885784010912,0.014583333333333334,0.0,0.0,0.0,0.0,5.243067563314744,5.243067563314744,0.0,0.0,0.0,0.014583333333333334
14.1,76.26088435511974,1.2710147392519957,76.26088435511974,0.67436454388399,1.2710147392519957,0.025716389886153632,0.014583333333333334,0.0,0.0,0.011133056552820299,0.014583333333333334,0.0,0.0,0.0,0.0,5.243067563314744,5.243067563314744,0.0,0.0,0.0,0.014583333333333334
14.116666666666667,75.9133311472676,1.2652221857877932,75.9133311472676,0.6741983238357881,1.2652221857877932,0.025592879596099082,0.014583333333333334,0.0,0.0,0.011009546262765749,0.014583333333333334,0.0,0.0,0.0,0.0,5.243067563314744,5.243067563314744,0.0,0.0,0.0,0.014583333333333334
14.133333333333333,75.56397957636793,1.259399659606132,75.56397957636793,0.6740288090585584,1.259399659606132,0.0254686964504373,0.014583333333333334,0.0,0.0,0.010885363117103967,0.014583333333333334,0.0,0.0,0.0,0.0,5.243067563314744,5.243067563314744,0.0,0.0,0.0,0.014583333333333334
14.15,75.21285080104573,1.253547513350762,75.21285080104573,0.6738559723458879,1.253547513350762,0.025343848739596393,0.014583333333333334,0.0,0.0,0.01076051540626306,0.014583333333333334,0.0,0.0,0.0,0.0,5.243067563314744,5.243067563314744,0.0,0.0,0.0,0.014583333333333334
14.166666666666666,74.8599660982079,1.2476661016367985,74.8599660982079,0.6736797869541675,1.2476661016367985,0.025218344840702525,0.014583333333333334,0.0,0.0,0.010635011507369192,0.014583333333333334,0.0,0.0,0.0,0.0,5.243067563314744,5.243067563314744,0.0,0.0,0.0,0.014583333333333334
14.183333333333334,74.50534686202417,1.241755781033736,74.50534686202417,0.6735002266137431,1.241755781033736,0.025092193217076116,0.014583333333333334,0.0,0.0,0.010508859883742783,0.014583333333333334,0.0,0.0,0.0,0.0,5.243067563314744,5.243067563314744,0.0,0.0,0.0,0.014583333333333334
14.2,74.1490146029048,1.2358169100484133,74.1490146029048,0.6733172655399917,1.2358169100484133,0.02496540241769816,0.014583333333333334,0.0,0.0,0.010382069084364825,0.014583333333333334,0.0,0.0,0.0,0.0,5.243067563314744,5.243067563314744,0.0,0.0,0.0,0.014583333333333334
14.216666666666667,73.79099094647376,1.229849849107896,73.79099094647376,0.6731308784443218,1.229849849107896,0.024837981076646105,0.014583333333333334,0.0,0.0,0.010254647743312771,0.014583333333333334,0.0,0.0,0.0,0.0,5.243067563314744,5.243067563314744,0.0,0.0,0.0,0.014583333333333334
14.233333333333333,73.43129763253866,1.223854960542311,73.43129763253866,0.6729410405450926,1.223854960542311,0.02470993791249973,0.014583333333333334,0.0,0.0,0.010126604579166396,0.014583333333333334,0.0,0.0,0.0,0.0,5.243067563314744,5.243067563314744,0.0,0.0,0.0,0.014583333333333334
14.25,73.06995651405653,1.2178326085676088,73.06995651405653,0.672747727578452,1.2178326085676088,0.024581281727716692,0.014583333333333334,0.0,0.0,0.009997948394383359,0.014583333333333334,0.0,0.0,0.0,0.0,5.243067563314744,5.243067563314744,0.0,0.0,0.0,0.014583333333333334
14.266666666666666,72.70698955609647,1.2117831592682746,72.70698955609647,0.6725509158090898,1.2117831592682746,0.0244520214079781,0.014583333333333334,0.0,0.0,0.009868688074644767,0.014583333333333334,0.0,0.0,0.0,0.0,5.243067563314744,5.243067563314744,0.0,0.0,0.0,0.014583333333333334
14.283333333333333,72.34241883479827,1.2057069805799712,72.34241883479827,0.6723505820409028,1.2057069805799712,0.024322165921503842,0.014583333333333334,0.0,0.0,0.009738832588170508,0.014583333333333334,0.0,0.0,0.0,0.0,5.243067563314744,5.243067563314744,0.0,0.0,0.0,0.014583333333333334
14.299999999999999,71.9762665363286,1.1996044422721432,71.9762665363286,0.6721467036275711,1.1996044422721432,0.024191724318338197,0.014583333333333334,0.0,0.0,0.009608390985004864,0.014583333333333334,0.0,0.0,0.0,0.0,5.243067563314744,5.243067563314744,0.0,0.0,0.0,0.014583333333333334
14.316666666666666,71.6085549558325,1.1934759159305417,71.6085549558325,0.6719392584830403,1.1934759159305417,0.024060705729605027,0.014583333333333334,0.0,0.0,0.009477372396271694,0.014583333333333334,0.0,0.0,0.0,0.0,5.243067563314744,5.243067563314744,0.0,0.0,0.0,0.014583333333333334
14.333333333333334,71.23930649638348,1.1873217749397247,71.23930649638348,0.6717282250919103,1.1873217749397247,0.02392911936673381,0.014583333333333334,0.0,0.0,0.009345786033400475,0.014583333333333334,0.0,0.0,0.0,0.0,5.243067563314744,5.243067563314744,0.0,0.0,0.0,0.014583333333333334
14.35,70.86854366792912,1.1811423944654853,70.86854366792912,0.6715135825197265,1.1811423944654853,0.023796974520655444,0.014583333333333334,0.0,0.0,0.00921364118732211,0.014583333333333334,0.0,0.0,0.0,0.0,5.243067563314744,5.243067563314744,0.0,0.0,0.0,0.014583333333333334
14.366666666666667,70.49628908623433,1.1749381514372388,70.49628908623433,0.6712953104231695,1.1749381514372388,0.023664280560968684,0.014583333333333334,0.0,0.0,0.00908094722763535,0.014583333333333334,0.0,0.0,0.0,0.0,5.243067563314744,5.243067563314744,0.0,0.0,0.0,0.014583333333333334
14.383333333333333,70.12256547182206,1.1687094245303675,70.12256547182206,0.6710733890601445,1.1687094245303675,0.023531046935077255,0.014583333333333334,0.0,0.0,0.008947713601743922,0.014583333333333334,0.0,0.0,0.0,0.0,5.243067563314744,5.243067563314744,0.0,0.0,0.0,0.014583333333333334
14.4,69.74739564891078,1.162456594148513,69.74739564891078,0.6708477992997647,1.162456594148513,0.023397283167297618,0.014583333333333334,0.0,0.0,0.008813949833964285,0.014583333333333334,0.0,0.0,0.0,0.0,5.243067563314744,5.243067563314744,0.0,0.0,0.0,0.014583333333333334
14.416666666666666,69.37080254434983,1.1561800424058304,69.37080254434983,0.670618522632228,1.1561800424058304,0.023262998857937738,0.014583333333333334,0.0,0.0,0.008679665524604405,0.014583333333333334,0.0,0.0,0.0,0.0,5.243067563314744,5.243067563314744,0.0,0.0,0.0,0.014583333333333334
14.433333333333334,68.99280918655185,1.1498801531091976,68.99280918655185,0.6703855411785842,1.1498801531091976,0.023128203682346915,0.014583333333333334,0.0,0.0,0.008544870349013581,0.014583333333333334,0.0,0.0,0.0,0.0,5.243067563314744,5.243067563314744,0.0,0.0,0.0,0.014583333333333334
14.45,68.61343870442363,1.1435573117403939,68.61343870442363,0.6701488377003904,1.1435573117403939,0.022992907389937235,0.014583333333333334,0.0,0.0,0.008409574056603902,0.014583333333333334,0.0,0.0,0.0,0.0,5.243067563314744,5.243067563314744,0.0,0.0,0.0,0.014583333333333334
14.466666666666667,68.23271432629352,1.1372119054382253,68.23271432629352,0.6699083956092513,1.1372119054382253,0.022857119803176153,0.014583333333333334,0.0,0.0,0.00827378646984282,0.014583333333333334,0.0,0.0,0.0,0.0,5.243067563314744,5.243067563314744,0.0,0.0,0.0,0.014583333333333334
14.483333333333333,67.85065937883832,1.1308443229806386,67.85065937883832,0.6696641989762453,1.1308443229806386,0.022720850816551567,0.014583333333333334,0.0,0.0,0.008137517483218233,0.014583333333333334,0.0,0.0,0.0,0.0,5.243067563314744,5.243067563314744,0.0,0.0,0.0,0.014583333333333334
14.5,67.4672972860066,1.1244549547667766,67.4672972860066,0.6694162325412293,1.1244549547667766,0.022584110395508374,0.014583333333333334,0.0,0.0,0.00800077706217504,0.014583333333333334,0.0,0.0,0.0,0.0,5.243067563314744,5.243067563314744,0.0,0.0,0.0,0.014583333333333334
14.516666666666666,67.0826515679415,1.118044192799025,67.0826515679415,0.6691644817220246,1.118044192799025,0.022446908575357902,0.014583333333333334,0.0,0.0,0.007863575242024568,0.014583333333333334,0.0,0.0,0.0,0.0,5.243067563314744,5.243067563314744,0.0,0.0,0.0,0.014583333333333334
14.533333333333333,66.69674583990087,1.1116124306650146,66.69674583990087,0.6689089326234785,1.1116124306650146,0.022309255460159775,0.014583333333333334,0.0,0.0,0.007725922126826441,0.014583333333333334,0.0,0.0,0.0,0.0,5.243067563314744,5.243067563314744,0.0,0.0,0.0,0.014583333333333334
14.549999999999999,66.30960381117653,1.1051600635196088,66.30960381117653,0.6686495720464012,1.1051600635196088,0.02217116122157696,0.014583333333333334,0.0,0.0,0.007587827888243626,0.014583333333333334,0.0,0.0,0.0,0.0,5.243067563314744,5.243067563314744,0.0,0.0,0.0,0.014583333333333334
14.566666666666666,65.92124928401142,1.0986874880668571,65.92124928401142,0.6683863874963751,1.0986874880668571,0.02203263609770397,0.014583333333333334,0.0,0.0,0.007449302764370638,0.014583333333333334,0.0,0.0,0.0,0.0,5.243067563314744,5.243067563314744,0.0,0.0,0.0,0.014583333333333334
14.583333333333334,65.53170615251612,1.0921951025419354,65.53170615251612,0.6681193671924351,1.0921951025419354,0.021893690391869027,0.014583333333333334,0.0,0.0,0.007310357058535694,0.014583333333333334,0.0,0.0,0.0,0.0,5.243067563314744,5.243067563314744,0.0,0.0,0.0,0.014583333333333334
14.6,65.14099840158364,1.0856833066930607,65.14099840158364,0.6678485000756161,1.0856833066930607,0.021754334471410015,0.014583333333333334,0.0,0.0,0.007171001138076682,0.014583333333333334,0.0,0.0,0.0,0.0,5.243067563314744,5.243067563314744,0.0,0.0,0.0,0.014583333333333334
14.616666666666667,64.74915010580334,1.079152501763389,64.74915010580334,0.6675737758173682,1.079152501763389,0.021614578766424985,0.014583333333333334,0.0,0.0,0.007031245433091651,0.014583333333333334,0.0,0.0,0.0,0.0,5.243067563314744,5.243067563314744,0.0,0.0,0.0,0.014583333333333334
14.633333333333333,64.35618542837413,1.0726030904729023,64.35618542837413,0.6672951848278356,1.0726030904729023,0.02147443376849754,0.014583333333333334,0.0,0.0,0.0068911004351642074,0.014583333333333334,0.0,0.0,0.0,0.0,5.243067563314744,5.243067563314744,0.0,0.0,0.0,0.014583333333333334
14.65,63.96212862001674,1.0660354770002791,63.96212862001674,0.6670127182639979,1.0660354770002791,0.02133391002939735,0.014583333333333334,0.0,0.0,0.006750576696064017,0.014583333333333334,0.0,0.0,0.0,0.0,5.243067563314744,5.243067563314744,0.0,0.0,0.0,0.014583333333333334
14.666666666666666,63.567004017885274,1.0594500669647546,63.567004017885274,0.6667263680376722,1.0594500669647546,0.021193018159756362,0.014583333333333334,0.0,0.0,0.006609684826423028,0.014583333333333334,0.0,0.0,0.0,0.0,5.243067563314744,5.243067563314744,0.0,0.0,0.0,0.014583333333333334
14.683333333333334,63.17083604447862,1.052847267407977,63.17083604447862,0.6664361268233733,1.052847267407977,0.02105176882772111,0.014583333333333334,0.0,0.0,0.006468435494387775,0.014583333333333334,0.0,0.0,0.0,0.0,5.243067563314744,5.243067563314744,0.0,0.0,0.0,0.014583333333333334
14.7,62.77364920655114,1.0462274867758523,62.77364920655114,0.666141988066031,1.0462274867758523,0.02091017275758156,0.014583333333333334,0.0,0.0,0.006326839424248228,0.014583333333333334,0.0,0.0,0.0,0.0,5.243067563314744,5.243067563314744,0.0,0.0,0.0,0.014583333333333334
14.716666666666667,62.37546809402373,1.0395911349003955,62.37546809402373,0.6658439459885618,1.0395911349003955,0.020768240728377033,0.014583333333333334,0.0,0.0,0.006184907395043699,0.014583333333333334,0.0,0.0,0.0,0.0,5.243067563314744,5.243067563314744,0.0,0.0,0.0,0.014583333333333334
14.733333333333333,61.97631737889415,1.0329386229815691,61.97631737889415,0.6655419955992942,1.0329386229815691,0.020625983572479464,0.014583333333333334,0.0,0.0,0.00604265023914613,0.014583333333333334,0.0,0.0,0.0,0.0,5.243067563314744,5.243067563314744,0.0,0.0,0.0,0.014583333333333334
14.75,61.57622181414829,1.0262703635691381,61.57622181414829,0.6652361326992448,1.0262703635691381,0.020483412174154857,0.014583333333333334,0.0,0.0,0.005900078840821523,0.014583333333333334,0.0,0.0,0.0,0.0,5.243067563314744,5.243067563314744,0.0,0.0,0.0,0.014583333333333334
14.766666666666666,61.17520623267121,1.01958677054452,61.17520623267121,0.6649263538892439,1.01958677054452,0.020340537468103118,0.014583333333333334,0.0,0.0,0.005757204134769784,0.014583333333333334,0.0,0.0,0.0,0.0,5.243067563314744,5.243067563314744,0.0,0.0,0.0,0.014583333333333334
14.783333333333333,60.773295546158664,1.0128882591026445,60.773295546158664,0.6646126565769099,1.0128882591026445,0.020197370437976894,0.014583333333333334,0.0,0.0,0.00561403710464356,0.014583333333333334,0.0,0.0,0.0,0.0,5.243067563314744,5.243067563314744,0.0,0.0,0.0,0.014583333333333334
14.799999999999999,60.37051474402977,1.0061752457338295,60.37051474402977,0.6642950389834684,1.0061752457338295,0.020053922114880145,0.014583333333333334,0.0,0.0,0.005470588781546812,0.014583333333333334,0.0,0.0,0.0,0.0,5.243067563314744,5.243067563314744,0.0,0.0,0.0,0.014583333333333334
14.816666666666666,59.96688889233969,0.9994481482056615,59.96688889233969,0.6639735001504173,0.9994481482056615,0.01991020357584657,0.014583333333333334,0.0,0.0,0.005326870242513236,0.014583333333333334,0.0,0.0,0.0,0.0,5.243067563314744,5.243067563314744,0.0,0.0,0.0,0.014583333333333334
14.833333333333334,59.5624431326941,0.9927073855449017,59.5624431326941,0.663648039946034,0.9927073855449017,0.019766225942299008,0.014583333333333334,0.0,0.0,0.0051828926089656745,0.014583333333333334,0.0,0.0,0.0,0.0,5.243067563314744,5.243067563314744,0.0,0.0,0.0,0.014583333333333334
14.85,59.15720268116429,0.9859533780194049,59.15720268116429,0.6633186590717252,0.9859533780194049,0.01962200037848993,0.014583333333333334,0.0,0.0,0.005038667045156597,0.014583333333333334,0.0,0.0,0.0,0.0,5.243067563314744,5.243067563314744,0.0,0.0,0.0,0.014583333333333334
14.866666666666667,58.751192827203646,0.9791865471200607,58.751192827203646,0.6629853590682147,0.9791865471200607,0.019477538089923755,0.014583333333333334,0.0,0.0,0.0048942047565904215,0.014583333333333334,0.0,0.0,0.0,0.0,5.243067563314744,5.243067563314744,0.0,0.0,0.0,0.014583333333333334
14.883333333333333,58.344438932565964,0.972407315542766,58.344438932565964,0.6626481423215728,0.972407315542766,0.019332850321761817,0.014583333333333334,0.0,0.0,0.004749516988428484,0.014583333333333334,0.0,0.0,0.0,0.0,5.243067563314744,5.243067563314744,0.0,0.0,0.0,0.014583333333333334
14.9,57.93696643022491,0.9656161071704152,57.93696643022491,0.6623070120690798,0.9656161071704152,0.019187948357210147,0.014583333333333334,0.0,0.0,0.004604615023876813,0.014583333333333334,0.0,0.0,0.0,0.0,5.243067563314744,5.243067563314744,0.0,0.0,0.0,0.014583333333333334
14.916666666666666,57.528800823296244,0.9588133470549374,57.528800823296244,0.6619619724049276,0.9588133470549374,0.019042843515891295,0.014583333333333334,0.0,0.0,0.004459510182557962,0.014583333333333334,0.0,0.0,0.0,0.0,5.243067563314744,5.243067563314744,0.0,0.0,0.0,0.014583333333333334
14.933333333333334,57.11996768396074,0.9519994613993457,57.11996768396074,0.6616130282857543,0.9519994613993457,0.018897547152200062,0.014583333333333334,0.0,0.0,0.004314213818866729,0.014583333333333334,0.0,0.0,0.0,0.0,5.243067563314744,5.243067563314744,0.0,0.0,0.0,0.014583333333333334
14.95,56.710492652391174,0.9451748775398529,56.710492652391174,0.6612601855360133,0.9451748775398529,0.018752070653644818,0.014583333333333334,0.0,0.0,0.004168737320311484,0.014583333333333334,0.0,0.0,0.0,0.0,5.243067563314744,5.243067563314744,0.0,0.0,0.0,0.014583333333333334
14.966666666666667,56.30040143567984,0.9383400239279973,56.30040143567984,0.6609034508531727,0.9383400239279973,0.01860642543917378,0.014583333333333334,0.0,0.0,0.0040230921058404465,0.014583333333333334,0.0,0.0,0.0,0.0,5.243067563314744,5.243067563314744,0.0,0.0,0.0,0.014583333333333334
14.983333333333333,55.88971980677061,0.9314953301128435,55.88971980677061,0.660542831812748,0.9314953301128435,0.018460622957488394,0.014583333333333334,0.0,0.0,0.00387728962415506,0.014583333333333334,0.0,0.0,0.0,0.0,5.243067563314744,5.243067563314744,0.0,0.0,0.0,0.014583333333333334
15.0,55.47847360339225,0.9246412267232041,55.47847360339225,0.6601783368731616,0.9246412267232041,0.018314674685343084,0.014583333333333334,0.0,0.0,0.0037313413520097503,0.014583333333333334,0.0,0.0,0.0,0.0,5.243067563314744,5.243067563314744,0.0,0.0,0.0,0.014583333333333334
15.016666666666666,55.06668872699604,0.917778145449934,55.06668872699604,0.6598099753804334,0.917778145449934,0.01816859212583321,0.014583333333333334,0.0,0.0,0.0035852587924998756,0.014583333333333334,0.0,0.0,0.0,0.0,5.243067563314744,5.243067563314744,0.0,0.0,0.0,0.014583333333333334
15.033333333333333,54.65439114169581,0.9109065190282635,54.65439114169581,0.6594377575726968,0.9109065190282635,0.01802238680667114,0.014583333333333334,0.0,0.0,0.0034390534733378074,0.014583333333333334,0.0,0.0,0.0,0.0,5.243067563314744,5.243067563314744,0.0,0.0,0.0,0.014583333333333334
15.049999999999999,54.24160687321231,0.9040267812202052,54.24160687321231,0.6590616945845436,0.9040267812202052,0.01787607027845181,0.014583333333333334,0.0,0.0,0.0032927369451184775,0.014583333333333334,0.0,0.0,0.0,0.0,5.243067563314744,5.243067563314744,0.0,0.0,0.0,0.014583333333333334
15.066666666666666,53.82836200782054,0.8971393667970089,53.82836200782054,0.6586817984511913,0.8971393667970089,0.0177296541129078,0.014583333333333334,0.0,0.0,0.003146320779574465,0.014583333333333334,0.0,0.0,0.0,0.0,5.243067563314744,5.243067563314744,0.0,0.0,0.0,0.014583333333333334
15.083333333333334,53.414682691301685,0.8902447115216947,53.414682691301685,0.658298082112479,0.8902447115216947,0.017583149901155382,0.014583333333333334,0.0,0.0,0.0029998165678220487,0.014583333333333334,0.0,0.0,0.0,0.0,5.243067563314744,5.243067563314744,0.0,0.0,0.0,0.014583333333333334
15.1,53.00059512789912,0.883343252131652,53.00059512789912,0.6579105594166834,0.883343252131652,0.017436569251931818,0.014583333333333334,0.0,0.0,0.0028532359185984846,0.014583333333333334,0.0,0.0,0.0,0.0,5.243067563314744,5.243067563314744,0.0,0.0,0.0,0.014583333333333334
15.116666666666667,52.58612557927819,0.8764354263213031,52.58612557927819,0.6575192451241603,0.8764354263213031,0.017289923789824628,0.014583333333333334,0.0,0.0,0.0027065904564912945,0.014583333333333334,0.0,0.0,0.0,0.0,5.243067563314744,5.243067563314744,0.0,0.0,0.0,0.014583333333333334
15.133333333333333,52.1713003634921,0.8695216727248684,52.1713003634921,0.6571241549108071,0.8695216727248684,0.017143225153494167,0.014583333333333334,0.0,0.0,0.0025598918201608332,0.014583333333333334,0.0,0.0,0.0,0.0,5.243067563314744,5.243067563314744,0.0,0.0,0.0,0.014583333333333334
15.15,51.75614585395124,0.8626024308991873,51.75614585395124,0.6567253053713478,0.8626024308991873,0.01699648499388946,0.014583333333333334,0.0,0.0,0.002413151660556126,0.014583333333333334,0.0,0.0,0.0,0.0,5.243067563314744,5.243067563314744,0.0,0.0,0.0,0.014583333333333334
15.166666666666666,51.34068847839877,0.8556781413066461,51.34068847839877,0.6563227140224377,0.8556781413066461,0.016849714972458837,0.014583333333333334,0.0,0.0,0.002266381639125504,0.014583333333333334,0.0,0.0,0.0,0.0,5.243067563314744,5.243067563314744,0.0,0.0,0.0,0.014583333333333334
15.183333333333334,50.92495471789108,0.8487492452981847,50.92495471789108,0.6559163993055896,0.8487492452981847,0.016702926759355596,0.014583333333333334,0.0,0.0,0.002119593426022262,0.014583333333333334,0.0,0.0,0.0,0.0,5.243067563314744,5.243067563314744,0.0,0.0,0.0,0.014583333333333334
15.2,50.508971105784475,0.8418161850964079,50.508971105784475,0.6555063805899193,0.8418161850964079,0.01655613203163996,0.014583333333333334,0.0,0.0,0.0019727986983066256,0.014583333333333334,0.0,0.0,0.0,0.0,5.243067563314744,5.243067563314744,0.0,0.0,0.0,0.014583333333333334
15.216666666666667,50.09276422672726,0.8348794037787877,50.09276422672726,0.6550926781747097,0.8348794037787877,0.016409342471477673,0.014583333333333334,0.0,0.0,0.0018260091381443397,0.014583333333333334,0.0,0.0,0.0,0.0,5.243067563314744,5.243067563314744,0.0,0.0,0.0,0.014583333333333334
15.233333333333333,49.67636071565882,0.8279393452609802,49.67636071565882,0.6546753132917952,0.8279393452609802,0.016262569764336515,0.014583333333333334,0.0,0.0,0.0016792364310031817,0.014583333333333334,0.0,0.0,0.0,0.0,5.243067563314744,5.243067563314744,0.0,0.0,0.0,0.014583333333333334
15.25,49.25978725681457,0.8209964542802428,49.25978725681457,0.6542543081077629,0.8209964542802428,0.01611582559718112,0.014583333333333334,0.0,0.0,0.0015324922638477873,0.014583333333333334,0.0,0.0,0.0,0.0,5.243067563314744,5.243067563314744,0.0,0.0,0.0,0.014583333333333334
15.266666666666666,48.84307058273848,0.8140511763789746,48.84307058273848,0.6538296857259733,0.8140511763789746,0.015969121656667383,0.014583333333333334,0.0,0.0,0.0013857883233340494,0.014583333333333334,0.0,0.0,0.0,0.0,5.243067563314744,5.243067563314744,0.0,0.0,0.0,0.014583333333333334
15.283333333333333,48.426237473302,0.8071039578883666,48.426237473302,0.6534014701883977,0.8071039578883666,0.015822469627336737,0.014583333333333334,0.0,0.0,0.0012391362940034033,0.014583333333333334,0.0,0.0,0.0,0.0,5.243067563314744,5.243067563314744,0.0,0.0,0.0,0.014583333333333334
15.299999999999999,48.009314754731555,0.8001552459121926,48.009314754731555,0.6529696864772743,0.8001552459121926,0.0156758811898119,0.014583333333333334,0.0,0.0,0.0010925478564785679,0.014583333333333334,0.0,0.0,0.0,0.0,5.243067563314744,5.243067563314744,0.0,0.0,0.0,0.014583333333333334
15.316666666666666,47.592329298642255,0.7932054883107043,47.592329298642255,0.6525343605165805,0.7932054883107043,0.015529368018993921,0.014583333333333334,0.0,0.0,0.0009460346856605874,0.014583333333333334,0.0,0.0,0.0,0.0,5.243067563314744,5.243067563314744,0.0,0.0,0.0,0.014583333333333334
15.333333333333334,47.17530802108175,0.7862551336846958,47.17530802108175,0.6520955191733241,0.7862551336846958,0.015382941782262618,0.014583333333333334,0.0,0.0,0.0007996084489292846,0.014583333333333334,0.0,0.0,0.0,0.0,5.243067563314744,5.243067563314744,0.0,0.0,0.0,0.014583333333333334
15.35,46.758277881580526,0.7793046313596754,46.758277881580526,0.6516531902586501,0.7793046313596754,0.015236614137679981,0.014583333333333334,0.0,0.0,0.0006532808043466475,0.014583333333333334,0.0,0.0,0.0,0.0,5.243067563314744,5.243067563314744,0.0,0.0,0.0,0.014583333333333334
15.366666666666667,46.34126588221265,0.7723544313702109,46.34126588221265,0.6512074025287661,0.7723544313702109,0.015090396732198535,0.014583333333333334,0.0,0.0,0.0005070633988652016,0.014583333333333334,0.0,0.0,0.0,0.0,5.243067563314744,5.243067563314744,0.0,0.0,0.0,0.014583333333333334
15.383333333333333,45.924299066664545,0.7654049844444091,45.924299066664545,0.6507581856856847,0.7654049844444091,0.014944301199874688,0.014583333333333334,0.0,0.0,0.00036096786654135453,0.014583333333333334,0.0,0.0,0.0,0.0,5.243067563314744,5.243067563314744,0.0,0.0,0.0,0.014583333333333334
15.4,45.50740451931405,0.7584567419885675,45.50740451931405,0.6503055703777834,0.7584567419885675,0.014798339160088528,0.014583333333333334,0.0,0.0,0.00021500582675519457,0.014583333333333334,0.0,0.0,0.0,0.0,5.243067563314744,5.243067563314744,0.0,0.0,0.0,0.014583333333333334
15.416666666666666,45.09060936431896,0.7515101560719826,45.09060936431896,0.6498495882001819,0.7515101560719826,0.014652522215770548,0.014583333333333334,0.0,0.0,6.918888243721485e-05,0.014583333333333334,0.0,0.0,0.0,0.0,5.243067563314744,5.243067563314744,0.0,0.0,0.0,0.014583333333333334
15.433333333333334,38.412883231565075,0.6402147205260846,38.412883231565075,0.6420702704815117,0.6402147205260846,0.012333118475080364,0.012333118475080364,0.0,0.0,0.0,0.014583333333333334,0.002250214858252969,0.0,0.0,0.0,5.243067563314744,5.243067563314744,0.0,0.0,0.0,0.012333118475080364
15.45,37.98679136455123,0.6331131894091871,37.98679136455123,0.641543619547363,0.6331131894091871,0.012186310444546811,0.012186310444546811,0.0,0.0,0.0,0.014583333333333334,0.002397022888786522,0.0,0.0,0.0,5.243067563314744,5.243067563314744,0.0,0.0,0.0,0.012186310444546811
15.466666666666667,37.56753775029879,0.6261256291716465,37.56753775029879,0.6410218765743964,0.6261256291716465,0.012042010974585462,0.012042010974585462,0.0,0.0,0.0,0.014583333333333334,0.002541322358747872,0.0,0.0,0.0,5.243067563314744,5.243067563314744,0.0,0.0,0.0,0.012042010974585462
15.483333333333333,27.731779476990422,0.462196324616507,27.731779476990422,0.6277730430243766,0.462196324616507,0.008705502345610178,0.008705502345610178,0.0,0.0,0.0,0.014583333333333334,0.0058778309877231556,0.0,0.0,0.0,5.243067563314744,5.243067563314744,0.0,0.0,0.0,0.008705502345610178
15.5,27.302124740957517,0.45503541234929196,27.302124740957517,0.627150189328207,0.45503541234929196,0.00856212256243316,0.00856212256243316,0.0,0.0,0.0,0.014583333333333334,0.006021210770900174,0.0,0.0,0.0,5.243067563314744,5.243067563314744,0.0,0.0,0.0,0.00856212256243316
15.516666666666666,26.85772818629059,0.44762880310484315,26.85772818629059,0.6265020807392946,0.44762880310484315,0.008414052701590888,0.008414052701590888,0.0,0.0,0.0,0.014583333333333334,0.006169280631742446,0.0,0.0,0.0,5.243067563314744,5.243067563314744,0.0,0.0,0.0,0.008414052701590888
15.533333333333333,26.41544848871187,0.4402574748118645,26.41544848871187,0.6258531377888259,0.4402574748118645,0.008266922353615074,0.008266922353615074,0.0,0.0,0.0,0.014583333333333334,0.006316410979718259,0.0,0.0,0.0,5.243067563314744,5.243067563314744,0.0,0.0,0.0,0.008266922353615074
15.549999999999999,25.97370435628522,0.4328950726047537,25.97370435628522,0.6252010755326934,0.4328950726047537,0.008120205970155878,0.008120205970155878,0.0,0.0,0.0,0.014583333333333334,0.006463127363177456,0.0,0.0,0.0,5.243067563314744,5.243067563314744,0.0,0.0,0.0,0.008120205970155878
15.566666666666666,25.530691446543884,0.42551152410906473,25.530691446543884,0.6245432208357016,0.42551152410906473,0.00797330746383989,0.00797330746383989,0.0,0.0,0.0,0.014583333333333334,0.006610025869493443,0.0,0.0,0.0,5.243067563314744,5.243067563314744,0.0,0.0,0.0,0.00797330746383989
15.583333333333334,25.10193578437181,0.41836559640619686,25.10193578437181,0.6239027997675164,0.41836559640619686,0.007831367144441435,0.007831367144441435,0.0,0.0,0.0,0.014583333333333334,0.0067519661888918985,0.0,0.0,0.0,5.243067563314744,5.243067563314744,0.0,0.0,0.0,0.007831367144441435
15.6,24.66250895752981,0.41104181595883016,24.66250895752981,0.6232426244342573,0.41104181595883016,0.00768613201711384,0.00768613201711384,0.0,0.0,0.0,0.014583333333333334,0.006897201316219494,0.0,0.0,0.0,5.243067563314744,5.243067563314744,0.0,0.0,0.0,0.00768613201711384
15.616666666666667,24.231020710789057,0.4038503451798176,24.231020710789057,0.6225906177747113,0.4038503451798176,0.007543757452566248,0.007543757452566248,0.0,0.0,0.0,0.014583333333333334,0.007039575880767085,0.0,0.0,0.0,5.243067563314744,5.243067563314744,0.0,0.0,0.0,0.007543757452566248
15.633333333333333,23.78034131434912,0.39633902190581866,23.78034131434912,0.6219056362984289,0.39633902190581866,0.007395303678614914,0.007395303678614914,0.0,0.0,0.0,0.014583333333333334,0.0071880296547184195,0.0,0.0,0.0,5.243067563314744,5.243067563314744,0.0,0.0,0.0,0.007395303678614914
15.65,23.337819172437534,0.3889636528739589,23.337819172437534,0.6212291003076211,0.3889636528739589,0.007249791182935954,0.007249791182935954,0.0,0.0,0.0,0.014583333333333334,0.00733354215039738,0.0,0.0,0.0,5.243067563314744,5.243067563314744,0.0,0.0,0.0,0.007249791182935954
15.666666666666666,22.89983140423986,0.38166385673733094,22.89983140423986,0.6205556400250537,0.38166385673733094,0.007106020368798825,0.007106020368798825,0.0,0.0,0.0,0.014583333333333334,0.0074773129645345085,0.0,0.0,0.0,5.243067563314744,5.243067563314744,0.0,0.0,0.0,0.007106020368798825
15.683333333333334,22.471520502378233,0.37452534170630386,22.471520502378233,0.6198933486678685,0.37452534170630386,0.006965669613900343,0.006965669613900343,0.0,0.0,0.0,0.014583333333333334,0.007617663719432991,0.0,0.0,0.0,5.243067563314744,5.243067563314744,0.0,0.0,0.0,0.006965669613900343
15.7,22.036823662970495,0.36728039438284155,22.036823662970495,0.6192174313544124,0.36728039438284155,0.0068234750193993015,0.0068234750193993015,0.0,0.0,0.0,0.014583333333333334,0.007759858313934032,0.0,0.0,0.0,5.243067563314744,5.243067563314744,0.0,0.0,0.0,0.0068234750193993015
15.716666666666667,21.587129334705068,0.3597854889117511,21.587129334705068,0.6185142171402773,0.3597854889117511,0.006676640864466957,0.006676640864466957,0.0,0.0,0.0,0.014583333333333334,0.007906692468866376,0.0,0.0,0.0,5.243067563314744,5.243067563314744,0.0,0.0,0.0,0.006676640864466957
15.733333333333333,21.150887712706385,0.3525147952117731,21.150887712706385,0.6178281749150577,0.3525147952117731,0.006534460622749628,0.006534460622749628,0.0,0.0,0.0,0.014583333333333334,0.008048872710583705,0.0,0.0,0.0,5.243067563314744,5.243067563314744,0.0,0.0,0.0,0.006534460622749628
15.75,20.71334405753115,0.3452224009588525,20.71334405753115,0.6171362618946057,0.3452224009588525,0.006392117073208129,0.006392117073208129,0.0,0.0,0.0,0.014583333333333334,0.008191216260125204,0.0,0.0,0.0,5.243067563314744,5.243067563314744,0.0,0.0,0.0,0.006392117073208129
15.766666666666666,20.287392909232842,0.3381232151538807,20.287392909232842,0.6164590027079299,0.3381232151538807,0.006253798380022805,0.006253798380022805,0.0,0.0,0.0,0.014583333333333334,0.008329534953310527,0.0,0.0,0.0,5.243067563314744,5.243067563314744,0.0,0.0,0.0,0.006253798380022805
15.783333333333333,19.849906253762587,0.3308317708960431,19.849906253762587,0.6157596247246936,0.3308317708960431,0.006111996612479848,0.006111996612479848,0.0,0.0,0.0,0.014583333333333334,0.008471336720853486,0.0,0.0,0.0,5.243067563314744,5.243067563314744,0.0,0.0,0.0,0.006111996612479848
15.799999999999999,19.418403973393414,0.32364006622322355,19.418403973393414,0.6150660638180478,0.32364006622322355,0.00597239788856077,0.00597239788856077,0.0,0.0,0.0,0.014583333333333334,0.008610935444772563,0.0,0.0,0.0,5.243067563314744,5.243067563314744,0.0,0.0,0.0,0.00597239788856077
15.816666666666666,18.977890694558695,0.31629817824264495,18.977890694558695,0.6143541780369712,0.31629817824264495,0.005830156234889035,0.005830156234889035,0.0,0.0,0.0,0.014583333333333334,0.008753177098444299,0.0,0.0,0.0,5.243067563314744,5.243067563314744,0.0,0.0,0.0,0.005830156234889035
15.833333333333334,18.538273409747763,0.30897122349579603,18.538273409747763,0.61363987100935,0.30897122349579603,0.005688480700016843,0.005688480700016843,0.0,0.0,0.0,0.014583333333333334,0.008894852633316491,0.0,0.0,0.0,5.243067563314744,5.243067563314744,0.0,0.0,0.0,0.005688480700016843
15.85,15.316014225955964,0.25526690376593275,15.316014225955964,0.6082862255342151,0.25526690376593275,0.004658726114478997,0.004658726114478997,0.0,0.0,0.0,0.014583333333333334,0.009924607218854336,0.0,0.0,0.0,5.243067563314744,5.243067563314744,0.0,0.0,0.0,0.004658726114478997
15.866666666666667,14.871588682381963,0.24785981137303273,14.871588682381963,0.6075315358653844,0.24785981137303273,0.004517931349617853,0.004517931349617853,0.0,0.0,0.0,0.014583333333333334,0.01006540198371548,0.0,0.0,0.0,5.243067563314744,5.243067563314744,0.0,0.0,0.0,0.004517931349617853
15.883333333333333,14.42723872490021,0.24045397874833682,14.42723872490021,0.6067730252775478,0.24045397874833682,0.004377467390493595,0.004377467390493595,0.0,0.0,0.0,0.014583333333333334,0.010205865942839738,0.0,0.0,0.0,5.243067563314744,5.243067563314744,0.0,0.0,0.0,0.004377467390493595
15.9,13.989085930308812,0.23315143217181353,13.989085930308812,0.6060212266089621,0.23315143217181353,0.0042392654338553465,0.0042392654338553465,0.0,0.0,0.0,0.014583333333333334,0.010344067899477987,0.0,0.0,0.0,5.243067563314744,5.243067563314744,0.0,0.0,0.0,0.0042392654338553465
15.916666666666666,13.554019401778604,0.22590032336297672,13.554019401778604,0.6052709243841193,0.22590032336297672,0.004102337159933405,0.004102337159933405,0.0,0.0,0.0,0.014583333333333334,0.01048099617339993,0.0,0.0,0.0,5.243067563314744,5.243067563314744,0.0,0.0,0.0,0.004102337159933405
15.933333333333334,13.116106822570588,0.21860178037617647,13.116106822570588,0.6045118910633304,0.21860178037617647,0.003964817751125511,0.003964817751125511,0.0,0.0,0.0,0.014583333333333334,0.010618515582207822,0.0,0.0,0.0,5.243067563314744,5.243067563314744,0.0,0.0,0.0,0.003964817751125511
15.95,12.67480490647416,0.211246748441236,12.67480490647416,0.6037431030187765,0.211246748441236,0.0038265456767638383,0.0038265456767638383,0.0,0.0,0.0,0.014583333333333334,0.010756787656569495,0.0,0.0,0.0,5.243067563314744,5.243067563314744,0.0,0.0,0.0,0.0038265456767638383
15.966666666666667,11.918720694876257,0.19864534491460428,11.918720694876257,0.6024168823597278,0.19864534491460428,0.003590378319193781,0.003590378319193781,0.0,0.0,0.0,0.014583333333333334,0.010992955014139553,0.0,0.0,0.0,5.243067563314744,5.243067563314744,0.0,0.0,0.0,0.003590378319193781
15.983333333333333,11.134965090226311,0.18558275150377185,11.134965090226311,0.6010300557048471,0.18558275150377185,0.0033465590001251363,0.0033465590001251363,0.0,0.0,0.0,0.014583333333333334,0.011236774333208197,0.0,0.0,0.0,5.243067563314744,5.243067563314744,0.0,0.0,0.0,0.0033465590001251363
16.0,9.695741239594398,0.16159568732657328,0.0,0.0,0.0,0.0,0.0,0.005419732053369659,0.0,0.0,0.014583333333333334,0.009163601279963674,0.0,0.0,0.035910152739238504,5.207157410575506,5.207157410575506,0.0,0.16159568732657326,2.7755575615628914e-17,0.005419732053369659
16.016666666666666,9.262614303893637,0.15437690506489393,0.0,0.0,0.0,0.0,0.0,0.00517762246333553,0.0,0.0,0.014583333333333334,0.009405710869997804,0.0,0.0,0.03430597890330976,5.172851431672196,5.172851431672196,0.0,0.15437690506489393,0.0,0.00517762246333553
16.03333333333333,9.999999928932386,0.16666666548220643,0.0,0.0,0.0,0.0,0.0,0.0055898067831270225,0.0,0.0,0.014583333333333334,0.008993526550206311,0.0,0.0,0.03703703677382365,5.1358143948983725,5.1358143948983725,0.0,0.16666666548220643,0.0,0.0055898067831270225
16.05,9.558951222191116,0.15931585370318527,0.0,0.0,0.0,0.0,0.0,0.005343269076111763,0.0,0.0,0.014583333333333334,0.00924006425722157,0.0,0.0,0.035403523045152284,5.10041087185322,5.10041087185322,0.0,0.15931585370318527,0.0,0.005343269076111763
16.066666666666666,9.125458148419733,0.15209096914032888,0.0,0.0,0.0,0.0,0.0,0.005100954821969107,0.0,0.0,0.014583333333333334,0.009482378511364227,0.0,0.0,0.033797993142295306,5.066612878710925,5.066612878710925,0.0,0.15209096914032888,0.0,0.005100954821969107
16.083333333333332,8.69950189191639,0.1449916981986065,0.0,0.0,0.0,0.0,0.0,0.004862853503085199,0.0,0.0,0.014583333333333334,0.009720479830248135,0.0,0.0,0.03222037737746811,5.034392501333456,5.034392501333456,0.0,0.14499169819860647,2.7755575615628914e-17,0.004862853503085199
16.1,8.263097965345171,0.1377182994224195,0.0,0.0,0.0,0.0,0.0,0.004618912138458459,0.0,0.0,0.014583333333333334,0.009964421194874874,0.0,0.0,0.030604066538315447,5.0037884347951405,5.0037884347951405,0.0,0.1377182994224195,0.0,0.004618912138458459
16.116666666666667,7.833314152839337,0.13055523588065562,0.0,0.0,0.0,0.0,0.0,0.004378671289708796,0.0,0.0,0.014583333333333334,0.010204662043624538,0.0,0.0,0.029012274640145694,4.9747761601549945,4.9747761601549945,0.0,0.13055523588065562,0.0,0.004378671289708796
16.133333333333333,7.40579617246169,0.12342993620769482,0.0,0.0,0.0,0.0,0.0,0.004139696997348088,0.0,0.0,0.014583333333333334,0.010443636335985246,0.0,0.0,0.027428874712821072,4.947347285442174,4.947347285442174,0.0,0.12342993620769482,0.0,0.004139696997348088
16.15,6.970008979615898,0.11616681632693163,0.0,0.0,0.0,0.0,0.0,0.003896100374959976,0.0,0.0,0.014583333333333334,0.010687232958373358,0.0,0.0,0.025814848072651473,4.921532437369522,4.921532437369522,0.0,0.11616681632693163,0.0,0.003896100374959976
16.166666666666668,6.5451612396285075,0.10908602066047512,0.0,0.0,0.0,0.0,0.0,0.0036586186953944805,0.0,0.0,0.014583333333333334,0.010924714637938853,0.0,0.0,0.02424133792455003,4.897291099444972,4.897291099444972,0.0,0.10908602066047512,0.0,0.0036586186953944805
16.183333333333334,6.113221596470485,0.10188702660784141,0.0,0.0,0.0,0.0,0.0,0.0034171727789559635,0.0,0.0,0.014583333333333334,0.01116616055437737,0.0,0.0,0.0226415614684092,4.8746495379765635,4.8746495379765635,0.0,0.10188702660784141,0.0,0.0034171727789559635
16.2,8.575088308717804,0.14291813847863008,0.0,0.0,0.0,0.0,0.0,0.004793308713463303,0.0,0.0,0.014583333333333334,0.009790024619870032,0.0,0.0,0.031759586328584465,4.842889951647979,4.842889951647979,0.0,0.14291813847863008,0.0,0.004793308713463303
16.216666666666665,8.158068944162366,0.13596781573603944,0.0,0.0,0.0,0.0,0.0,0.0045602029445379446,0.0,0.0,0.014583333333333334,0.01002313038879539,0.0,0.0,0.030215070163564322,4.812674881484415,4.812674881484415,0.0,0.13596781573603944,0.0,0.0045602029445379446
16.233333333333334,7.742511934896623,0.12904186558161038,0.0,0.0,0.0,0.0,0.0,0.004327914603970163,0.0,0.0,0.014583333333333334,0.01025541872936317,0.0,0.0,0.02867597012924675,4.783998911355168,4.783998911355168,0.0,0.12904186558161038,0.0,0.004327914603970163
16.25,7.332680305134972,0.1222113384189162,0.0,0.0,0.0,0.0,0.0,0.0040988266399439215,0.0,0.0,0.014583333333333334,0.010484506693389413,0.0,0.0,0.0271580752042036,4.756840836150964,4.756840836150964,0.0,0.1222113384189162,0.0,0.0040988266399439215
16.266666666666666,6.920133013627597,0.1153355502271266,0.0,0.0,0.0,0.0,0.0,0.0038682206734622,0.0,0.0,0.014583333333333334,0.010715112659871134,0.0,0.0,0.025630122272694802,4.731210713878269,4.731210713878269,0.0,0.1153355502271266,0.0,0.0038682206734622
16.28333333333333,6.50489843120332,0.10841497385338866,0.0,0.0,0.0,0.0,0.0,0.0036361125632702485,0.0,0.0,0.014583333333333334,0.010947220770063085,0.0,0.0,0.024092216411864147,4.707118497466405,4.707118497466405,0.0,0.10841497385338866,0.0,0.0036361125632702485
16.3,6.095474341466388,0.1015912390244398,0.0,0.0,0.0,0.0,0.0,0.0034072524062450835,0.0,0.0,0.014583333333333334,0.01117608092708825,0.0,0.0,0.022575830894319956,4.684542666572085,4.684542666572085,0.0,0.10159123902443981,0.0,0.0034072524062450835
16.316666666666666,5.690916117397561,0.094848601956626,0.0,0.0,0.0,0.0,0.0,0.003181112174130983,0.0,0.0,0.014583333333333334,0.01140222115920235,0.0,0.0,0.021077467101472444,4.663465199470613,4.663465199470613,0.0,0.094848601956626,0.0,0.003181112174130983
16.333333333333332,5.28472889274301,0.08807881487905016,0.0,0.0,0.0,0.0,0.0,0.0029540613621580327,0.0,0.0,0.014583333333333334,0.0116292719711753,0.0,0.0,0.01957306997312226,4.64389212949749,4.64389212949749,0.0,0.08807881487905016,0.0,0.0029540613621580327
16.35,4.875968088648213,0.08126613481080354,0.0,0.0,0.0,0.0,0.0,0.002725571968993658,0.0,0.0,0.014583333333333334,0.011857761364339676,0.0,0.0,0.018059141069067454,4.625832988428423,4.625832988428423,0.0,0.08126613481080354,0.0,0.002725571968993658
16.366666666666667,4.473131585206846,0.07455219308678077,0.0,0.0,0.0,0.0,0.0,0.0025003941454506007,0.0,0.0,0.014583333333333334,0.012082939187882733,0.0,0.0,0.016567154019284616,4.609265834409138,4.609265834409138,0.0,0.07455219308678077,0.0,0.0025003941454506007
16.383333333333333,4.068751550250268,0.06781252583750447,0.0,0.0,0.0,0.0,0.0,0.0022743535176080413,0.0,0.0,0.014583333333333334,0.012308979815725292,0.0,0.0,0.015069450186112103,4.594196384223026,4.594196384223026,0.0,0.06781252583750447,0.0,0.0022743535176080413
16.4,3.665145137658106,0.06108575229430177,0.0,0.0,0.0,0.0,0.0,0.0020487453297225746,0.0,0.0,0.014583333333333334,0.012534588003610759,0.0,0.0,0.013574611620955948,4.58062177260207,4.58062177260207,0.0,0.06108575229430177,0.0,0.0020487453297225746
16.416666666666668,3.2675486582967883,0.05445914430494647,0.0,0.0,0.0,0.0,0.0,0.0018264965784149743,0.0,0.0,0.014583333333333334,0.01275683675491836,0.0,0.0,0.012102032067765882,4.568519740534304,4.568519740534304,0.0,0.05445914430494647,0.0,0.0018264965784149743
16.433333333333334,2.867521324690471,0.04779202207817451,0.0,0.0,0.0,0.0,0.0,0.0016028890265429678,0.0,0.0,0.014583333333333334,0.012980444306790366,0.0,0.0,0.010620449350705448,4.557899291183599,4.557899291183599,0.0,0.04779202207817451,0.0,0.0016028890265429678
16.45,2.473561162803347,0.04122601938005578,0.0,0.0,0.0,0.0,0.0,0.0013826729064580978,0.0,0.0,0.014583333333333334,0.013200660426875236,0.0,0.0,0.009161337640012396,4.548737953543586,4.548737953543586,0.0,0.04122601938005578,0.0,0.0013826729064580978
16.466666666666665,2.0814621459318263,0.03469103576553044,0.0,0.0,0.0,0.0,0.0,0.0011634971304838818,0.0,0.0,0.014583333333333334,0.013419836202849452,0.0,0.0,0.007709119059006764,4.54102883448458,4.54102883448458,0.0,0.03469103576553044,0.0,0.0011634971304838818
16.483333333333334,1.687018282535911,0.028116971375598515,0.0,0.0,0.0,0.0,0.0,0.0009430106305996051,0.0,0.0,0.014583333333333334,0.013640322702733729,0.0,0.0,0.006248215861244115,4.534780618623336,4.534780618623336,0.0,0.028116971375598515,0.0,0.0009430106305996051
16.5,1.3019893569325018,0.021699822615541698,0.0,0.0,0.0,0.0,0.0,0.0007277868990662568,0.0,0.0,0.014583333333333334,0.013855546434267077,0.0,0.0,0.004822182803453711,4.529958435819882,4.529958435819882,0.0,0.0216998226155417,0.0,0.0007277868990662568
16.516666666666666,0.9114114525495333,0.015190190875825554,0.0,0.0,0.0,0.0,0.0,0.0005094613955887239,0.0,0.0,0.014583333333333334,0.01407387193774461,0.0,0.0,0.0033755979724056787,4.526582837847476,4.526582837847476,0.0,0.015190190875825554,0.0,0.0005094613955887239
16.53333333333333,0.7099811338838397,0.011833018898063994,0.0,0.0,0.0,0.0,0.0,0.0003968657386280403,0.0,0.0,0.014583333333333334,0.014186467594705293,0.0,0.0,0.002629559755125332,4.523953278092351,4.523953278092351,0.0,0.011833018898063995,0.0,0.0003968657386280403
16.55,0.6675176054117619,0.011125293423529364,0.0,0.0,0.0,0.0,0.0,0.0003731294465104793,0.0,0.0,0.014583333333333334,0.014210203886822854,0.0,0.0,0.0024722874274509697,4.5214809906649,4.5214809906649,0.0,0.011125293423529364,0.0,0.0003731294465104793
16.566666666666666,0.625865176302419,0.010431086271706982,0.0,0.0,0.0,0.0,0.0,0.000349846543268101,0.0,0.0,0.014583333333333334,0.014233486790065232,0.0,0.0,0.0023180191714904405,4.519162971493409,4.519162971493409,0.0,0.010431086271706982,0.0,0.000349846543268101
16.583333333333332,0.5981840049217931,0.00996973341536322,0.0,0.0,0.0,0.0,0.0,0.000334373303203304,0.0,0.0,0.014583333333333334,0.01424896003013003,0.0,0.0,0.0022154963145251598,4.516947475178884,4.516947475178884,0.0,0.00996973341536322,0.0,0.000334373303203304
16.6,0.5845714209779284,0.009742857016298807,0.0,0.0,0.0,0.0,0.0,0.0003267641317426974,0.0,0.0,0.014583333333333334,0.014256569201590637,0.0,0.0,0.0021650793369552904,4.514782395841928,4.514782395841928,0.0,0.009742857016298807,0.0,0.0003267641317426974
16.616666666666667,0.5685571514340131,0.009475952523900218,0.0,0.0,0.0,0.0,0.0,0.00031781246442673974,0.0,0.0,0.014583333333333334,0.014265520868906595,0.0,0.0,0.0021057672275333816,4.512676628614395,4.512676628614395,0.0,0.009475952523900218,0.0,0.00031781246442673974
16.633333333333333,0.5516686586352944,0.009194477643921572,0.0,0.0,0.0,0.0,0.0,0.00030837212319934255,0.0,0.0,0.014583333333333334,0.014274961210133991,0.0,0.0,0.002043217254204794,4.510633411360191,4.510633411360191,0.0,0.009194477643921572,0.0,0.00030837212319934255
16.65,0.5348618535227542,0.008914364225379235,0.0,0.0,0.0,0.0,0.0,0.00029897744381049966,0.0,0.0,0.014583333333333334,0.014284355889522834,0.0,0.0,0.0019809698278620523,4.508652441532329,4.508652441532329,0.0,0.008914364225379235,0.0,0.00029897744381049966
16.666666666666668,0.5181872881332104,0.008636454802220172,0.0,0.0,0.0,0.0,0.0,0.00028965668387224253,0.0,0.0,0.014583333333333334,0.01429367664946109,0.0,0.0,0.0019192121782711494,4.506733229354057,4.506733229354057,0.0,0.008636454802220172,0.0,0.00028965668387224253
16.683333333333334,0.5016637379103921,0.008361062298506534,0.0,0.0,0.0,0.0,0.0,0.0002804203384949171,0.0,0.0,0.014583333333333334,0.014302912994838416,0.0,0.0,0.0018580138441125632,4.504875215509944,4.504875215509944,0.0,0.008361062298506534,0.0,0.0002804203384949171
16.7,0.4852752883973962,0.008087921473289936,0.0,0.0,0.0,0.0,0.0,0.0002712595118045454,0.0,0.0,0.014583333333333334,0.014312073821528788,0.0,0.0,0.0017973158829533193,4.503077899626991,4.503077899626991,0.0,0.008087921473289936,0.0,0.0002712595118045454
16.716666666666665,0.4689742489187574,0.00781623748197929,0.0,0.0,0.0,0.0,0.0,0.0002621475456348171,0.0,0.0,0.014583333333333334,0.014321185787698516,0.0,0.0,0.0017369416626620644,4.501340957964329,4.501340957964329,0.0,0.00781623748197929,0.0,0.0002621475456348171
16.733333333333334,0.452828532218558,0.007547142203642634,0.0,0.0,0.0,0.0,0.0,0.00025312240189775547,0.0,0.0,0.014583333333333334,0.014330210931435577,0.0,0.0,0.0016771427119205854,4.499663815252409,4.499663815252409,0.0,0.007547142203642634,0.0,0.00025312240189775547
16.75,0.43660546921772997,0.007276757820295499,0.0,0.0,0.0,0.0,0.0,0.00024405402307279607,0.0,0.0,0.014583333333333334,0.014339279310260538,0.0,0.0,0.0016170572933989998,4.49804675795901,4.49804675795901,0.0,0.007276757820295499,0.0,0.00024405402307279607
16.766666666666666,0.42069091343936604,0.007011515223989434,0.0,0.0,0.0,0.0,0.0,0.0002351580938255396,0.0,0.0,0.014583333333333334,0.014348175239507793,0.0,0.0,0.0015581144942198742,4.49648864346479,4.49648864346479,0.0,0.007011515223989434,0.0,0.0002351580938255396
16.78333333333333,0.4047683847620315,0.006746139746033858,0.0,0.0,0.0,0.0,0.0,0.00022625770788177674,0.0,0.0,0.014583333333333334,0.014357075625451557,0.0,0.0,0.0014991421657853017,4.494989501299004,4.494989501299004,0.0,0.006746139746033858,0.0,0.00022625770788177674
16.8,0.38909079968708654,0.006484846661451442,0.0,0.0,0.0,0.0,0.0,0.00021749424067999908,0.0,0.0,0.014583333333333334,0.014365839092653335,0.0,0.0,0.0014410770358780983,4.4935484242631265,4.4935484242631265,0.0,0.006484846661451442,0.0,0.00021749424067999908
16.816666666666666,0.3734919807904395,0.0062248663465073245,0.0,0.0,0.0,0.0,0.0,0.00020877480225030731,0.0,0.0,0.014583333333333334,0.014374558531083026,0.0,0.0,0.0013833036325571833,4.4921651206305695,4.4921651206305695,0.0,0.0062248663465073245,0.0,0.00020877480225030731
16.833333333333332,0.3579733955374522,0.005966223258957537,0.0,0.0,0.0,0.0,0.0,0.0002001002128774908,0.0,0.0,0.014583333333333334,0.014383233120455842,0.0,0.0,0.0013258273908794528,4.49083929323969,4.49083929323969,0.0,0.005966223258957537,0.0,0.0002001002128774908
16.85,0.34262033679777787,0.005710338946629631,0.0,0.0,0.0,0.0,0.0,0.00019151814962802216,0.0,0.0,0.014583333333333334,0.014391815183705312,0.0,0.0,0.0012689642103621403,4.489570329029328,4.489570329029328,0.0,0.005710338946629631,0.0,0.00019151814962802216
16.866666666666667,4.126364921142155,0.06877274868570259,0.0,0.0,0.0,0.0,0.0,0.0023065582789779412,0.0,0.0,0.014583333333333334,0.012276775054355392,0.0,0.0,0.015282833041267242,4.474287495988061,4.474287495988061,0.0,0.06877274868570259,0.0,0.0023065582789779412
16.883333333333333,3.8114316437161158,0.06352386072860193,0.0,0.0,0.0,0.0,0.0,0.002130516660688006,0.0,0.0,0.014583333333333334,0.012452816672645327,0.0,0.0,0.014116413495244874,4.460171082492816,4.460171082492816,0.0,0.06352386072860193,0.0,0.002130516660688006
16.9,3.5023868845645048,0.05837311474274175,0.0,0.0,0.0,0.0,0.0,0.001957766610360759,0.0,0.0,0.014583333333333334,0.012625566722972575,0.0,0.0,0.012971803276164833,4.447199279216651,4.447199279216651,0.0,0.05837311474274175,0.0,0.001957766610360759
16.916666666666668,3.1927380829530163,0.05321230138255027,0.0,0.0,0.0,0.0,0.0,0.001784678911967161,0.0,0.0,0.014583333333333334,0.012798654421366172,0.0,0.0,0.01182495586278895,4.435374323353862,4.435374323353862,0.0,0.05321230138255027,0.0,0.001784678911967161
16.933333333333334,2.8857777888077294,0.04809629648012882,0.0,0.0,0.0,0.0,0.0,0.0016130940373113491,0.0,0.0,0.014583333333333334,0.012970239296021984,0.0,0.0,0.010688065884473071,4.424686257469389,4.424686257469389,0.0,0.04809629648012882,0.0,0.0016130940373113491
16.95,2.581537060579697,0.04302561767632828,0.0,0.0,0.0,0.0,0.0,0.0014430293474674838,0.0,0.0,0.014583333333333334,0.01314030398586585,0.0,0.0,0.009561248372517395,4.4151250090968714,4.4151250090968714,0.0,0.04302561767632828,0.0,0.0014430293474674838
16.966666666666665,2.2800471273825513,0.038000785456375856,0.0,0.0,0.0,0.0,0.0,0.0012745022989068106,0.0,0.0,0.014583333333333334,0.013308831034426523,0.0,0.0,0.008444618990305746,4.406680390106565,4.406680390106565,0.0,0.038000785456375856,0.0,0.0012745022989068106
16.983333333333334,1.9813393989612043,0.03302232331602007,0.0,0.0,0.0,0.0,0.0,0.0011075304490699705,0.0,0.0,0.014583333333333334,0.013475802884263362,0.0,0.0,0.0073382940702266825,4.399342096036339,4.399342096036339,0.0,0.03302232331602007,0.0,0.0011075304490699705
17.0,1.6854454762796056,0.028090757937993427,0.0,0.0,0.0,0.0,0.0,0.0009421314622853531,0.0,0.0,0.014583333333333334,0.01364120187104798,0.0,0.0,0.006242390652887429,4.3930997053834515,4.3930997053834515,0.0,0.028090757937993427,0.0,0.0009421314622853531
17.016666666666666,9.77158306819279,0.16285971780321315,0.0,0.0,0.0,0.0,0.0,0.00546212617046535,0.0,0.0,0.014583333333333334,0.009121207162867984,0.0,0.0,0.036191048400714035,4.356908656982737,4.356908656982737,0.0,0.16285971780321315,0.0,0.00546212617046535
17.03333333333333,9.497720645450954,0.15829534409084922,0.0,0.0,0.0,0.0,0.0,0.005309042366548828,0.0,0.0,0.014583333333333334,0.009274290966784506,0.0,0.0,0.03517674313129983,4.321731913851438,4.321731913851438,0.0,0.15829534409084922,0.0,0.005309042366548828
17.05,9.226768094761825,0.15377946824603042,0.0,0.0,0.0,0.0,0.0,0.005157585124897691,0.0,0.0,0.014583333333333334,0.009425748208435641,0.0,0.0,0.03417321516578454,4.287558698685653,4.287558698685653,0.0,0.15377946824603042,0.0,0.005157585124897691
17.066666666666666,8.958757901843027,0.1493126316973838,0.0,0.0,0.0,0.0,0.0,0.005007772604400542,0.0,0.0,0.014583333333333334,0.009575560728932791,0.0,0.0,0.033180584821640845,4.254378113864012,4.254378113864012,0.0,0.1493126316973838,0.0,0.005007772604400542
17.083333333333332,8.693722807540848,0.1448953801256808,0.0,0.0,0.0,0.0,0.0,0.0048596231065579755,0.0,0.0,0.014583333333333334,0.009723710226775359,0.0,0.0,0.0321989733612624,4.2221791405027504,4.2221791405027504,0.0,0.14489538012568082,0.0,0.0048596231065579755
17.1,8.431695823212557,0.1405282637202093,0.0,0.0,0.0,0.0,0.0,0.004713155084081003,0.0,0.0,0.014583333333333334,0.00987017824925233,0.0,0.0,0.0312285030489354,4.190950637453815,4.190950637453815,0.0,0.1405282637202093,0.0,0.004713155084081003
17.116666666666667,8.17271024713626,0.136211837452271,0.0,0.0,0.0,0.0,0.0,0.0045683871500638365,0.0,0.0,0.014583333333333334,0.010014946183269497,0.0,0.0,0.030269297211615778,4.160681340242199,4.160681340242199,0.0,0.136211837452271,0.0,0.0045683871500638365
17.133333333333333,7.916799682032144,0.1319466613672024,0.0,0.0,0.0,0.0,0.0,0.004425338087777935,0.0,0.0,0.014583333333333334,0.010157995245555398,0.0,0.0,0.029321480303822756,4.131359859938376,4.131359859938376,0.0,0.1319466613672024,0.0,0.004425338087777935
17.15,7.663998053787191,0.12773330089645318,0.0,0.0,0.0,0.0,0.0,0.00428402686113875,0.0,0.0,0.014583333333333334,0.010299306472194583,0.0,0.0,0.028385177976989598,4.102974681961387,4.102974681961387,0.0,0.12773330089645318,0.0,0.00428402686113875
17.166666666666668,7.414339631483831,0.12357232719139717,0.0,0.0,0.0,0.0,0.0,0.004144472625901361,0.0,0.0,0.014583333333333334,0.010438860707431972,0.0,0.0,0.027460517153643817,4.075514164807743,4.075514164807743,0.0,0.12357232719139717,0.0,0.004144472625901361
17.183333333333334,7.167859048844953,0.11946431748074922,0.0,0.0,0.0,0.0,0.0,0.004006694741647816,0.0,0.0,0.014583333333333334,0.010576638591685518,0.0,0.0,0.026547626106833158,4.04896653870091,4.04896653870091,0.0,0.1194643174807492,1.3877787807814457e-17,0.004006694741647816
17.2,6.924591327218328,0.1154098554536388,0.0,0.0,0.0,0.0,0.0,0.003870712784634988,0.0,0.0,0.014583333333333334,0.010712620548698346,0.0,0.0,0.025646634545253066,4.023319904155657,4.023319904155657,0.0,0.1154098554536388,0.0,0.003870712784634988
17.216666666666665,6.684571900238977,0.11140953167064961,0.0,0.0,0.0,0.0,0.0,0.0037365465615803567,0.0,0.0,0.014583333333333334,0.010846786771752976,0.0,0.0,0.0247576737045888,3.998562230451068,3.9985622304510686,0.0,0.11140953167064961,0.0,0.0037365465615803567
17.233333333333334,6.447836640321743,0.10746394400536238,0.0,0.0,0.0,0.0,0.0,0.003604216124470847,0.0,0.0,0.014583333333333334,0.010979117208862486,0.0,0.0,0.023880876445636086,3.974681354005432,3.974681354005432,0.0,0.10746394400536238,0.0,0.003604216124470847
17.25,6.214421887154877,0.10357369811924795,0.0,0.0,0.0,0.0,0.0,0.00347374178649019,0.0,0.0,0.014583333333333334,0.011109591546843144,0.0,0.0,0.023016377359832876,3.951664976645599,3.951664976645599,0.0,0.10357369811924794,1.3877787807814457e-17,0.00347374178649019
17.266666666666666,5.984364478384677,0.09973940797307795,0.0,0.0,0.0,0.0,0.0,0.0033451441391710484,0.0,0.0,0.014583333333333334,0.011238189194162286,0.0,0.0,0.022164312882906212,3.929500663762693,3.929500663762693,0.0,0.09973940797307795,0.0,0.0033451441391710484
17.28333333333333,5.757701782705522,0.09596169637842536,0.0,0.0,0.0,0.0,0.0,0.0032184440708917014,0.0,0.0,0.014583333333333334,0.011364889262441632,0.0,0.0,0.021324821417427857,3.908175842345265,3.908175842345265,0.0,0.09596169637842536,0.0,0.0032184440708917014
17.3,5.534471735593843,0.09224119559323071,0.0,0.0,0.0,0.0,0.0,0.003093662786850648,0.0,0.0,0.014583333333333334,0.011489670546482686,0.0,0.0,0.02049804346516238,3.8876777988801026,3.8876777988801026,0.0,0.09224119559323071,0.0,0.003093662786850648
17.316666666666666,5.314712877956231,0.08857854796593718,0.0,0.0,0.0,0.0,0.0,0.00297082183067015,0.0,0.0,0.014583333333333334,0.011612511502663184,0.0,0.0,0.019684121770208264,3.867993677109894,3.867993677109894,0.0,0.08857854796593718,0.0,0.00297082183067015
17.333333333333332,5.098464397995539,0.08497440663325898,0.0,0.0,0.0,0.0,0.0,0.002849943107798575,0.0,0.0,0.014583333333333334,0.011733390225534759,0.0,0.0,0.01888320147405755,3.8491104756358365,3.849110475635837,0.0,0.08497440663325898,0.0,0.002849943107798575
17.35,4.885766176639954,0.08142943627733255,0.0,0.0,0.0,0.0,0.0,0.0027310489109043717,0.0,0.0,0.014583333333333334,0.011852284422428961,0.0,0.0,0.018095430283851677,3.8310150453519847,3.8310150453519842,0.0,0.08142943627733255,0.0,0.0027310489109043717
17.366666666666667,4.676658836925653,0.07794431394876088,0.0,0.0,0.0,0.0,0.0,0.00261416194748002,0.0,0.0,0.014583333333333334,0.011969171385853314,0.0,0.0,0.017320958655280196,3.8136940866967044,3.813694086696705,0.0,0.07794431394876088,0.0,0.00261416194748002
17.383333333333333,4.4711837977778215,0.07451972996296369,0.0,0.0,0.0,0.0,0.0,0.0024993053699045773,0.0,0.0,0.014583333333333334,0.012084027963428756,0.0,0.0,0.016559939991769707,3.7971341467049347,3.7971341467049347,0.0,0.07451972996296369,0.0,0.0024993053699045773
17.4,4.26938333269933,0.07115638887832217,0.0,0.0,0.0,0.0,0.0,0.0023865028082495233,0.0,0.0,0.014583333333333334,0.01219683052508381,0.0,0.0,0.01581253086184937,3.781321615843085,3.781321615843085,0.0,0.07115638887832217,0.0,0.0023865028082495233
17.416666666666668,4.0713006339492726,0.0678550105658212,0.0,0.0,0.0,0.0,0.0,0.002275778406153313,0.0,0.0,0.014583333333333334,0.01230755492718002,0.0,0.0,0.015078891236849155,3.766242724606236,3.766242724606236,0.0,0.0678550105658212,0.0,0.002275778406153313
17.433333333333334,3.8769798828824045,0.0646163313813734,0.0,0.0,0.0,0.0,0.0,0.002167156860139774,0.0,0.0,0.014583333333333334,0.01241617647319356,0.0,0.0,0.014359184751416312,3.75188353985482,3.75188353985482,0.0,0.0646163313813734,0.0,0.002167156860139774
17.45,3.686466327223255,0.06144110545372092,0.0,0.0,0.0,0.0,0.0,0.0020606634628128353,0.0,0.0,0.014583333333333334,0.012522669870520498,0.0,0.0,0.01365357898971576,3.738229960865104,3.738229960865104,0.0,0.06144110545372092,0.0,0.0020606634628128353
17.466666666666665,3.499806366173093,0.05833010610288489,0.0,0.0,0.0,0.0,0.0,0.001956324150429678,0.0,0.0,0.014583333333333334,0.012627009182903656,0.0,0.0,0.012962245800641085,3.725267715064463,3.725267715064463,0.0,0.05833010610288489,0.0,0.001956324150429678
17.483333333333334,3.3170476443950685,0.05528412740658448,0.0,0.0,0.0,0.0,0.0,0.0018541655554366189,0.0,0.0,0.014583333333333334,0.012729167777896715,0.0,0.0,0.012285361645907662,3.712982353418555,3.712982353418555,0.0,0.05528412740658448,0.0,0.0018541655554366189
17.5,3.1382391560997815,0.052303985934996355,0.0,0.0,0.0,0.0,0.0,0.001754215064650926,0.0,0.0,0.014583333333333334,0.012829118268682407,0.0,0.0,0.011623107985554746,3.701359245433,3.701359245433,0.0,0.052303985934996355,0.0,0.001754215064650926
17.516666666666666,2.9634313606678986,0.04939052267779831,0.0,0.0,0.0,0.0,0.0,0.0016565008838916328,0.0,0.0,0.014583333333333334,0.0129268324494417,0.0,0.0,0.010975671706177402,3.6903835737268227,3.6903835737268222,0.0,0.04939052267779831,0.0,0.0016565008838916328
17.53333333333333,2.792676311507013,0.04654460519178354,0.0,0.0,0.0,0.0,0.0,0.00156105211000803,0.0,0.0,0.014583333333333334,0.013022281223325303,0.0,0.0,0.01034324559817412,3.6800403281286487,3.6800403281286487,0.0,0.04654460519178354,0.0,0.00156105211000803
17.55,2.6260278001576056,0.04376713000262676,0.0,0.0,0.0,0.0,0.0,0.0014678988114321184,0.0,0.0,0.014583333333333334,0.013115434521901215,0.0,0.0,0.009726028889472613,3.670314299239176,3.670314299239176,0.0,0.04376713000262676,0.0,0.0014678988114321184
17.566666666666666,2.463541518055032,0.0410590253009172,0.0,0.0,0.0,0.0,0.0,0.001377072118600429,0.0,0.0,0.014583333333333334,0.013206261214732905,0.0,0.0,0.009124227844648267,3.6611900713945276,3.6611900713945276,0.0,0.0410590253009172,0.0,0.001377072118600429
17.583333333333332,2.305275238839477,0.03842125398065795,0.0,0.0,0.0,0.0,0.0,0.0012886043258617712,0.0,0.0,0.014583333333333334,0.013294729007471563,0.0,0.0,0.008538056440146212,3.6526520149543815,3.6526520149543815,0.0,0.03842125398065795,0.0,0.0012886043258617712
17.6,2.151289024713532,0.035854817078558865,0.0,0.0,0.0,0.0,0.0,0.0012025290068271286,0.0,0.0,0.014583333333333334,0.013380804326506205,0.0,0.0,0.007967737128568637,3.644684277825813,3.644684277825813,0.0,0.035854817078558865,0.0,0.0012025290068271286
17.616666666666667,2.0016454611101957,0.033360757685169926,0.0,0.0,0.0,0.0,0.0,0.0011188811455445401,0.0,0.0,0.014583333333333334,0.013464452187788793,0.0,0.0,0.007413501707815539,3.6372707761179974,3.6372707761179974,0.0,0.033360757685169926,0.0,0.0011188811455445401
17.633333333333333,1.8564099249050712,0.030940165415084517,0.0,0.0,0.0,0.0,0.0,0.0010376972864245362,0.0,0.0,0.014583333333333334,0.013545636046908798,0.0,0.0,0.006875592314463226,3.630395183803534,3.630395183803534,0.0,0.030940165415084517,0.0,0.0010376972864245362
17.65,1.715650892653073,0.028594181544217882,0.0,0.0,0.0,0.0,0.0,0.0009590157065385036,0.0,0.0,0.014583333333333334,0.01362431762679483,0.0,0.0,0.006354262565381751,3.6240409212381524,3.6240409212381524,0.0,0.028594181544217882,0.0,0.0009590157065385036
17.666666666666668,1.579440296942895,0.026324004949048248,0.0,0.0,0.0,0.0,0.0,0.0008828766148139487,0.0,0.0,0.014583333333333334,0.013700456718519384,0.0,0.0,0.005849778877566277,3.618191142360586,3.6181911423605855,0.0,0.026324004949048248,0.0,0.0008828766148139487
17.683333333333334,1.4478539410804132,0.024130899018006885,0.0,0.0,0.0,0.0,0.0,0.0008093223838345097,0.0,0.0,0.014583333333333334,0.013774010949498823,0.0,0.0,0.00536242200400153,3.6128287203565845,3.6128287203565845,0.0,0.024130899018006885,0.0,0.0008093223838345097
17.7,1.3209719851185229,0.02201619975197538,0.0,0.0,0.0,0.0,0.0,0.0007383978215212459,0.0,0.0,0.014583333333333334,0.013844935511812088,0.0,0.0,0.004892488833772307,3.607936231522812,3.607936231522812,0.0,0.02201619975197538,0.0,0.0007383978215212459
17.716666666666665,1.198879520029561,0.019981325333826017,0.0,0.0,0.0,0.0,0.0,0.0006701504920839305,0.0,0.0,0.014583333333333334,0.013913182841249403,0.0,0.0,0.004440294518628003,3.603495937004184,3.6034959370041846,0.0,0.019981325333826017,0.0,0.0006701504920839305
17.733333333333334,1.0816672519698651,0.018027787532831085,0.0,0.0,0.0,0.0,0.0,0.0006046310985117208,0.0,0.0,0.014583333333333334,0.013978702234821613,0.0,0.0,0.004006175007295797,3.5994897619968884,3.5994897619968884,0.0,0.018027787532831085,0.0,0.0006046310985117208
17.75,0.9694323257398086,0.01615720542899681,0.0,0.0,0.0,0.0,0.0,0.0005418939428714097,0.0,0.0,0.014583333333333334,0.014041439390461924,0.0,0.0,0.0035904900953326246,3.5958992719015557,3.5958992719015557,0.0,0.01615720542899681,0.0,0.0005418939428714097
17.766666666666666,0.8622793266477878,0.014371322110796463,0.0,0.0,0.0,0.0,0.0,0.0004819974863300417,0.0,0.0,0.014583333333333334,0.014101335847003292,0.0,0.0,0.0031936271357325473,3.592705644765823,3.592705644765823,0.0,0.014371322110796463,0.0,0.0004819974863300417
17.78333333333333,0.7603215145618043,0.012672025242696738,0.0,0.0,0.0,0.0,0.0,0.00042500503896590787,0.0,0.0,0.014583333333333334,0.014158328294367426,0.0,0.0,0.002816005609488164,3.589889639156335,3.5898896391563344,0.0,0.012672025242696738,0.0,0.00042500503896590787
17.8,0.6636823654373913,0.011061372757289856,0.0,0.0,0.0,0.0,0.0,0.00037098562145287804,0.0,0.0,0.014583333333333334,0.014212347711880456,0.0,0.0,0.0024580828349533013,3.5874315563213814,3.5874315563213814,0.0,0.011061372757289856,0.0,0.00037098562145287804
17.816666666666666,0.5724975281873781,0.009541625469789634,0.0,0.0,0.0,0.0,0.0,0.00032001505891279667,0.0,0.0,0.014583333333333334,0.014263318274420537,0.0,0.0,0.0021203612155088077,3.5853111951058727,3.5853111951058723,0.0,0.009541625469789634,0.0,0.00032001505891279667
17.833333333333332,0.48691735560671984,0.008115289260111997,0.0,0.0,0.0,0.0,0.0,0.00027217739565357134,0.0,0.0,0.014583333333333334,0.014311155937679763,0.0,0.0,0.0018033976133582216,3.5835077974925147,3.5835077974925142,0.0,0.008115289260111997,0.0,0.00027217739565357134
17.85,0.4071102502498303,0.0067851708374971715,0.0,0.0,0.0,0.0,0.0,0.0002275667654499668,0.0,0.0,0.014583333333333334,0.014355766567883366,0.0,0.0,0.001507815741666038,3.5819999817508488,3.5819999817508488,0.0,0.0067851708374971715,0.0,0.0002275667654499668
17.866666666666667,0.33326720454040293,0.005554453409006716,0.0,0.0,0.0,0.0,0.0,0.0001862899293772906,0.0,0.0,0.014583333333333334,0.014397043403956042,0.0,0.0,0.0012343229797792702,3.5807656587710697,3.5807656587710697,0.0,0.0055544534090067165,0.0,0.0001862899293772906
17.883333333333333,0.26560815909048113,0.004426802651508019,0.0,0.0,0.0,0.0,0.0,0.00014846982998892492,0.0,0.0,0.014583333333333334,0.014434863503344409,0.0,0.0,0.0009837339225573375,3.5797819248485125,3.5797819248485125,0.0,0.004426802651508018,8.673617379884035e-19,0.00014846982998892492
17.9,0.20439126245739386,0.003406521040956564,0.0,0.0,0.0,0.0,0.0,0.00011425076734157652,0.0,0.0,0.014583333333333334,0.014469082565991756,0.0,0.0,0.0007570046757681254,3.579024920172744,3.579024920172744,0.0,0.0034065210409565646,0.0,0.00011425076734157652
17.916666666666668,0.14992704405698487,0.0024987840676164146,0.0,0.0,0.0,0.0,0.0,8.380632137998333e-05,0.0,0.0,0.014583333333333334,0.01449952701195335,0.0,0.0,0.0005552853483592032,3.578469634824385,3.578469634824385,0.0,0.0024987840676164146,0.0,8.380632137998333e-05
17.933333333333334,0.10260157825857294,0.001710026304309549,0.0,0.0,0.0,0.0,0.0,5.7352300218520016e-05,0.0,0.0,0.014583333333333334,0.014525981033114813,0.0,0.0,0.000380005845402122,3.578089628978983,3.578089628978983,0.0,0.001710026304309549,0.0,5.7352300218520016e-05
17.95,0.06291795352028096,0.0010486325586713493,0.0,0.0,0.0,0.0,0.0,3.5169920586757956e-05,0.0,0.0,0.014583333333333334,0.014548163412746576,0.0,0.0,0.00023302945748252207,3.5778565995215006,3.5778565995215006,0.0,0.0010486325586713493,0.0,3.5169920586757956e-05
17.966666666666665,0.031581384229091396,0.0005263564038181899,0.0,0.0,0.0,0.0,0.0,1.765338370388997e-05,0.0,0.0,0.014583333333333334,0.014565679949629444,0.0,0.0,0.00011696808973737553,3.577739631431763,3.577739631431763,0.0,0.0005263564038181899,0.0,1.765338370388997e-05
17.983333333333334,0.009720468493462838,0.00016200780822438063,0.0,0.0,0.0,0.0,0.0,5.433554110608081e-06,0.0,0.0,0.014583333333333334,0.014577899779222726,0.0,0.0,3.6001735160973476e-05,3.577703629696602,3.577703629696602,0.0,0.00016200780822438063,0.0,5.433554110608081e-06
18.0,8.904682680310141e-26,1.48411378005169e-27,0.0,0.0,0.0,0.0,0.0,4.977545600173363e-29,0.0,0.0,0.014583333333333334,0.014583333333333334,0.0,0.0,3.298030622337089e-28,3.577703629696602,3.577703629696602,0.0,1.48411378005169e-27,0.0,4.977545600173363e-29
18.016666666666666,0.0,0.0,0.0,0.0,0.0,0.0,0.0,0.0,0.0,0.0,0.011666666666666665,0.011666666666666665,0.0,0.0,0.0,3.577703629696602,3.577703629696602,0.0,0.0,0.0,0.0
18.03333333333333,0.0,0.0,0.0,0.0,0.0,0.0,0.0,0.0,0.0,0.0,0.011666666666666665,0.011666666666666665,0.0,0.0,0.0,3.577703629696602,3.577703629696602,0.0,0.0,0.0,0.0
18.05,0.0,0.0,0.0,0.0,0.0,0.0,0.0,0.0,0.0,0.0,0.011666666666666665,0.011666666666666665,0.0,0.0,0.0,3.577703629696602,3.577703629696602,0.0,0.0,0.0,0.0
18.066666666666666,0.0,0.0,0.0,0.0,0.0,0.0,0.0,0.0,0.0,0.0,0.011666666666666665,0.011666666666666665,0.0,0.0,0.0,3.577703629696602,3.577703629696602,0.0,0.0,0.0,0.0
18.083333333333332,0.0,0.0,0.0,0.0,0.0,0.0,0.0,0.0,0.0,0.0,0.011666666666666665,0.011666666666666665,0.0,0.0,0.0,3.577703629696602,3.577703629696602,0.0,0.0,0.0,0.0
18.1,0.0,0.0,0.0,0.0,0.0,0.0,0.0,0.0,0.0,0.0,0.011666666666666665,0.011666666666666665,0.0,0.0,0.0,3.577703629696602,3.577703629696602,0.0,0.0,0.0,0.0
18.116666666666667,0.0,0.0,0.0,0.0,0.0,0.0,0.0,0.0,0.0,0.0,0.011666666666666665,0.011666666666666665,0.0,0.0,0.0,3.577703629696602,3.577703629696602,0.0,0.0,0.0,0.0
18.133333333333333,0.0,0.0,0.0,0.0,0.0,0.0,0.0,0.0,0.0,0.0,0.011666666666666665,0.011666666666666665,0.0,0.0,0.0,3.577703629696602,3.577703629696602,0.0,0.0,0.0,0.0
18.15,0.0,0.0,0.0,0.0,0.0,0.0,0.0,0.0,0.0,0.0,0.011666666666666665,0.011666666666666665,0.0,0.0,0.0,3.577703629696602,3.577703629696602,0.0,0.0,0.0,0.0
18.166666666666668,0.0,0.0,0.0,0.0,0.0,0.0,0.0,0.0,0.0,0.0,0.011666666666666665,0.011666666666666665,0.0,0.0,0.0,3.577703629696602,3.577703629696602,0.0,0.0,0.0,0.0
18.183333333333334,0.0,0.0,0.0,0.0,0.0,0.0,0.0,0.0,0.0,0.0,0.011666666666666665,0.011666666666666665,0.0,0.0,0.0,3.577703629696602,3.577703629696602,0.0,0.0,0.0,0.0
18.2,0.0,0.0,0.0,0.0,0.0,0.0,0.0,0.0,0.0,0.0,0.011666666666666665,0.011666666666666665,0.0,0.0,0.0,3.577703629696602,3.577703629696602,0.0,0.0,0.0,0.0
18.216666666666665,0.0,0.0,0.0,0.0,0.0,0.0,0.0,0.0,0.0,0.0,0.011666666666666665,0.011666666666666665,0.0,0.0,0.0,3.577703629696602,3.577703629696602,0.0,0.0,0.0,0.0
18.233333333333334,0.0,0.0,0.0,0.0,0.0,0.0,0.0,0.0,0.0,0.0,0.011666666666666665,0.011666666666666665,0.0,0.0,0.0,3.577703629696602,3.577703629696602,0.0,0.0,0.0,0.0
18.25,0.0,0.0,0.0,0.0,0.0,0.0,0.0,0.0,0.0,0.0,0.011666666666666665,0.011666666666666665,0.0,0.0,0.0,3.577703629696602,3.577703629696602,0.0,0.0,0.0,0.0
18.266666666666666,0.0,0.0,0.0,0.0,0.0,0.0,0.0,0.0,0.0,0.0,0.011666666666666665,0.011666666666666665,0.0,0.0,0.0,3.577703629696602,3.577703629696602,0.0,0.0,0.0,0.0
18.28333333333333,0.0,0.0,0.0,0.0,0.0,0.0,0.0,0.0,0.0,0.0,0.011666666666666665,0.011666666666666665,0.0,0.0,0.0,3.577703629696602,3.577703629696602,0.0,0.0,0.0,0.0
18.3,0.0,0.0,0.0,0.0,0.0,0.0,0.0,0.0,0.0,0.0,0.011666666666666665,0.011666666666666665,0.0,0.0,0.0,3.577703629696602,3.577703629696602,0.0,0.0,0.0,0.0
18.316666666666666,0.0,0.0,0.0,0.0,0.0,0.0,0.0,0.0,0.0,0.0,0.011666666666666665,0.011666666666666665,0.0,0.0,0.0,3.577703629696602,3.577703629696602,0.0,0.0,0.0,0.0
18.333333333333332,0.0,0.0,0.0,0.0,0.0,0.0,0.0,0.0,0.0,0.0,0.011666666666666665,0.011666666666666665,0.0,0.0,0.0,3.577703629696602,3.577703629696602,0.0,0.0,0.0,0.0
18.35,0.0,0.0,0.0,0.0,0.0,0.0,0.0,0.0,0.0,0.0,0.011666666666666665,0.011666666666666665,0.0,0.0,0.0,3.577703629696602,3.577703629696602,0.0,0.0,0.0,0.0
18.366666666666667,0.0,0.0,0.0,0.0,0.0,0.0,0.0,0.0,0.0,0.0,0.011666666666666665,0.011666666666666665,0.0,0.0,0.0,3.577703629696602,3.577703629696602,0.0,0.0,0.0,0.0
18.383333333333333,0.0,0.0,0.0,0.0,0.0,0.0,0.0,0.0,0.0,0.0,0.011666666666666665,0.011666666666666665,0.0,0.0,0.0,3.577703629696602,3.577703629696602,0.0,0.0,0.0,0.0
18.4,0.0,0.0,0.0,0.0,0.0,0.0,0.0,0.0,0.0,0.0,0.011666666666666665,0.011666666666666665,0.0,0.0,0.0,3.577703629696602,3.577703629696602,0.0,0.0,0.0,0.0
18.416666666666668,0.0,0.0,0.0,0.0,0.0,0.0,0.0,0.0,0.0,0.0,0.011666666666666665,0.011666666666666665,0.0,0.0,0.0,3.577703629696602,3.577703629696602,0.0,0.0,0.0,0.0
18.433333333333334,0.0,0.0,0.0,0.0,0.0,0.0,0.0,0.0,0.0,0.0,0.011666666666666665,0.011666666666666665,0.0,0.0,0.0,3.577703629696602,3.577703629696602,0.0,0.0,0.0,0.0
18.45,0.0,0.0,0.0,0.0,0.0,0.0,0.0,0.0,0.0,0.0,0.011666666666666665,0.011666666666666665,0.0,0.0,0.0,3.577703629696602,3.577703629696602,0.0,0.0,0.0,0.0
18.466666666666665,0.0,0.0,0.0,0.0,0.0,0.0,0.0,0.0,0.0,0.0,0.011666666666666665,0.011666666666666665,0.0,0.0,0.0,3.577703629696602,3.577703629696602,0.0,0.0,0.0,0.0
18.483333333333334,0.0,0.0,0.0,0.0,0.0,0.0,0.0,0.0,0.0,0.0,0.011666666666666665,0.011666666666666665,0.0,0.0,0.0,3.577703629696602,3.577703629696602,0.0,0.0,0.0,0.0
18.5,0.0,0.0,0.0,0.0,0.0,0.0,0.0,0.0,0.0,0.0,0.011666666666666665,0.011666666666666665,0.0,0.0,0.0,3.577703629696602,3.577703629696602,0.0,0.0,0.0,0.0
18.516666666666666,0.0,0.0,0.0,0.0,0.0,0.0,0.0,0.0,0.0,0.0,0.011666666666666665,0.011666666666666665,0.0,0.0,0.0,3.577703629696602,3.577703629696602,0.0,0.0,0.0,0.0
18.53333333333333,0.0,0.0,0.0,0.0,0.0,0.0,0.0,0.0,0.0,0.0,0.011666666666666665,0.011666666666666665,0.0,0.0,0.0,3.577703629696602,3.577703629696602,0.0,0.0,0.0,0.0
18.55,0.0,0.0,0.0,0.0,0.0,0.0,0.0,0.0,0.0,0.0,0.011666666666666665,0.011666666666666665,0.0,0.0,0.0,3.577703629696602,3.577703629696602,0.0,0.0,0.0,0.0
18.566666666666666,0.0,0.0,0.0,0.0,0.0,0.0,0.0,0.0,0.0,0.0,0.011666666666666665,0.011666666666666665,0.0,0.0,0.0,3.577703629696602,3.577703629696602,0.0,0.0,0.0,0.0
18.583333333333332,0.0,0.0,0.0,0.0,0.0,0.0,0.0,0.0,0.0,0.0,0.011666666666666665,0.011666666666666665,0.0,0.0,0.0,3.577703629696602,3.577703629696602,0.0,0.0,0.0,0.0
18.6,0.0,0.0,0.0,0.0,0.0,0.0,0.0,0.0,0.0,0.0,0.011666666666666665,0.011666666666666665,0.0,0.0,0.0,3.577703629696602,3.577703629696602,0.0,0.0,0.0,0.0
18.616666666666667,0.0,0.0,0.0,0.0,0.0,0.0,0.0,0.0,0.0,0.0,0.011666666666666665,0.011666666666666665,0.0,0.0,0.0,3.577703629696602,3.577703629696602,0.0,0.0,0.0,0.0
18.633333333333333,0.0,0.0,0.0,0.0,0.0,0.0,0.0,0.0,0.0,0.0,0.011666666666666665,0.011666666666666665,0.0,0.0,0.0,3.577703629696602,3.577703629696602,0.0,0.0,0.0,0.0
18.65,0.0,0.0,0.0,0.0,0.0,0.0,0.0,0.0,0.0,0.0,0.011666666666666665,0.011666666666666665,0.0,0.0,0.0,3.577703629696602,3.577703629696602,0.0,0.0,0.0,0.0
18.666666666666668,0.0,0.0,0.0,0.0,0.0,0.0,0.0,0.0,0.0,0.0,0.011666666666666665,0.011666666666666665,0.0,0.0,0.0,3.577703629696602,3.577703629696602,0.0,0.0,0.0,0.0
18.683333333333334,0.0,0.0,0.0,0.0,0.0,0.0,0.0,0.0,0.0,0.0,0.011666666666666665,0.011666666666666665,0.0,0.0,0.0,3.577703629696602,3.577703629696602,0.0,0.0,0.0,0.0
18.7,0.0,0.0,0.0,0.0,0.0,0.0,0.0,0.0,0.0,0.0,0.011666666666666665,0.011666666666666665,0.0,0.0,0.0,3.577703629696602,3.577703629696602,0.0,0.0,0.0,0.0
18.716666666666665,0.0,0.0,0.0,0.0,0.0,0.0,0.0,0.0,0.0,0.0,0.011666666666666665,0.011666666666666665,0.0,0.0,0.0,3.577703629696602,3.577703629696602,0.0,0.0,0.0,0.0
18.733333333333334,0.0,0.0,0.0,0.0,0.0,0.0,0.0,0.0,0.0,0.0,0.011666666666666665,0.011666666666666665,0.0,0.0,0.0,3.577703629696602,3.577703629696602,0.0,0.0,0.0,0.0
18.75,0.0,0.0,0.0,0.0,0.0,0.0,0.0,0.0,0.0,0.0,0.011666666666666665,0.011666666666666665,0.0,0.0,0.0,3.577703629696602,3.577703629696602,0.0,0.0,0.0,0.0
18.766666666666666,0.0,0.0,0.0,0.0,0.0,0.0,0.0,0.0,0.0,0.0,0.011666666666666665,0.011666666666666665,0.0,0.0,0.0,3.577703629696602,3.577703629696602,0.0,0.0,0.0,0.0
18.78333333333333,0.0,0.0,0.0,0.0,0.0,0.0,0.0,0.0,0.0,0.0,0.011666666666666665,0.011666666666666665,0.0,0.0,0.0,3.577703629696602,3.577703629696602,0.0,0.0,0.0,0.0
18.8,0.0,0.0,0.0,0.0,0.0,0.0,0.0,0.0,0.0,0.0,0.011666666666666665,0.011666666666666665,0.0,0.0,0.0,3.577703629696602,3.577703629696602,0.0,0.0,0.0,0.0
18.816666666666666,0.0,0.0,0.0,0.0,0.0,0.0,0.0,0.0,0.0,0.0,0.011666666666666665,0.011666666666666665,0.0,0.0,0.0,3.577703629696602,3.577703629696602,0.0,0.0,0.0,0.0
18.833333333333332,0.0,0.0,0.0,0.0,0.0,0.0,0.0,0.0,0.0,0.0,0.011666666666666665,0.011666666666666665,0.0,0.0,0.0,3.577703629696602,3.577703629696602,0.0,0.0,0.0,0.0
18.85,0.0,0.0,0.0,0.0,0.0,0.0,0.0,0.0,0.0,0.0,0.011666666666666665,0.011666666666666665,0.0,0.0,0.0,3.577703629696602,3.577703629696602,0.0,0.0,0.0,0.0
18.866666666666667,0.0,0.0,0.0,0.0,0.0,0.0,0.0,0.0,0.0,0.0,0.011666666666666665,0.011666666666666665,0.0,0.0,0.0,3.577703629696602,3.577703629696602,0.0,0.0,0.0,0.0
18.883333333333333,0.0,0.0,0.0,0.0,0.0,0.0,0.0,0.0,0.0,0.0,0.011666666666666665,0.011666666666666665,0.0,0.0,0.0,3.577703629696602,3.577703629696602,0.0,0.0,0.0,0.0
18.9,0.0,0.0,0.0,0.0,0.0,0.0,0.0,0.0,0.0,0.0,0.011666666666666665,0.011666666666666665,0.0,0.0,0.0,3.577703629696602,3.577703629696602,0.0,0.0,0.0,0.0
18.916666666666668,0.0,0.0,0.0,0.0,0.0,0.0,0.0,0.0,0.0,0.0,0.011666666666666665,0.011666666666666665,0.0,0.0,0.0,3.577703629696602,3.577703629696602,0.0,0.0,0.0,0.0
18.933333333333334,0.0,0.0,0.0,0.0,0.0,0.0,0.0,0.0,0.0,0.0,0.011666666666666665,0.011666666666666665,0.0,0.0,0.0,3.577703629696602,3.577703629696602,0.0,0.0,0.0,0.0
18.95,0.0,0.0,0.0,0.0,0.0,0.0,0.0,0.0,0.0,0.0,0.011666666666666665,0.011666666666666665,0.0,0.0,0.0,3.577703629696602,3.577703629696602,0.0,0.0,0.0,0.0
18.966666666666665,0.0,0.0,0.0,0.0,0.0,0.0,0.0,0.0,0.0,0.0,0.011666666666666665,0.011666666666666665,0.0,0.0,0.0,3.577703629696602,3.577703629696602,0.0,0.0,0.0,0.0
18.983333333333334,0.0,0.0,0.0,0.0,0.0,0.0,0.0,0.0,0.0,0.0,0.011666666666666665,0.011666666666666665,0.0,0.0,0.0,3.577703629696602,3.577703629696602,0.0,0.0,0.0,0.0
19.0,0.0,0.0,0.0,0.0,0.0,0.0,0.0,0.0,0.0,0.0,0.011666666666666665,0.011666666666666665,0.0,0.0,0.0,3.577703629696602,3.577703629696602,0.0,0.0,0.0,0.0
19.016666666666666,0.0,0.0,0.0,0.0,0.0,0.0,0.0,0.0,0.0,0.0,0.011666666666666665,0.011666666666666665,0.0,0.0,0.0,3.577703629696602,3.577703629696602,0.0,0.0,0.0,0.0
19.03333333333333,0.0,0.0,0.0,0.0,0.0,0.0,0.0,0.0,0.0,0.0,0.011666666666666665,0.011666666666666665,0.0,0.0,0.0,3.577703629696602,3.577703629696602,0.0,0.0,0.0,0.0
19.05,0.0,0.0,0.0,0.0,0.0,0.0,0.0,0.0,0.0,0.0,0.011666666666666665,0.011666666666666665,0.0,0.0,0.0,3.577703629696602,3.577703629696602,0.0,0.0,0.0,0.0
19.066666666666666,0.0,0.0,0.0,0.0,0.0,0.0,0.0,0.0,0.0,0.0,0.011666666666666665,0.011666666666666665,0.0,0.0,0.0,3.577703629696602,3.577703629696602,0.0,0.0,0.0,0.0
19.083333333333332,0.0,0.0,0.0,0.0,0.0,0.0,0.0,0.0,0.0,0.0,0.011666666666666665,0.011666666666666665,0.0,0.0,0.0,3.577703629696602,3.577703629696602,0.0,0.0,0.0,0.0
19.1,0.0,0.0,0.0,0.0,0.0,0.0,0.0,0.0,0.0,0.0,0.011666666666666665,0.011666666666666665,0.0,0.0,0.0,3.577703629696602,3.577703629696602,0.0,0.0,0.0,0.0
19.116666666666667,0.0,0.0,0.0,0.0,0.0,0.0,0.0,0.0,0.0,0.0,0.011666666666666665,0.011666666666666665,0.0,0.0,0.0,3.577703629696602,3.577703629696602,0.0,0.0,0.0,0.0
19.133333333333333,0.0,0.0,0.0,0.0,0.0,0.0,0.0,0.0,0.0,0.0,0.011666666666666665,0.011666666666666665,0.0,0.0,0.0,3.577703629696602,3.577703629696602,0.0,0.0,0.0,0.0
19.15,0.0,0.0,0.0,0.0,0.0,0.0,0.0,0.0,0.0,0.0,0.011666666666666665,0.011666666666666665,0.0,0.0,0.0,3.577703629696602,3.577703629696602,0.0,0.0,0.0,0.0
19.166666666666668,0.0,0.0,0.0,0.0,0.0,0.0,0.0,0.0,0.0,0.0,0.011666666666666665,0.011666666666666665,0.0,0.0,0.0,3.577703629696602,3.577703629696602,0.0,0.0,0.0,0.0
19.183333333333334,0.0,0.0,0.0,0.0,0.0,0.0,0.0,0.0,0.0,0.0,0.011666666666666665,0.011666666666666665,0.0,0.0,0.0,3.577703629696602,3.577703629696602,0.0,0.0,0.0,0.0
19.2,0.0,0.0,0.0,0.0,0.0,0.0,0.0,0.0,0.0,0.0,0.011666666666666665,0.011666666666666665,0.0,0.0,0.0,3.577703629696602,3.577703629696602,0.0,0.0,0.0,0.0
19.216666666666665,0.0,0.0,0.0,0.0,0.0,0.0,0.0,0.0,0.0,0.0,0.011666666666666665,0.011666666666666665,0.0,0.0,0.0,3.577703629696602,3.577703629696602,0.0,0.0,0.0,0.0
19.233333333333334,0.0,0.0,0.0,0.0,0.0,0.0,0.0,0.0,0.0,0.0,0.011666666666666665,0.011666666666666665,0.0,0.0,0.0,3.577703629696602,3.577703629696602,0.0,0.0,0.0,0.0
19.25,0.0,0.0,0.0,0.0,0.0,0.0,0.0,0.0,0.0,0.0,0.011666666666666665,0.011666666666666665,0.0,0.0,0.0,3.577703629696602,3.577703629696602,0.0,0.0,0.0,0.0
19.266666666666666,0.0,0.0,0.0,0.0,0.0,0.0,0.0,0.0,0.0,0.0,0.011666666666666665,0.011666666666666665,0.0,0.0,0.0,3.577703629696602,3.577703629696602,0.0,0.0,0.0,0.0
19.28333333333333,0.0,0.0,0.0,0.0,0.0,0.0,0.0,0.0,0.0,0.0,0.011666666666666665,0.011666666666666665,0.0,0.0,0.0,3.577703629696602,3.577703629696602,0.0,0.0,0.0,0.0
19.3,0.0,0.0,0.0,0.0,0.0,0.0,0.0,0.0,0.0,0.0,0.011666666666666665,0.011666666666666665,0.0,0.0,0.0,3.577703629696602,3.577703629696602,0.0,0.0,0.0,0.0
19.316666666666666,0.0,0.0,0.0,0.0,0.0,0.0,0.0,0.0,0.0,0.0,0.011666666666666665,0.011666666666666665,0.0,0.0,0.0,3.577703629696602,3.577703629696602,0.0,0.0,0.0,0.0
19.333333333333332,0.0,0.0,0.0,0.0,0.0,0.0,0.0,0.0,0.0,0.0,0.011666666666666665,0.011666666666666665,0.0,0.0,0.0,3.577703629696602,3.577703629696602,0.0,0.0,0.0,0.0
19.35,0.0,0.0,0.0,0.0,0.0,0.0,0.0,0.0,0.0,0.0,0.011666666666666665,0.011666666666666665,0.0,0.0,0.0,3.577703629696602,3.577703629696602,0.0,0.0,0.0,0.0
19.366666666666667,0.0,0.0,0.0,0.0,0.0,0.0,0.0,0.0,0.0,0.0,0.011666666666666665,0.011666666666666665,0.0,0.0,0.0,3.577703629696602,3.577703629696602,0.0,0.0,0.0,0.0
19.383333333333333,0.0,0.0,0.0,0.0,0.0,0.0,0.0,0.0,0.0,0.0,0.011666666666666665,0.011666666666666665,0.0,0.0,0.0,3.577703629696602,3.577703629696602,0.0,0.0,0.0,0.0
19.4,0.0,0.0,0.0,0.0,0.0,0.0,0.0,0.0,0.0,0.0,0.011666666666666665,0.011666666666666665,0.0,0.0,0.0,3.577703629696602,3.577703629696602,0.0,0.0,0.0,0.0
19.416666666666668,0.0,0.0,0.0,0.0,0.0,0.0,0.0,0.0,0.0,0.0,0.011666666666666665,0.011666666666666665,0.0,0.0,0.0,3.577703629696602,3.577703629696602,0.0,0.0,0.0,0.0
19.433333333333334,0.0,0.0,0.0,0.0,0.0,0.0,0.0,0.0,0.0,0.0,0.011666666666666665,0.011666666666666665,0.0,0.0,0.0,3.577703629696602,3.577703629696602,0.0,0.0,0.0,0.0
19.45,0.0,0.0,0.0,0.0,0.0,0.0,0.0,0.0,0.0,0.0,0.011666666666666665,0.011666666666666665,0.0,0.0,0.0,3.577703629696602,3.577703629696602,0.0,0.0,0.0,0.0
19.466666666666665,0.0,0.0,0.0,0.0,0.0,0.0,0.0,0.0,0.0,0.0,0.011666666666666665,0.011666666666666665,0.0,0.0,0.0,3.577703629696602,3.577703629696602,0.0,0.0,0.0,0.0
19.483333333333334,0.0,0.0,0.0,0.0,0.0,0.0,0.0,0.0,0.0,0.0,0.011666666666666665,0.011666666666666665,0.0,0.0,0.0,3.577703629696602,3.577703629696602,0.0,0.0,0.0,0.0
19.5,0.0,0.0,0.0,0.0,0.0,0.0,0.0,0.0,0.0,0.0,0.011666666666666665,0.011666666666666665,0.0,0.0,0.0,3.577703629696602,3.577703629696602,0.0,0.0,0.0,0.0
19.516666666666666,0.0,0.0,0.0,0.0,0.0,0.0,0.0,0.0,0.0,0.0,0.011666666666666665,0.011666666666666665,0.0,0.0,0.0,3.577703629696602,3.577703629696602,0.0,0.0,0.0,0.0
19.53333333333333,0.0,0.0,0.0,0.0,0.0,0.0,0.0,0.0,0.0,0.0,0.011666666666666665,0.011666666666666665,0.0,0.0,0.0,3.577703629696602,3.577703629696602,0.0,0.0,0.0,0.0
19.55,0.0,0.0,0.0,0.0,0.0,0.0,0.0,0.0,0.0,0.0,0.011666666666666665,0.011666666666666665,0.0,0.0,0.0,3.577703629696602,3.577703629696602,0.0,0.0,0.0,0.0
19.566666666666666,0.0,0.0,0.0,0.0,0.0,0.0,0.0,0.0,0.0,0.0,0.011666666666666665,0.011666666666666665,0.0,0.0,0.0,3.577703629696602,3.577703629696602,0.0,0.0,0.0,0.0
19.583333333333332,0.0,0.0,0.0,0.0,0.0,0.0,0.0,0.0,0.0,0.0,0.011666666666666665,0.011666666666666665,0.0,0.0,0.0,3.577703629696602,3.577703629696602,0.0,0.0,0.0,0.0
19.6,0.0,0.0,0.0,0.0,0.0,0.0,0.0,0.0,0.0,0.0,0.011666666666666665,0.011666666666666665,0.0,0.0,0.0,3.577703629696602,3.577703629696602,0.0,0.0,0.0,0.0
19.616666666666667,0.0,0.0,0.0,0.0,0.0,0.0,0.0,0.0,0.0,0.0,0.011666666666666665,0.011666666666666665,0.0,0.0,0.0,3.577703629696602,3.577703629696602,0.0,0.0,0.0,0.0
19.633333333333333,0.0,0.0,0.0,0.0,0.0,0.0,0.0,0.0,0.0,0.0,0.011666666666666665,0.011666666666666665,0.0,0.0,0.0,3.577703629696602,3.577703629696602,0.0,0.0,0.0,0.0
19.65,0.0,0.0,0.0,0.0,0.0,0.0,0.0,0.0,0.0,0.0,0.011666666666666665,0.011666666666666665,0.0,0.0,0.0,3.577703629696602,3.577703629696602,0.0,0.0,0.0,0.0
19.666666666666668,0.0,0.0,0.0,0.0,0.0,0.0,0.0,0.0,0.0,0.0,0.011666666666666665,0.011666666666666665,0.0,0.0,0.0,3.577703629696602,3.577703629696602,0.0,0.0,0.0,0.0
19.683333333333334,0.0,0.0,0.0,0.0,0.0,0.0,0.0,0.0,0.0,0.0,0.011666666666666665,0.011666666666666665,0.0,0.0,0.0,3.577703629696602,3.577703629696602,0.0,0.0,0.0,0.0
19.7,0.0,0.0,0.0,0.0,0.0,0.0,0.0,0.0,0.0,0.0,0.011666666666666665,0.011666666666666665,0.0,0.0,0.0,3.577703629696602,3.577703629696602,0.0,0.0,0.0,0.0
19.716666666666665,0.0,0.0,0.0,0.0,0.0,0.0,0.0,0.0,0.0,0.0,0.011666666666666665,0.011666666666666665,0.0,0.0,0.0,3.577703629696602,3.577703629696602,0.0,0.0,0.0,0.0
19.733333333333334,0.0,0.0,0.0,0.0,0.0,0.0,0.0,0.0,0.0,0.0,0.011666666666666665,0.011666666666666665,0.0,0.0,0.0,3.577703629696602,3.577703629696602,0.0,0.0,0.0,0.0
19.75,0.0,0.0,0.0,0.0,0.0,0.0,0.0,0.0,0.0,0.0,0.011666666666666665,0.011666666666666665,0.0,0.0,0.0,3.577703629696602,3.577703629696602,0.0,0.0,0.0,0.0
19.766666666666666,0.0,0.0,0.0,0.0,0.0,0.0,0.0,0.0,0.0,0.0,0.011666666666666665,0.011666666666666665,0.0,0.0,0.0,3.577703629696602,3.577703629696602,0.0,0.0,0.0,0.0
19.78333333333333,0.0,0.0,0.0,0.0,0.0,0.0,0.0,0.0,0.0,0.0,0.011666666666666665,0.011666666666666665,0.0,0.0,0.0,3.577703629696602,3.577703629696602,0.0,0.0,0.0,0.0
19.8,0.0,0.0,0.0,0.0,0.0,0.0,0.0,0.0,0.0,0.0,0.011666666666666665,0.011666666666666665,0.0,0.0,0.0,3.577703629696602,3.577703629696602,0.0,0.0,0.0,0.0
19.816666666666666,0.0,0.0,0.0,0.0,0.0,0.0,0.0,0.0,0.0,0.0,0.011666666666666665,0.011666666666666665,0.0,0.0,0.0,3.577703629696602,3.577703629696602,0.0,0.0,0.0,0.0
19.833333333333332,0.0,0.0,0.0,0.0,0.0,0.0,0.0,0.0,0.0,0.0,0.011666666666666665,0.011666666666666665,0.0,0.0,0.0,3.577703629696602,3.577703629696602,0.0,0.0,0.0,0.0
19.85,0.0,0.0,0.0,0.0,0.0,0.0,0.0,0.0,0.0,0.0,0.011666666666666665,0.011666666666666665,0.0,0.0,0.0,3.577703629696602,3.577703629696602,0.0,0.0,0.0,0.0
19.866666666666667,0.0,0.0,0.0,0.0,0.0,0.0,0.0,0.0,0.0,0.0,0.011666666666666665,0.011666666666666665,0.0,0.0,0.0,3.577703629696602,3.577703629696602,0.0,0.0,0.0,0.0
19.883333333333333,0.0,0.0,0.0,0.0,0.0,0.0,0.0,0.0,0.0,0.0,0.011666666666666665,0.011666666666666665,0.0,0.0,0.0,3.577703629696602,3.577703629696602,0.0,0.0,0.0,0.0
19.9,0.0,0.0,0.0,0.0,0.0,0.0,0.0,0.0,0.0,0.0,0.011666666666666665,0.011666666666666665,0.0,0.0,0.0,3.577703629696602,3.577703629696602,0.0,0.0,0.0,0.0
19.916666666666668,0.0,0.0,0.0,0.0,0.0,0.0,0.0,0.0,0.0,0.0,0.011666666666666665,0.011666666666666665,0.0,0.0,0.0,3.577703629696602,3.577703629696602,0.0,0.0,0.0,0.0
19.933333333333334,0.0,0.0,0.0,0.0,0.0,0.0,0.0,0.0,0.0,0.0,0.011666666666666665,0.011666666666666665,0.0,0.0,0.0,3.577703629696602,3.577703629696602,0.0,0.0,0.0,0.0
19.95,0.0,0.0,0.0,0.0,0.0,0.0,0.0,0.0,0.0,0.0,0.011666666666666665,0.011666666666666665,0.0,0.0,0.0,3.577703629696602,3.577703629696602,0.0,0.0,0.0,0.0
19.966666666666665,0.0,0.0,0.0,0.0,0.0,0.0,0.0,0.0,0.0,0.0,0.011666666666666665,0.011666666666666665,0.0,0.0,0.0,3.577703629696602,3.577703629696602,0.0,0.0,0.0,0.0
19.983333333333334,0.0,0.0,0.0,0.0,0.0,0.0,0.0,0.0,0.0,0.0,0.011666666666666665,0.011666666666666665,0.0,0.0,0.0,3.577703629696602,3.577703629696602,0.0,0.0,0.0,0.0
20.0,0.0,0.0,0.0,0.0,0.0,0.0,0.0,0.0,0.0,0.0,0.011666666666666665,0.011666666666666665,0.0,0.0,0.0,3.577703629696602,3.577703629696602,0.0,0.0,0.0,0.0
20.016666666666666,0.0,0.0,0.0,0.0,0.0,0.0,0.0,0.0,0.0,0.0,0.011666666666666665,0.011666666666666665,0.0,0.0,0.0,3.577703629696602,3.577703629696602,0.0,0.0,0.0,0.0
20.03333333333333,0.0,0.0,0.0,0.0,0.0,0.0,0.0,0.0,0.0,0.0,0.011666666666666665,0.011666666666666665,0.0,0.0,0.0,3.577703629696602,3.577703629696602,0.0,0.0,0.0,0.0
20.05,0.0,0.0,0.0,0.0,0.0,0.0,0.0,0.0,0.0,0.0,0.011666666666666665,0.011666666666666665,0.0,0.0,0.0,3.577703629696602,3.577703629696602,0.0,0.0,0.0,0.0
20.066666666666666,0.0,0.0,0.0,0.0,0.0,0.0,0.0,0.0,0.0,0.0,0.011666666666666665,0.011666666666666665,0.0,0.0,0.0,3.577703629696602,3.577703629696602,0.0,0.0,0.0,0.0
20.083333333333332,0.0,0.0,0.0,0.0,0.0,0.0,0.0,0.0,0.0,0.0,0.011666666666666665,0.011666666666666665,0.0,0.0,0.0,3.577703629696602,3.577703629696602,0.0,0.0,0.0,0.0
20.1,0.0,0.0,0.0,0.0,0.0,0.0,0.0,0.0,0.0,0.0,0.011666666666666665,0.011666666666666665,0.0,0.0,0.0,3.577703629696602,3.577703629696602,0.0,0.0,0.0,0.0
20.116666666666667,0.0,0.0,0.0,0.0,0.0,0.0,0.0,0.0,0.0,0.0,0.011666666666666665,0.011666666666666665,0.0,0.0,0.0,3.577703629696602,3.577703629696602,0.0,0.0,0.0,0.0
20.133333333333333,0.0,0.0,0.0,0.0,0.0,0.0,0.0,0.0,0.0,0.0,0.011666666666666665,0.011666666666666665,0.0,0.0,0.0,3.577703629696602,3.577703629696602,0.0,0.0,0.0,0.0
20.15,0.0,0.0,0.0,0.0,0.0,0.0,0.0,0.0,0.0,0.0,0.011666666666666665,0.011666666666666665,0.0,0.0,0.0,3.577703629696602,3.577703629696602,0.0,0.0,0.0,0.0
20.166666666666668,0.0,0.0,0.0,0.0,0.0,0.0,0.0,0.0,0.0,0.0,0.011666666666666665,0.011666666666666665,0.0,0.0,0.0,3.577703629696602,3.577703629696602,0.0,0.0,0.0,0.0
20.183333333333334,0.0,0.0,0.0,0.0,0.0,0.0,0.0,0.0,0.0,0.0,0.011666666666666665,0.011666666666666665,0.0,0.0,0.0,3.577703629696602,3.577703629696602,0.0,0.0,0.0,0.0
20.2,0.0,0.0,0.0,0.0,0.0,0.0,0.0,0.0,0.0,0.0,0.011666666666666665,0.011666666666666665,0.0,0.0,0.0,3.577703629696602,3.577703629696602,0.0,0.0,0.0,0.0
20.216666666666665,0.0,0.0,0.0,0.0,0.0,0.0,0.0,0.0,0.0,0.0,0.011666666666666665,0.011666666666666665,0.0,0.0,0.0,3.577703629696602,3.577703629696602,0.0,0.0,0.0,0.0
20.233333333333334,0.0,0.0,0.0,0.0,0.0,0.0,0.0,0.0,0.0,0.0,0.011666666666666665,0.011666666666666665,0.0,0.0,0.0,3.577703629696602,3.577703629696602,0.0,0.0,0.0,0.0
20.25,0.0,0.0,0.0,0.0,0.0,0.0,0.0,0.0,0.0,0.0,0.011666666666666665,0.011666666666666665,0.0,0.0,0.0,3.577703629696602,3.577703629696602,0.0,0.0,0.0,0.0
20.266666666666666,0.0,0.0,0.0,0.0,0.0,0.0,0.0,0.0,0.0,0.0,0.011666666666666665,0.011666666666666665,0.0,0.0,0.0,3.577703629696602,3.577703629696602,0.0,0.0,0.0,0.0
20.28333333333333,0.0,0.0,0.0,0.0,0.0,0.0,0.0,0.0,0.0,0.0,0.011666666666666665,0.011666666666666665,0.0,0.0,0.0,3.577703629696602,3.577703629696602,0.0,0.0,0.0,0.0
20.3,0.0,0.0,0.0,0.0,0.0,0.0,0.0,0.0,0.0,0.0,0.011666666666666665,0.011666666666666665,0.0,0.0,0.0,3.577703629696602,3.577703629696602,0.0,0.0,0.0,0.0
20.316666666666666,0.0,0.0,0.0,0.0,0.0,0.0,0.0,0.0,0.0,0.0,0.011666666666666665,0.011666666666666665,0.0,0.0,0.0,3.577703629696602,3.577703629696602,0.0,0.0,0.0,0.0
20.333333333333332,0.0,0.0,0.0,0.0,0.0,0.0,0.0,0.0,0.0,0.0,0.011666666666666665,0.011666666666666665,0.0,0.0,0.0,3.577703629696602,3.577703629696602,0.0,0.0,0.0,0.0
20.35,0.0,0.0,0.0,0.0,0.0,0.0,0.0,0.0,0.0,0.0,0.011666666666666665,0.011666666666666665,0.0,0.0,0.0,3.577703629696602,3.577703629696602,0.0,0.0,0.0,0.0
20.366666666666667,0.0,0.0,0.0,0.0,0.0,0.0,0.0,0.0,0.0,0.0,0.011666666666666665,0.011666666666666665,0.0,0.0,0.0,3.577703629696602,3.577703629696602,0.0,0.0,0.0,0.0
20.383333333333333,0.0,0.0,0.0,0.0,0.0,0.0,0.0,0.0,0.0,0.0,0.011666666666666665,0.011666666666666665,0.0,0.0,0.0,3.577703629696602,3.577703629696602,0.0,0.0,0.0,0.0
20.4,0.0,0.0,0.0,0.0,0.0,0.0,0.0,0.0,0.0,0.0,0.011666666666666665,0.011666666666666665,0.0,0.0,0.0,3.577703629696602,3.577703629696602,0.0,0.0,0.0,0.0
20.416666666666668,0.0,0.0,0.0,0.0,0.0,0.0,0.0,0.0,0.0,0.0,0.011666666666666665,0.011666666666666665,0.0,0.0,0.0,3.577703629696602,3.577703629696602,0.0,0.0,0.0,0.0
20.433333333333334,0.0,0.0,0.0,0.0,0.0,0.0,0.0,0.0,0.0,0.0,0.011666666666666665,0.011666666666666665,0.0,0.0,0.0,3.577703629696602,3.577703629696602,0.0,0.0,0.0,0.0
20.45,0.0,0.0,0.0,0.0,0.0,0.0,0.0,0.0,0.0,0.0,0.011666666666666665,0.011666666666666665,0.0,0.0,0.0,3.577703629696602,3.577703629696602,0.0,0.0,0.0,0.0
20.466666666666665,0.0,0.0,0.0,0.0,0.0,0.0,0.0,0.0,0.0,0.0,0.011666666666666665,0.011666666666666665,0.0,0.0,0.0,3.577703629696602,3.577703629696602,0.0,0.0,0.0,0.0
20.483333333333334,0.0,0.0,0.0,0.0,0.0,0.0,0.0,0.0,0.0,0.0,0.011666666666666665,0.011666666666666665,0.0,0.0,0.0,3.577703629696602,3.577703629696602,0.0,0.0,0.0,0.0
20.5,0.0,0.0,0.0,0.0,0.0,0.0,0.0,0.0,0.0,0.0,0.011666666666666665,0.011666666666666665,0.0,0.0,0.0,3.577703629696602,3.577703629696602,0.0,0.0,0.0,0.0
20.516666666666666,0.0,0.0,0.0,0.0,0.0,0.0,0.0,0.0,0.0,0.0,0.011666666666666665,0.011666666666666665,0.0,0.0,0.0,3.577703629696602,3.577703629696602,0.0,0.0,0.0,0.0
20.53333333333333,0.0,0.0,0.0,0.0,0.0,0.0,0.0,0.0,0.0,0.0,0.011666666666666665,0.011666666666666665,0.0,0.0,0.0,3.577703629696602,3.577703629696602,0.0,0.0,0.0,0.0
20.55,0.0,0.0,0.0,0.0,0.0,0.0,0.0,0.0,0.0,0.0,0.011666666666666665,0.011666666666666665,0.0,0.0,0.0,3.577703629696602,3.577703629696602,0.0,0.0,0.0,0.0
20.566666666666666,0.0,0.0,0.0,0.0,0.0,0.0,0.0,0.0,0.0,0.0,0.011666666666666665,0.011666666666666665,0.0,0.0,0.0,3.577703629696602,3.577703629696602,0.0,0.0,0.0,0.0
20.583333333333332,0.0,0.0,0.0,0.0,0.0,0.0,0.0,0.0,0.0,0.0,0.011666666666666665,0.011666666666666665,0.0,0.0,0.0,3.577703629696602,3.577703629696602,0.0,0.0,0.0,0.0
20.6,0.0,0.0,0.0,0.0,0.0,0.0,0.0,0.0,0.0,0.0,0.011666666666666665,0.011666666666666665,0.0,0.0,0.0,3.577703629696602,3.577703629696602,0.0,0.0,0.0,0.0
20.616666666666667,0.0,0.0,0.0,0.0,0.0,0.0,0.0,0.0,0.0,0.0,0.011666666666666665,0.011666666666666665,0.0,0.0,0.0,3.577703629696602,3.577703629696602,0.0,0.0,0.0,0.0
20.633333333333333,0.0,0.0,0.0,0.0,0.0,0.0,0.0,0.0,0.0,0.0,0.011666666666666665,0.011666666666666665,0.0,0.0,0.0,3.577703629696602,3.577703629696602,0.0,0.0,0.0,0.0
20.65,0.0,0.0,0.0,0.0,0.0,0.0,0.0,0.0,0.0,0.0,0.011666666666666665,0.011666666666666665,0.0,0.0,0.0,3.577703629696602,3.577703629696602,0.0,0.0,0.0,0.0
20.666666666666668,0.0,0.0,0.0,0.0,0.0,0.0,0.0,0.0,0.0,0.0,0.011666666666666665,0.011666666666666665,0.0,0.0,0.0,3.577703629696602,3.577703629696602,0.0,0.0,0.0,0.0
20.683333333333334,0.0,0.0,0.0,0.0,0.0,0.0,0.0,0.0,0.0,0.0,0.011666666666666665,0.011666666666666665,0.0,0.0,0.0,3.577703629696602,3.577703629696602,0.0,0.0,0.0,0.0
20.7,0.0,0.0,0.0,0.0,0.0,0.0,0.0,0.0,0.0,0.0,0.011666666666666665,0.011666666666666665,0.0,0.0,0.0,3.577703629696602,3.577703629696602,0.0,0.0,0.0,0.0
20.716666666666665,0.0,0.0,0.0,0.0,0.0,0.0,0.0,0.0,0.0,0.0,0.011666666666666665,0.011666666666666665,0.0,0.0,0.0,3.577703629696602,3.577703629696602,0.0,0.0,0.0,0.0
20.733333333333334,0.0,0.0,0.0,0.0,0.0,0.0,0.0,0.0,0.0,0.0,0.011666666666666665,0.011666666666666665,0.0,0.0,0.0,3.577703629696602,3.577703629696602,0.0,0.0,0.0,0.0
20.75,0.0,0.0,0.0,0.0,0.0,0.0,0.0,0.0,0.0,0.0,0.011666666666666665,0.011666666666666665,0.0,0.0,0.0,3.577703629696602,3.577703629696602,0.0,0.0,0.0,0.0
20.766666666666666,0.0,0.0,0.0,0.0,0.0,0.0,0.0,0.0,0.0,0.0,0.011666666666666665,0.011666666666666665,0.0,0.0,0.0,3.577703629696602,3.577703629696602,0.0,0.0,0.0,0.0
20.78333333333333,0.0,0.0,0.0,0.0,0.0,0.0,0.0,0.0,0.0,0.0,0.011666666666666665,0.011666666666666665,0.0,0.0,0.0,3.577703629696602,3.577703629696602,0.0,0.0,0.0,0.0
20.8,0.0,0.0,0.0,0.0,0.0,0.0,0.0,0.0,0.0,0.0,0.011666666666666665,0.011666666666666665,0.0,0.0,0.0,3.577703629696602,3.577703629696602,0.0,0.0,0.0,0.0
20.816666666666666,0.0,0.0,0.0,0.0,0.0,0.0,0.0,0.0,0.0,0.0,0.011666666666666665,0.011666666666666665,0.0,0.0,0.0,3.577703629696602,3.577703629696602,0.0,0.0,0.0,0.0
20.833333333333332,0.0,0.0,0.0,0.0,0.0,0.0,0.0,0.0,0.0,0.0,0.011666666666666665,0.011666666666666665,0.0,0.0,0.0,3.577703629696602,3.577703629696602,0.0,0.0,0.0,0.0
20.85,0.0,0.0,0.0,0.0,0.0,0.0,0.0,0.0,0.0,0.0,0.011666666666666665,0.011666666666666665,0.0,0.0,0.0,3.577703629696602,3.577703629696602,0.0,0.0,0.0,0.0
20.866666666666667,0.0,0.0,0.0,0.0,0.0,0.0,0.0,0.0,0.0,0.0,0.011666666666666665,0.011666666666666665,0.0,0.0,0.0,3.577703629696602,3.577703629696602,0.0,0.0,0.0,0.0
20.883333333333333,0.0,0.0,0.0,0.0,0.0,0.0,0.0,0.0,0.0,0.0,0.011666666666666665,0.011666666666666665,0.0,0.0,0.0,3.577703629696602,3.577703629696602,0.0,0.0,0.0,0.0
20.9,0.0,0.0,0.0,0.0,0.0,0.0,0.0,0.0,0.0,0.0,0.011666666666666665,0.011666666666666665,0.0,0.0,0.0,3.577703629696602,3.577703629696602,0.0,0.0,0.0,0.0
20.916666666666668,0.0,0.0,0.0,0.0,0.0,0.0,0.0,0.0,0.0,0.0,0.011666666666666665,0.011666666666666665,0.0,0.0,0.0,3.577703629696602,3.577703629696602,0.0,0.0,0.0,0.0
20.933333333333334,0.0,0.0,0.0,0.0,0.0,0.0,0.0,0.0,0.0,0.0,0.011666666666666665,0.011666666666666665,0.0,0.0,0.0,3.577703629696602,3.577703629696602,0.0,0.0,0.0,0.0
20.95,0.0,0.0,0.0,0.0,0.0,0.0,0.0,0.0,0.0,0.0,0.011666666666666665,0.011666666666666665,0.0,0.0,0.0,3.577703629696602,3.577703629696602,0.0,0.0,0.0,0.0
20.966666666666665,0.0,0.0,0.0,0.0,0.0,0.0,0.0,0.0,0.0,0.0,0.011666666666666665,0.011666666666666665,0.0,0.0,0.0,3.577703629696602,3.577703629696602,0.0,0.0,0.0,0.0
20.983333333333334,0.0,0.0,0.0,0.0,0.0,0.0,0.0,0.0,0.0,0.0,0.011666666666666665,0.011666666666666665,0.0,0.0,0.0,3.577703629696602,3.577703629696602,0.0,0.0,0.0,0.0
21.0,0.0,0.0,0.0,0.0,0.0,0.0,0.0,0.0,0.0,0.0,0.011666666666666665,0.011666666666666665,0.0,0.0,0.0,3.577703629696602,3.577703629696602,0.0,0.0,0.0,0.0
21.016666666666666,0.0,0.0,0.0,0.0,0.0,0.0,0.0,0.0,0.0,0.0,0.011666666666666665,0.011666666666666665,0.0,0.0,0.0,3.577703629696602,3.577703629696602,0.0,0.0,0.0,0.0
21.03333333333333,0.0,0.0,0.0,0.0,0.0,0.0,0.0,0.0,0.0,0.0,0.011666666666666665,0.011666666666666665,0.0,0.0,0.0,3.577703629696602,3.577703629696602,0.0,0.0,0.0,0.0
21.05,0.0,0.0,0.0,0.0,0.0,0.0,0.0,0.0,0.0,0.0,0.011666666666666665,0.011666666666666665,0.0,0.0,0.0,3.577703629696602,3.577703629696602,0.0,0.0,0.0,0.0
21.066666666666666,0.0,0.0,0.0,0.0,0.0,0.0,0.0,0.0,0.0,0.0,0.011666666666666665,0.011666666666666665,0.0,0.0,0.0,3.577703629696602,3.577703629696602,0.0,0.0,0.0,0.0
21.083333333333332,0.0,0.0,0.0,0.0,0.0,0.0,0.0,0.0,0.0,0.0,0.011666666666666665,0.011666666666666665,0.0,0.0,0.0,3.577703629696602,3.577703629696602,0.0,0.0,0.0,0.0
21.1,0.0,0.0,0.0,0.0,0.0,0.0,0.0,0.0,0.0,0.0,0.011666666666666665,0.011666666666666665,0.0,0.0,0.0,3.577703629696602,3.577703629696602,0.0,0.0,0.0,0.0
21.116666666666667,0.0,0.0,0.0,0.0,0.0,0.0,0.0,0.0,0.0,0.0,0.011666666666666665,0.011666666666666665,0.0,0.0,0.0,3.577703629696602,3.577703629696602,0.0,0.0,0.0,0.0
21.133333333333333,0.0,0.0,0.0,0.0,0.0,0.0,0.0,0.0,0.0,0.0,0.011666666666666665,0.011666666666666665,0.0,0.0,0.0,3.577703629696602,3.577703629696602,0.0,0.0,0.0,0.0
21.15,0.0,0.0,0.0,0.0,0.0,0.0,0.0,0.0,0.0,0.0,0.011666666666666665,0.011666666666666665,0.0,0.0,0.0,3.577703629696602,3.577703629696602,0.0,0.0,0.0,0.0
21.166666666666668,0.0,0.0,0.0,0.0,0.0,0.0,0.0,0.0,0.0,0.0,0.011666666666666665,0.011666666666666665,0.0,0.0,0.0,3.577703629696602,3.577703629696602,0.0,0.0,0.0,0.0
21.183333333333334,0.0,0.0,0.0,0.0,0.0,0.0,0.0,0.0,0.0,0.0,0.011666666666666665,0.011666666666666665,0.0,0.0,0.0,3.577703629696602,3.577703629696602,0.0,0.0,0.0,0.0
21.2,0.0,0.0,0.0,0.0,0.0,0.0,0.0,0.0,0.0,0.0,0.011666666666666665,0.011666666666666665,0.0,0.0,0.0,3.577703629696602,3.577703629696602,0.0,0.0,0.0,0.0
21.216666666666665,0.0,0.0,0.0,0.0,0.0,0.0,0.0,0.0,0.0,0.0,0.011666666666666665,0.011666666666666665,0.0,0.0,0.0,3.577703629696602,3.577703629696602,0.0,0.0,0.0,0.0
21.233333333333334,0.0,0.0,0.0,0.0,0.0,0.0,0.0,0.0,0.0,0.0,0.011666666666666665,0.011666666666666665,0.0,0.0,0.0,3.577703629696602,3.577703629696602,0.0,0.0,0.0,0.0
21.25,0.0,0.0,0.0,0.0,0.0,0.0,0.0,0.0,0.0,0.0,0.011666666666666665,0.011666666666666665,0.0,0.0,0.0,3.577703629696602,3.577703629696602,0.0,0.0,0.0,0.0
21.266666666666666,0.0,0.0,0.0,0.0,0.0,0.0,0.0,0.0,0.0,0.0,0.011666666666666665,0.011666666666666665,0.0,0.0,0.0,3.577703629696602,3.577703629696602,0.0,0.0,0.0,0.0
21.28333333333333,0.0,0.0,0.0,0.0,0.0,0.0,0.0,0.0,0.0,0.0,0.011666666666666665,0.011666666666666665,0.0,0.0,0.0,3.577703629696602,3.577703629696602,0.0,0.0,0.0,0.0
21.3,0.0,0.0,0.0,0.0,0.0,0.0,0.0,0.0,0.0,0.0,0.011666666666666665,0.011666666666666665,0.0,0.0,0.0,3.577703629696602,3.577703629696602,0.0,0.0,0.0,0.0
21.316666666666666,0.0,0.0,0.0,0.0,0.0,0.0,0.0,0.0,0.0,0.0,0.011666666666666665,0.011666666666666665,0.0,0.0,0.0,3.577703629696602,3.577703629696602,0.0,0.0,0.0,0.0
21.333333333333332,0.0,0.0,0.0,0.0,0.0,0.0,0.0,0.0,0.0,0.0,0.011666666666666665,0.011666666666666665,0.0,0.0,0.0,3.577703629696602,3.577703629696602,0.0,0.0,0.0,0.0
21.35,0.0,0.0,0.0,0.0,0.0,0.0,0.0,0.0,0.0,0.0,0.011666666666666665,0.011666666666666665,0.0,0.0,0.0,3.577703629696602,3.577703629696602,0.0,0.0,0.0,0.0
21.366666666666667,0.0,0.0,0.0,0.0,0.0,0.0,0.0,0.0,0.0,0.0,0.011666666666666665,0.011666666666666665,0.0,0.0,0.0,3.577703629696602,3.577703629696602,0.0,0.0,0.0,0.0
21.383333333333333,0.0,0.0,0.0,0.0,0.0,0.0,0.0,0.0,0.0,0.0,0.011666666666666665,0.011666666666666665,0.0,0.0,0.0,3.577703629696602,3.577703629696602,0.0,0.0,0.0,0.0
21.4,0.0,0.0,0.0,0.0,0.0,0.0,0.0,0.0,0.0,0.0,0.011666666666666665,0.011666666666666665,0.0,0.0,0.0,3.577703629696602,3.577703629696602,0.0,0.0,0.0,0.0
21.416666666666668,0.0,0.0,0.0,0.0,0.0,0.0,0.0,0.0,0.0,0.0,0.011666666666666665,0.011666666666666665,0.0,0.0,0.0,3.577703629696602,3.577703629696602,0.0,0.0,0.0,0.0
21.433333333333334,0.0,0.0,0.0,0.0,0.0,0.0,0.0,0.0,0.0,0.0,0.011666666666666665,0.011666666666666665,0.0,0.0,0.0,3.577703629696602,3.577703629696602,0.0,0.0,0.0,0.0
21.45,0.0,0.0,0.0,0.0,0.0,0.0,0.0,0.0,0.0,0.0,0.011666666666666665,0.011666666666666665,0.0,0.0,0.0,3.577703629696602,3.577703629696602,0.0,0.0,0.0,0.0
21.466666666666665,0.0,0.0,0.0,0.0,0.0,0.0,0.0,0.0,0.0,0.0,0.011666666666666665,0.011666666666666665,0.0,0.0,0.0,3.577703629696602,3.577703629696602,0.0,0.0,0.0,0.0
21.483333333333334,0.0,0.0,0.0,0.0,0.0,0.0,0.0,0.0,0.0,0.0,0.011666666666666665,0.011666666666666665,0.0,0.0,0.0,3.577703629696602,3.577703629696602,0.0,0.0,0.0,0.0
21.5,0.0,0.0,0.0,0.0,0.0,0.0,0.0,0.0,0.0,0.0,0.011666666666666665,0.011666666666666665,0.0,0.0,0.0,3.577703629696602,3.577703629696602,0.0,0.0,0.0,0.0
21.516666666666666,0.0,0.0,0.0,0.0,0.0,0.0,0.0,0.0,0.0,0.0,0.011666666666666665,0.011666666666666665,0.0,0.0,0.0,3.577703629696602,3.577703629696602,0.0,0.0,0.0,0.0
21.53333333333333,0.0,0.0,0.0,0.0,0.0,0.0,0.0,0.0,0.0,0.0,0.011666666666666665,0.011666666666666665,0.0,0.0,0.0,3.577703629696602,3.577703629696602,0.0,0.0,0.0,0.0
21.55,0.0,0.0,0.0,0.0,0.0,0.0,0.0,0.0,0.0,0.0,0.011666666666666665,0.011666666666666665,0.0,0.0,0.0,3.577703629696602,3.577703629696602,0.0,0.0,0.0,0.0
21.566666666666666,0.0,0.0,0.0,0.0,0.0,0.0,0.0,0.0,0.0,0.0,0.011666666666666665,0.011666666666666665,0.0,0.0,0.0,3.577703629696602,3.577703629696602,0.0,0.0,0.0,0.0
21.583333333333332,0.0,0.0,0.0,0.0,0.0,0.0,0.0,0.0,0.0,0.0,0.011666666666666665,0.011666666666666665,0.0,0.0,0.0,3.577703629696602,3.577703629696602,0.0,0.0,0.0,0.0
21.6,0.0,0.0,0.0,0.0,0.0,0.0,0.0,0.0,0.0,0.0,0.011666666666666665,0.011666666666666665,0.0,0.0,0.0,3.577703629696602,3.577703629696602,0.0,0.0,0.0,0.0
21.616666666666667,0.0,0.0,0.0,0.0,0.0,0.0,0.0,0.0,0.0,0.0,0.011666666666666665,0.011666666666666665,0.0,0.0,0.0,3.577703629696602,3.577703629696602,0.0,0.0,0.0,0.0
21.633333333333333,0.0,0.0,0.0,0.0,0.0,0.0,0.0,0.0,0.0,0.0,0.011666666666666665,0.011666666666666665,0.0,0.0,0.0,3.577703629696602,3.577703629696602,0.0,0.0,0.0,0.0
21.65,0.0,0.0,0.0,0.0,0.0,0.0,0.0,0.0,0.0,0.0,0.011666666666666665,0.011666666666666665,0.0,0.0,0.0,3.577703629696602,3.577703629696602,0.0,0.0,0.0,0.0
21.666666666666668,0.0,0.0,0.0,0.0,0.0,0.0,0.0,0.0,0.0,0.0,0.011666666666666665,0.011666666666666665,0.0,0.0,0.0,3.577703629696602,3.577703629696602,0.0,0.0,0.0,0.0
21.683333333333334,0.0,0.0,0.0,0.0,0.0,0.0,0.0,0.0,0.0,0.0,0.011666666666666665,0.011666666666666665,0.0,0.0,0.0,3.577703629696602,3.577703629696602,0.0,0.0,0.0,0.0
21.7,0.0,0.0,0.0,0.0,0.0,0.0,0.0,0.0,0.0,0.0,0.011666666666666665,0.011666666666666665,0.0,0.0,0.0,3.577703629696602,3.577703629696602,0.0,0.0,0.0,0.0
21.716666666666665,0.0,0.0,0.0,0.0,0.0,0.0,0.0,0.0,0.0,0.0,0.011666666666666665,0.011666666666666665,0.0,0.0,0.0,3.577703629696602,3.577703629696602,0.0,0.0,0.0,0.0
21.733333333333334,0.0,0.0,0.0,0.0,0.0,0.0,0.0,0.0,0.0,0.0,0.011666666666666665,0.011666666666666665,0.0,0.0,0.0,3.577703629696602,3.577703629696602,0.0,0.0,0.0,0.0
21.75,0.0,0.0,0.0,0.0,0.0,0.0,0.0,0.0,0.0,0.0,0.011666666666666665,0.011666666666666665,0.0,0.0,0.0,3.577703629696602,3.577703629696602,0.0,0.0,0.0,0.0
21.766666666666666,0.0,0.0,0.0,0.0,0.0,0.0,0.0,0.0,0.0,0.0,0.011666666666666665,0.011666666666666665,0.0,0.0,0.0,3.577703629696602,3.577703629696602,0.0,0.0,0.0,0.0
21.78333333333333,0.0,0.0,0.0,0.0,0.0,0.0,0.0,0.0,0.0,0.0,0.011666666666666665,0.011666666666666665,0.0,0.0,0.0,3.577703629696602,3.577703629696602,0.0,0.0,0.0,0.0
21.8,0.0,0.0,0.0,0.0,0.0,0.0,0.0,0.0,0.0,0.0,0.011666666666666665,0.011666666666666665,0.0,0.0,0.0,3.577703629696602,3.577703629696602,0.0,0.0,0.0,0.0
21.816666666666666,0.0,0.0,0.0,0.0,0.0,0.0,0.0,0.0,0.0,0.0,0.011666666666666665,0.011666666666666665,0.0,0.0,0.0,3.577703629696602,3.577703629696602,0.0,0.0,0.0,0.0
21.833333333333332,0.0,0.0,0.0,0.0,0.0,0.0,0.0,0.0,0.0,0.0,0.011666666666666665,0.011666666666666665,0.0,0.0,0.0,3.577703629696602,3.577703629696602,0.0,0.0,0.0,0.0
21.85,0.0,0.0,0.0,0.0,0.0,0.0,0.0,0.0,0.0,0.0,0.011666666666666665,0.011666666666666665,0.0,0.0,0.0,3.577703629696602,3.577703629696602,0.0,0.0,0.0,0.0
21.866666666666667,0.0,0.0,0.0,0.0,0.0,0.0,0.0,0.0,0.0,0.0,0.011666666666666665,0.011666666666666665,0.0,0.0,0.0,3.577703629696602,3.577703629696602,0.0,0.0,0.0,0.0
21.883333333333333,0.0,0.0,0.0,0.0,0.0,0.0,0.0,0.0,0.0,0.0,0.011666666666666665,0.011666666666666665,0.0,0.0,0.0,3.577703629696602,3.577703629696602,0.0,0.0,0.0,0.0
21.9,0.0,0.0,0.0,0.0,0.0,0.0,0.0,0.0,0.0,0.0,0.011666666666666665,0.011666666666666665,0.0,0.0,0.0,3.577703629696602,3.577703629696602,0.0,0.0,0.0,0.0
21.916666666666668,0.0,0.0,0.0,0.0,0.0,0.0,0.0,0.0,0.0,0.0,0.011666666666666665,0.011666666666666665,0.0,0.0,0.0,3.577703629696602,3.577703629696602,0.0,0.0,0.0,0.0
21.933333333333334,0.0,0.0,0.0,0.0,0.0,0.0,0.0,0.0,0.0,0.0,0.011666666666666665,0.011666666666666665,0.0,0.0,0.0,3.577703629696602,3.577703629696602,0.0,0.0,0.0,0.0
21.95,0.0,0.0,0.0,0.0,0.0,0.0,0.0,0.0,0.0,0.0,0.011666666666666665,0.011666666666666665,0.0,0.0,0.0,3.577703629696602,3.577703629696602,0.0,0.0,0.0,0.0
21.966666666666665,0.0,0.0,0.0,0.0,0.0,0.0,0.0,0.0,0.0,0.0,0.011666666666666665,0.011666666666666665,0.0,0.0,0.0,3.577703629696602,3.577703629696602,0.0,0.0,0.0,0.0
21.983333333333334,0.0,0.0,0.0,0.0,0.0,0.0,0.0,0.0,0.0,0.0,0.011666666666666665,0.011666666666666665,0.0,0.0,0.0,3.577703629696602,3.577703629696602,0.0,0.0,0.0,0.0
22.0,0.0,0.0,0.0,0.0,0.0,0.0,0.0,0.0,0.0,0.0,0.011666666666666665,0.011666666666666665,0.0,0.0,0.0,3.577703629696602,3.577703629696602,0.0,0.0,0.0,0.0
22.016666666666666,0.0,0.0,0.0,0.0,0.0,0.0,0.0,0.0,0.0,0.0,0.011666666666666665,0.011666666666666665,0.0,0.0,0.0,3.577703629696602,3.577703629696602,0.0,0.0,0.0,0.0
22.03333333333333,0.0,0.0,0.0,0.0,0.0,0.0,0.0,0.0,0.0,0.0,0.011666666666666665,0.011666666666666665,0.0,0.0,0.0,3.577703629696602,3.577703629696602,0.0,0.0,0.0,0.0
22.05,0.0,0.0,0.0,0.0,0.0,0.0,0.0,0.0,0.0,0.0,0.011666666666666665,0.011666666666666665,0.0,0.0,0.0,3.577703629696602,3.577703629696602,0.0,0.0,0.0,0.0
22.066666666666666,0.0,0.0,0.0,0.0,0.0,0.0,0.0,0.0,0.0,0.0,0.011666666666666665,0.011666666666666665,0.0,0.0,0.0,3.577703629696602,3.577703629696602,0.0,0.0,0.0,0.0
22.083333333333332,0.0,0.0,0.0,0.0,0.0,0.0,0.0,0.0,0.0,0.0,0.011666666666666665,0.011666666666666665,0.0,0.0,0.0,3.577703629696602,3.577703629696602,0.0,0.0,0.0,0.0
22.1,0.0,0.0,0.0,0.0,0.0,0.0,0.0,0.0,0.0,0.0,0.011666666666666665,0.011666666666666665,0.0,0.0,0.0,3.577703629696602,3.577703629696602,0.0,0.0,0.0,0.0
22.116666666666667,0.0,0.0,0.0,0.0,0.0,0.0,0.0,0.0,0.0,0.0,0.011666666666666665,0.011666666666666665,0.0,0.0,0.0,3.577703629696602,3.577703629696602,0.0,0.0,0.0,0.0
22.133333333333333,0.0,0.0,0.0,0.0,0.0,0.0,0.0,0.0,0.0,0.0,0.011666666666666665,0.011666666666666665,0.0,0.0,0.0,3.577703629696602,3.577703629696602,0.0,0.0,0.0,0.0
22.15,0.0,0.0,0.0,0.0,0.0,0.0,0.0,0.0,0.0,0.0,0.011666666666666665,0.011666666666666665,0.0,0.0,0.0,3.577703629696602,3.577703629696602,0.0,0.0,0.0,0.0
22.166666666666668,0.0,0.0,0.0,0.0,0.0,0.0,0.0,0.0,0.0,0.0,0.011666666666666665,0.011666666666666665,0.0,0.0,0.0,3.577703629696602,3.577703629696602,0.0,0.0,0.0,0.0
22.183333333333334,0.0,0.0,0.0,0.0,0.0,0.0,0.0,0.0,0.0,0.0,0.011666666666666665,0.011666666666666665,0.0,0.0,0.0,3.577703629696602,3.577703629696602,0.0,0.0,0.0,0.0
22.2,0.0,0.0,0.0,0.0,0.0,0.0,0.0,0.0,0.0,0.0,0.011666666666666665,0.011666666666666665,0.0,0.0,0.0,3.577703629696602,3.577703629696602,0.0,0.0,0.0,0.0
22.216666666666665,0.0,0.0,0.0,0.0,0.0,0.0,0.0,0.0,0.0,0.0,0.011666666666666665,0.011666666666666665,0.0,0.0,0.0,3.577703629696602,3.577703629696602,0.0,0.0,0.0,0.0
22.233333333333334,0.0,0.0,0.0,0.0,0.0,0.0,0.0,0.0,0.0,0.0,0.011666666666666665,0.011666666666666665,0.0,0.0,0.0,3.577703629696602,3.577703629696602,0.0,0.0,0.0,0.0
22.25,0.0,0.0,0.0,0.0,0.0,0.0,0.0,0.0,0.0,0.0,0.011666666666666665,0.011666666666666665,0.0,0.0,0.0,3.577703629696602,3.577703629696602,0.0,0.0,0.0,0.0
22.266666666666666,0.0,0.0,0.0,0.0,0.0,0.0,0.0,0.0,0.0,0.0,0.011666666666666665,0.011666666666666665,0.0,0.0,0.0,3.577703629696602,3.577703629696602,0.0,0.0,0.0,0.0
22.28333333333333,0.0,0.0,0.0,0.0,0.0,0.0,0.0,0.0,0.0,0.0,0.011666666666666665,0.011666666666666665,0.0,0.0,0.0,3.577703629696602,3.577703629696602,0.0,0.0,0.0,0.0
22.3,0.0,0.0,0.0,0.0,0.0,0.0,0.0,0.0,0.0,0.0,0.011666666666666665,0.011666666666666665,0.0,0.0,0.0,3.577703629696602,3.577703629696602,0.0,0.0,0.0,0.0
22.316666666666666,0.0,0.0,0.0,0.0,0.0,0.0,0.0,0.0,0.0,0.0,0.011666666666666665,0.011666666666666665,0.0,0.0,0.0,3.577703629696602,3.577703629696602,0.0,0.0,0.0,0.0
22.333333333333332,0.0,0.0,0.0,0.0,0.0,0.0,0.0,0.0,0.0,0.0,0.011666666666666665,0.011666666666666665,0.0,0.0,0.0,3.577703629696602,3.577703629696602,0.0,0.0,0.0,0.0
22.35,0.0,0.0,0.0,0.0,0.0,0.0,0.0,0.0,0.0,0.0,0.011666666666666665,0.011666666666666665,0.0,0.0,0.0,3.577703629696602,3.577703629696602,0.0,0.0,0.0,0.0
22.366666666666667,0.0,0.0,0.0,0.0,0.0,0.0,0.0,0.0,0.0,0.0,0.011666666666666665,0.011666666666666665,0.0,0.0,0.0,3.577703629696602,3.577703629696602,0.0,0.0,0.0,0.0
22.383333333333333,0.0,0.0,0.0,0.0,0.0,0.0,0.0,0.0,0.0,0.0,0.011666666666666665,0.011666666666666665,0.0,0.0,0.0,3.577703629696602,3.577703629696602,0.0,0.0,0.0,0.0
22.4,0.0,0.0,0.0,0.0,0.0,0.0,0.0,0.0,0.0,0.0,0.011666666666666665,0.011666666666666665,0.0,0.0,0.0,3.577703629696602,3.577703629696602,0.0,0.0,0.0,0.0
22.416666666666668,0.0,0.0,0.0,0.0,0.0,0.0,0.0,0.0,0.0,0.0,0.011666666666666665,0.011666666666666665,0.0,0.0,0.0,3.577703629696602,3.577703629696602,0.0,0.0,0.0,0.0
22.433333333333334,0.0,0.0,0.0,0.0,0.0,0.0,0.0,0.0,0.0,0.0,0.011666666666666665,0.011666666666666665,0.0,0.0,0.0,3.577703629696602,3.577703629696602,0.0,0.0,0.0,0.0
22.45,0.0,0.0,0.0,0.0,0.0,0.0,0.0,0.0,0.0,0.0,0.011666666666666665,0.011666666666666665,0.0,0.0,0.0,3.577703629696602,3.577703629696602,0.0,0.0,0.0,0.0
22.466666666666665,0.0,0.0,0.0,0.0,0.0,0.0,0.0,0.0,0.0,0.0,0.011666666666666665,0.011666666666666665,0.0,0.0,0.0,3.577703629696602,3.577703629696602,0.0,0.0,0.0,0.0
22.483333333333334,0.0,0.0,0.0,0.0,0.0,0.0,0.0,0.0,0.0,0.0,0.011666666666666665,0.011666666666666665,0.0,0.0,0.0,3.577703629696602,3.577703629696602,0.0,0.0,0.0,0.0
22.5,0.0,0.0,0.0,0.0,0.0,0.0,0.0,0.0,0.0,0.0,0.011666666666666665,0.011666666666666665,0.0,0.0,0.0,3.577703629696602,3.577703629696602,0.0,0.0,0.0,0.0
22.516666666666666,0.0,0.0,0.0,0.0,0.0,0.0,0.0,0.0,0.0,0.0,0.011666666666666665,0.011666666666666665,0.0,0.0,0.0,3.577703629696602,3.577703629696602,0.0,0.0,0.0,0.0
22.53333333333333,0.0,0.0,0.0,0.0,0.0,0.0,0.0,0.0,0.0,0.0,0.011666666666666665,0.011666666666666665,0.0,0.0,0.0,3.577703629696602,3.577703629696602,0.0,0.0,0.0,0.0
22.55,0.0,0.0,0.0,0.0,0.0,0.0,0.0,0.0,0.0,0.0,0.011666666666666665,0.011666666666666665,0.0,0.0,0.0,3.577703629696602,3.577703629696602,0.0,0.0,0.0,0.0
22.566666666666666,0.0,0.0,0.0,0.0,0.0,0.0,0.0,0.0,0.0,0.0,0.011666666666666665,0.011666666666666665,0.0,0.0,0.0,3.577703629696602,3.577703629696602,0.0,0.0,0.0,0.0
22.583333333333332,0.0,0.0,0.0,0.0,0.0,0.0,0.0,0.0,0.0,0.0,0.011666666666666665,0.011666666666666665,0.0,0.0,0.0,3.577703629696602,3.577703629696602,0.0,0.0,0.0,0.0
22.6,0.0,0.0,0.0,0.0,0.0,0.0,0.0,0.0,0.0,0.0,0.011666666666666665,0.011666666666666665,0.0,0.0,0.0,3.577703629696602,3.577703629696602,0.0,0.0,0.0,0.0
22.616666666666667,0.0,0.0,0.0,0.0,0.0,0.0,0.0,0.0,0.0,0.0,0.011666666666666665,0.011666666666666665,0.0,0.0,0.0,3.577703629696602,3.577703629696602,0.0,0.0,0.0,0.0
22.633333333333333,0.0,0.0,0.0,0.0,0.0,0.0,0.0,0.0,0.0,0.0,0.011666666666666665,0.011666666666666665,0.0,0.0,0.0,3.577703629696602,3.577703629696602,0.0,0.0,0.0,0.0
22.65,0.0,0.0,0.0,0.0,0.0,0.0,0.0,0.0,0.0,0.0,0.011666666666666665,0.011666666666666665,0.0,0.0,0.0,3.577703629696602,3.577703629696602,0.0,0.0,0.0,0.0
22.666666666666668,0.0,0.0,0.0,0.0,0.0,0.0,0.0,0.0,0.0,0.0,0.011666666666666665,0.011666666666666665,0.0,0.0,0.0,3.577703629696602,3.577703629696602,0.0,0.0,0.0,0.0
22.683333333333334,0.0,0.0,0.0,0.0,0.0,0.0,0.0,0.0,0.0,0.0,0.011666666666666665,0.011666666666666665,0.0,0.0,0.0,3.577703629696602,3.577703629696602,0.0,0.0,0.0,0.0
22.7,0.0,0.0,0.0,0.0,0.0,0.0,0.0,0.0,0.0,0.0,0.011666666666666665,0.011666666666666665,0.0,0.0,0.0,3.577703629696602,3.577703629696602,0.0,0.0,0.0,0.0
22.716666666666665,0.0,0.0,0.0,0.0,0.0,0.0,0.0,0.0,0.0,0.0,0.011666666666666665,0.011666666666666665,0.0,0.0,0.0,3.577703629696602,3.577703629696602,0.0,0.0,0.0,0.0
22.733333333333334,0.0,0.0,0.0,0.0,0.0,0.0,0.0,0.0,0.0,0.0,0.011666666666666665,0.011666666666666665,0.0,0.0,0.0,3.577703629696602,3.577703629696602,0.0,0.0,0.0,0.0
22.75,0.0,0.0,0.0,0.0,0.0,0.0,0.0,0.0,0.0,0.0,0.011666666666666665,0.011666666666666665,0.0,0.0,0.0,3.577703629696602,3.577703629696602,0.0,0.0,0.0,0.0
22.766666666666666,0.0,0.0,0.0,0.0,0.0,0.0,0.0,0.0,0.0,0.0,0.011666666666666665,0.011666666666666665,0.0,0.0,0.0,3.577703629696602,3.577703629696602,0.0,0.0,0.0,0.0
22.78333333333333,0.0,0.0,0.0,0.0,0.0,0.0,0.0,0.0,0.0,0.0,0.011666666666666665,0.011666666666666665,0.0,0.0,0.0,3.577703629696602,3.577703629696602,0.0,0.0,0.0,0.0
22.8,0.0,0.0,0.0,0.0,0.0,0.0,0.0,0.0,0.0,0.0,0.011666666666666665,0.011666666666666665,0.0,0.0,0.0,3.577703629696602,3.577703629696602,0.0,0.0,0.0,0.0
22.816666666666666,0.0,0.0,0.0,0.0,0.0,0.0,0.0,0.0,0.0,0.0,0.011666666666666665,0.011666666666666665,0.0,0.0,0.0,3.577703629696602,3.577703629696602,0.0,0.0,0.0,0.0
22.833333333333332,0.0,0.0,0.0,0.0,0.0,0.0,0.0,0.0,0.0,0.0,0.011666666666666665,0.011666666666666665,0.0,0.0,0.0,3.577703629696602,3.577703629696602,0.0,0.0,0.0,0.0
22.85,0.0,0.0,0.0,0.0,0.0,0.0,0.0,0.0,0.0,0.0,0.011666666666666665,0.011666666666666665,0.0,0.0,0.0,3.577703629696602,3.577703629696602,0.0,0.0,0.0,0.0
22.866666666666667,0.0,0.0,0.0,0.0,0.0,0.0,0.0,0.0,0.0,0.0,0.011666666666666665,0.011666666666666665,0.0,0.0,0.0,3.577703629696602,3.577703629696602,0.0,0.0,0.0,0.0
22.883333333333333,0.0,0.0,0.0,0.0,0.0,0.0,0.0,0.0,0.0,0.0,0.011666666666666665,0.011666666666666665,0.0,0.0,0.0,3.577703629696602,3.577703629696602,0.0,0.0,0.0,0.0
22.9,0.0,0.0,0.0,0.0,0.0,0.0,0.0,0.0,0.0,0.0,0.011666666666666665,0.011666666666666665,0.0,0.0,0.0,3.577703629696602,3.577703629696602,0.0,0.0,0.0,0.0
22.916666666666668,0.0,0.0,0.0,0.0,0.0,0.0,0.0,0.0,0.0,0.0,0.011666666666666665,0.011666666666666665,0.0,0.0,0.0,3.577703629696602,3.577703629696602,0.0,0.0,0.0,0.0
22.933333333333334,0.0,0.0,0.0,0.0,0.0,0.0,0.0,0.0,0.0,0.0,0.011666666666666665,0.011666666666666665,0.0,0.0,0.0,3.577703629696602,3.577703629696602,0.0,0.0,0.0,0.0
22.95,0.0,0.0,0.0,0.0,0.0,0.0,0.0,0.0,0.0,0.0,0.011666666666666665,0.011666666666666665,0.0,0.0,0.0,3.577703629696602,3.577703629696602,0.0,0.0,0.0,0.0
22.966666666666665,0.0,0.0,0.0,0.0,0.0,0.0,0.0,0.0,0.0,0.0,0.011666666666666665,0.011666666666666665,0.0,0.0,0.0,3.577703629696602,3.577703629696602,0.0,0.0,0.0,0.0
22.983333333333334,0.0,0.0,0.0,0.0,0.0,0.0,0.0,0.0,0.0,0.0,0.011666666666666665,0.011666666666666665,0.0,0.0,0.0,3.577703629696602,3.577703629696602,0.0,0.0,0.0,0.0
23.0,0.0,0.0,0.0,0.0,0.0,0.0,0.0,0.0,0.0,0.0,0.011666666666666665,0.011666666666666665,0.0,0.0,0.0,3.577703629696602,3.577703629696602,0.0,0.0,0.0,0.0
23.016666666666666,0.0,0.0,0.0,0.0,0.0,0.0,0.0,0.0,0.0,0.0,0.011666666666666665,0.011666666666666665,0.0,0.0,0.0,3.577703629696602,3.577703629696602,0.0,0.0,0.0,0.0
23.03333333333333,0.0,0.0,0.0,0.0,0.0,0.0,0.0,0.0,0.0,0.0,0.011666666666666665,0.011666666666666665,0.0,0.0,0.0,3.577703629696602,3.577703629696602,0.0,0.0,0.0,0.0
23.05,0.0,0.0,0.0,0.0,0.0,0.0,0.0,0.0,0.0,0.0,0.011666666666666665,0.011666666666666665,0.0,0.0,0.0,3.577703629696602,3.577703629696602,0.0,0.0,0.0,0.0
23.066666666666666,0.0,0.0,0.0,0.0,0.0,0.0,0.0,0.0,0.0,0.0,0.011666666666666665,0.011666666666666665,0.0,0.0,0.0,3.577703629696602,3.577703629696602,0.0,0.0,0.0,0.0
23.083333333333332,0.0,0.0,0.0,0.0,0.0,0.0,0.0,0.0,0.0,0.0,0.011666666666666665,0.011666666666666665,0.0,0.0,0.0,3.577703629696602,3.577703629696602,0.0,0.0,0.0,0.0
23.1,0.0,0.0,0.0,0.0,0.0,0.0,0.0,0.0,0.0,0.0,0.011666666666666665,0.011666666666666665,0.0,0.0,0.0,3.577703629696602,3.577703629696602,0.0,0.0,0.0,0.0
23.116666666666667,0.0,0.0,0.0,0.0,0.0,0.0,0.0,0.0,0.0,0.0,0.011666666666666665,0.011666666666666665,0.0,0.0,0.0,3.577703629696602,3.577703629696602,0.0,0.0,0.0,0.0
23.133333333333333,0.0,0.0,0.0,0.0,0.0,0.0,0.0,0.0,0.0,0.0,0.011666666666666665,0.011666666666666665,0.0,0.0,0.0,3.577703629696602,3.577703629696602,0.0,0.0,0.0,0.0
23.15,0.0,0.0,0.0,0.0,0.0,0.0,0.0,0.0,0.0,0.0,0.011666666666666665,0.011666666666666665,0.0,0.0,0.0,3.577703629696602,3.577703629696602,0.0,0.0,0.0,0.0
23.166666666666668,0.0,0.0,0.0,0.0,0.0,0.0,0.0,0.0,0.0,0.0,0.011666666666666665,0.011666666666666665,0.0,0.0,0.0,3.577703629696602,3.577703629696602,0.0,0.0,0.0,0.0
23.183333333333334,0.0,0.0,0.0,0.0,0.0,0.0,0.0,0.0,0.0,0.0,0.011666666666666665,0.011666666666666665,0.0,0.0,0.0,3.577703629696602,3.577703629696602,0.0,0.0,0.0,0.0
23.2,0.0,0.0,0.0,0.0,0.0,0.0,0.0,0.0,0.0,0.0,0.011666666666666665,0.011666666666666665,0.0,0.0,0.0,3.577703629696602,3.577703629696602,0.0,0.0,0.0,0.0
23.216666666666665,0.0,0.0,0.0,0.0,0.0,0.0,0.0,0.0,0.0,0.0,0.011666666666666665,0.011666666666666665,0.0,0.0,0.0,3.577703629696602,3.577703629696602,0.0,0.0,0.0,0.0
23.233333333333334,0.0,0.0,0.0,0.0,0.0,0.0,0.0,0.0,0.0,0.0,0.011666666666666665,0.011666666666666665,0.0,0.0,0.0,3.577703629696602,3.577703629696602,0.0,0.0,0.0,0.0
23.25,0.0,0.0,0.0,0.0,0.0,0.0,0.0,0.0,0.0,0.0,0.011666666666666665,0.011666666666666665,0.0,0.0,0.0,3.577703629696602,3.577703629696602,0.0,0.0,0.0,0.0
23.266666666666666,0.0,0.0,0.0,0.0,0.0,0.0,0.0,0.0,0.0,0.0,0.011666666666666665,0.011666666666666665,0.0,0.0,0.0,3.577703629696602,3.577703629696602,0.0,0.0,0.0,0.0
23.28333333333333,0.0,0.0,0.0,0.0,0.0,0.0,0.0,0.0,0.0,0.0,0.011666666666666665,0.011666666666666665,0.0,0.0,0.0,3.577703629696602,3.577703629696602,0.0,0.0,0.0,0.0
23.3,0.0,0.0,0.0,0.0,0.0,0.0,0.0,0.0,0.0,0.0,0.011666666666666665,0.011666666666666665,0.0,0.0,0.0,3.577703629696602,3.577703629696602,0.0,0.0,0.0,0.0
23.316666666666666,0.0,0.0,0.0,0.0,0.0,0.0,0.0,0.0,0.0,0.0,0.011666666666666665,0.011666666666666665,0.0,0.0,0.0,3.577703629696602,3.577703629696602,0.0,0.0,0.0,0.0
23.333333333333332,0.0,0.0,0.0,0.0,0.0,0.0,0.0,0.0,0.0,0.0,0.011666666666666665,0.011666666666666665,0.0,0.0,0.0,3.577703629696602,3.577703629696602,0.0,0.0,0.0,0.0
23.35,0.0,0.0,0.0,0.0,0.0,0.0,0.0,0.0,0.0,0.0,0.011666666666666665,0.011666666666666665,0.0,0.0,0.0,3.577703629696602,3.577703629696602,0.0,0.0,0.0,0.0
23.366666666666667,0.0,0.0,0.0,0.0,0.0,0.0,0.0,0.0,0.0,0.0,0.011666666666666665,0.011666666666666665,0.0,0.0,0.0,3.577703629696602,3.577703629696602,0.0,0.0,0.0,0.0
23.383333333333333,0.0,0.0,0.0,0.0,0.0,0.0,0.0,0.0,0.0,0.0,0.011666666666666665,0.011666666666666665,0.0,0.0,0.0,3.577703629696602,3.577703629696602,0.0,0.0,0.0,0.0
23.4,0.0,0.0,0.0,0.0,0.0,0.0,0.0,0.0,0.0,0.0,0.011666666666666665,0.011666666666666665,0.0,0.0,0.0,3.577703629696602,3.577703629696602,0.0,0.0,0.0,0.0
23.416666666666668,0.0,0.0,0.0,0.0,0.0,0.0,0.0,0.0,0.0,0.0,0.011666666666666665,0.011666666666666665,0.0,0.0,0.0,3.577703629696602,3.577703629696602,0.0,0.0,0.0,0.0
23.433333333333334,0.0,0.0,0.0,0.0,0.0,0.0,0.0,0.0,0.0,0.0,0.011666666666666665,0.011666666666666665,0.0,0.0,0.0,3.577703629696602,3.577703629696602,0.0,0.0,0.0,0.0
23.45,0.0,0.0,0.0,0.0,0.0,0.0,0.0,0.0,0.0,0.0,0.011666666666666665,0.011666666666666665,0.0,0.0,0.0,3.577703629696602,3.577703629696602,0.0,0.0,0.0,0.0
23.466666666666665,0.0,0.0,0.0,0.0,0.0,0.0,0.0,0.0,0.0,0.0,0.011666666666666665,0.011666666666666665,0.0,0.0,0.0,3.577703629696602,3.577703629696602,0.0,0.0,0.0,0.0
23.483333333333334,0.0,0.0,0.0,0.0,0.0,0.0,0.0,0.0,0.0,0.0,0.011666666666666665,0.011666666666666665,0.0,0.0,0.0,3.577703629696602,3.577703629696602,0.0,0.0,0.0,0.0
23.5,0.0,0.0,0.0,0.0,0.0,0.0,0.0,0.0,0.0,0.0,0.011666666666666665,0.011666666666666665,0.0,0.0,0.0,3.577703629696602,3.577703629696602,0.0,0.0,0.0,0.0
23.516666666666666,0.0,0.0,0.0,0.0,0.0,0.0,0.0,0.0,0.0,0.0,0.011666666666666665,0.011666666666666665,0.0,0.0,0.0,3.577703629696602,3.577703629696602,0.0,0.0,0.0,0.0
23.53333333333333,0.0,0.0,0.0,0.0,0.0,0.0,0.0,0.0,0.0,0.0,0.011666666666666665,0.011666666666666665,0.0,0.0,0.0,3.577703629696602,3.577703629696602,0.0,0.0,0.0,0.0
23.55,0.0,0.0,0.0,0.0,0.0,0.0,0.0,0.0,0.0,0.0,0.011666666666666665,0.011666666666666665,0.0,0.0,0.0,3.577703629696602,3.577703629696602,0.0,0.0,0.0,0.0
23.566666666666666,0.0,0.0,0.0,0.0,0.0,0.0,0.0,0.0,0.0,0.0,0.011666666666666665,0.011666666666666665,0.0,0.0,0.0,3.577703629696602,3.577703629696602,0.0,0.0,0.0,0.0
23.583333333333332,0.0,0.0,0.0,0.0,0.0,0.0,0.0,0.0,0.0,0.0,0.011666666666666665,0.011666666666666665,0.0,0.0,0.0,3.577703629696602,3.577703629696602,0.0,0.0,0.0,0.0
23.6,0.0,0.0,0.0,0.0,0.0,0.0,0.0,0.0,0.0,0.0,0.011666666666666665,0.011666666666666665,0.0,0.0,0.0,3.577703629696602,3.577703629696602,0.0,0.0,0.0,0.0
23.616666666666667,0.0,0.0,0.0,0.0,0.0,0.0,0.0,0.0,0.0,0.0,0.011666666666666665,0.011666666666666665,0.0,0.0,0.0,3.577703629696602,3.577703629696602,0.0,0.0,0.0,0.0
23.633333333333333,0.0,0.0,0.0,0.0,0.0,0.0,0.0,0.0,0.0,0.0,0.011666666666666665,0.011666666666666665,0.0,0.0,0.0,3.577703629696602,3.577703629696602,0.0,0.0,0.0,0.0
23.65,0.0,0.0,0.0,0.0,0.0,0.0,0.0,0.0,0.0,0.0,0.011666666666666665,0.011666666666666665,0.0,0.0,0.0,3.577703629696602,3.577703629696602,0.0,0.0,0.0,0.0
23.666666666666668,0.0,0.0,0.0,0.0,0.0,0.0,0.0,0.0,0.0,0.0,0.011666666666666665,0.011666666666666665,0.0,0.0,0.0,3.577703629696602,3.577703629696602,0.0,0.0,0.0,0.0
23.683333333333334,0.0,0.0,0.0,0.0,0.0,0.0,0.0,0.0,0.0,0.0,0.011666666666666665,0.011666666666666665,0.0,0.0,0.0,3.577703629696602,3.577703629696602,0.0,0.0,0.0,0.0
23.7,0.0,0.0,0.0,0.0,0.0,0.0,0.0,0.0,0.0,0.0,0.011666666666666665,0.011666666666666665,0.0,0.0,0.0,3.577703629696602,3.577703629696602,0.0,0.0,0.0,0.0
23.716666666666665,0.0,0.0,0.0,0.0,0.0,0.0,0.0,0.0,0.0,0.0,0.011666666666666665,0.011666666666666665,0.0,0.0,0.0,3.577703629696602,3.577703629696602,0.0,0.0,0.0,0.0
23.733333333333334,0.0,0.0,0.0,0.0,0.0,0.0,0.0,0.0,0.0,0.0,0.011666666666666665,0.011666666666666665,0.0,0.0,0.0,3.577703629696602,3.577703629696602,0.0,0.0,0.0,0.0
23.75,0.0,0.0,0.0,0.0,0.0,0.0,0.0,0.0,0.0,0.0,0.011666666666666665,0.011666666666666665,0.0,0.0,0.0,3.577703629696602,3.577703629696602,0.0,0.0,0.0,0.0
23.766666666666666,0.0,0.0,0.0,0.0,0.0,0.0,0.0,0.0,0.0,0.0,0.011666666666666665,0.011666666666666665,0.0,0.0,0.0,3.577703629696602,3.577703629696602,0.0,0.0,0.0,0.0
23.78333333333333,0.0,0.0,0.0,0.0,0.0,0.0,0.0,0.0,0.0,0.0,0.011666666666666665,0.011666666666666665,0.0,0.0,0.0,3.577703629696602,3.577703629696602,0.0,0.0,0.0,0.0
23.8,0.0,0.0,0.0,0.0,0.0,0.0,0.0,0.0,0.0,0.0,0.011666666666666665,0.011666666666666665,0.0,0.0,0.0,3.577703629696602,3.577703629696602,0.0,0.0,0.0,0.0
23.816666666666666,0.0,0.0,0.0,0.0,0.0,0.0,0.0,0.0,0.0,0.0,0.011666666666666665,0.011666666666666665,0.0,0.0,0.0,3.577703629696602,3.577703629696602,0.0,0.0,0.0,0.0
23.833333333333332,0.0,0.0,0.0,0.0,0.0,0.0,0.0,0.0,0.0,0.0,0.011666666666666665,0.011666666666666665,0.0,0.0,0.0,3.577703629696602,3.577703629696602,0.0,0.0,0.0,0.0
23.85,0.0,0.0,0.0,0.0,0.0,0.0,0.0,0.0,0.0,0.0,0.011666666666666665,0.011666666666666665,0.0,0.0,0.0,3.577703629696602,3.577703629696602,0.0,0.0,0.0,0.0
23.866666666666667,0.0,0.0,0.0,0.0,0.0,0.0,0.0,0.0,0.0,0.0,0.011666666666666665,0.011666666666666665,0.0,0.0,0.0,3.577703629696602,3.577703629696602,0.0,0.0,0.0,0.0
23.883333333333333,0.0,0.0,0.0,0.0,0.0,0.0,0.0,0.0,0.0,0.0,0.011666666666666665,0.011666666666666665,0.0,0.0,0.0,3.577703629696602,3.577703629696602,0.0,0.0,0.0,0.0
23.9,0.0,0.0,0.0,0.0,0.0,0.0,0.0,0.0,0.0,0.0,0.011666666666666665,0.011666666666666665,0.0,0.0,0.0,3.577703629696602,3.577703629696602,0.0,0.0,0.0,0.0
23.916666666666668,0.0,0.0,0.0,0.0,0.0,0.0,0.0,0.0,0.0,0.0,0.011666666666666665,0.011666666666666665,0.0,0.0,0.0,3.577703629696602,3.577703629696602,0.0,0.0,0.0,0.0
23.933333333333334,0.0,0.0,0.0,0.0,0.0,0.0,0.0,0.0,0.0,0.0,0.011666666666666665,0.011666666666666665,0.0,0.0,0.0,3.577703629696602,3.577703629696602,0.0,0.0,0.0,0.0
23.95,0.0,0.0,0.0,0.0,0.0,0.0,0.0,0.0,0.0,0.0,0.011666666666666665,0.011666666666666665,0.0,0.0,0.0,3.577703629696602,3.577703629696602,0.0,0.0,0.0,0.0
23.966666666666665,0.0,0.0,0.0,0.0,0.0,0.0,0.0,0.0,0.0,0.0,0.011666666666666665,0.011666666666666665,0.0,0.0,0.0,3.577703629696602,3.577703629696602,0.0,0.0,0.0,0.0
23.983333333333334,0.0,0.0,0.0,0.0,0.0,0.0,0.0,0.0,0.0,0.0,0.011666666666666665,0.011666666666666665,0.0,0.0,0.0,3.577703629696602,3.577703629696602,0.0,0.0,0.0,0.0
