time_h,renewable_power_kw,renewable_energy_kwh,electrolyzer_power_kw,electrolyzer_efficiency,electrolyzer_energy_kwh,h2_produced_kg,h2_direct_kg,h2_from_nh3_kg,h2_used_for_nh3_kg,h2_unused_kg,h2_demand_kg,unmet_h2_kg,nh3_produced_kg,nh3_stored_kg,nh3_discharged_kg,nh3_storage_level_kg,nh3_storage_soc_percent,nh3_synthesis_energy_kwh,nh3_cracking_energy_kwh,curtailed_energy_kwh,total_h2_supplied_kg
0.0,0.0,0.0,0.0,0.0,0.0,0.0,0.0,0.0,0.0,0.0,0.011666666666666665,0.011666666666666665,0.0,0.0,0.0,20.0,20.0,0.0,0.0,0.0,0.0
0.016666666666666666,0.0,0.0,0.0,0.0,0.0,0.0,0.0,0.0,0.0,0.0,0.011666666666666665,0.011666666666666665,0.0,0.0,0.0,20.0,20.0,0.0,0.0,0.0,0.0
0.03333333333333333,0.0,0.0,0.0,0.0,0.0,0.0,0.0,0.0,0.0,0.0,0.011666666666666665,0.011666666666666665,0.0,0.0,0.0,20.0,20.0,0.0,0.0,0.0,0.0
0.05,0.0,0.0,0.0,0.0,0.0,0.0,0.0,0.0,0.0,0.0,0.011666666666666665,0.011666666666666665,0.0,0.0,0.0,20.0,20.0,0.0,0.0,0.0,0.0
0.06666666666666667,0.0,0.0,0.0,0.0,0.0,0.0,0.0,0.0,0.0,0.0,0.011666666666666665,0.011666666666666665,0.0,0.0,0.0,20.0,20.0,0.0,0.0,0.0,0.0
0.08333333333333333,0.0,0.0,0.0,0.0,0.0,0.0,0.0,0.0,0.0,0.0,0.011666666666666665,0.011666666666666665,0.0,0.0,0.0,20.0,20.0,0.0,0.0,0.0,0.0
0.1,0.0,0.0,0.0,0.0,0.0,0.0,0.0,0.0,0.0,0.0,0.011666666666666665,0.011666666666666665,0.0,0.0,0.0,20.0,20.0,0.0,0.0,0.0,0.0
0.11666666666666667,0.0,0.0,0.0,0.0,0.0,0.0,0.0,0.0,0.0,0.0,0.011666666666666665,0.011666666666666665,0.0,0.0,0.0,20.0,20.0,0.0,0.0,0.0,0.0
0.13333333333333333,0.0,0.0,0.0,0.0,0.0,0.0,0.0,0.0,0.0,0.0,0.011666666666666665,0.011666666666666665,0.0,0.0,0.0,20.0,20.0,0.0,0.0,0.0,0.0
0.15,0.0,0.0,0.0,0.0,0.0,0.0,0.0,0.0,0.0,0.0,0.011666666666666665,0.011666666666666665,0.0,0.0,0.0,20.0,20.0,0.0,0.0,0.0,0.0
0.16666666666666666,0.0,0.0,0.0,0.0,0.0,0.0,0.0,0.0,0.0,0.0,0.011666666666666665,0.011666666666666665,0.0,0.0,0.0,20.0,20.0,0.0,0.0,0.0,0.0
0.18333333333333332,0.0,0.0,0.0,0.0,0.0,0.0,0.0,0.0,0.0,0.0,0.011666666666666665,0.011666666666666665,0.0,0.0,0.0,20.0,20.0,0.0,0.0,0.0,0.0
0.2,0.0,0.0,0.0,0.0,0.0,0.0,0.0,0.0,0.0,0.0,0.011666666666666665,0.011666666666666665,0.0,0.0,0.0,20.0,20.0,0.0,0.0,0.0,0.0
0.21666666666666667,0.0,0.0,0.0,0.0,0.0,0.0,0.0,0.0,0.0,0.0,0.011666666666666665,0.011666666666666665,0.0,0.0,0.0,20.0,20.0,0.0,0.0,0.0,0.0
0.23333333333333334,0.0,0.0,0.0,0.0,0.0,0.0,0.0,0.0,0.0,0.0,0.011666666666666665,0.011666666666666665,0.0,0.0,0.0,20.0,20.0,0.0,0.0,0.0,0.0
0.25,0.0,0.0,0.0,0.0,0.0,0.0,0.0,0.0,0.0,0.0,0.011666666666666665,0.011666666666666665,0.0,0.0,0.0,20.0,20.0,0.0,0.0,0.0,0.0
0.26666666666666666,0.0,0.0,0.0,0.0,0.0,0.0,0.0,0.0,0.0,0.0,0.011666666666666665,0.011666666666666665,0.0,0.0,0.0,20.0,20.0,0.0,0.0,0.0,0.0
0.2833333333333333,0.0,0.0,0.0,0.0,0.0,0.0,0.0,0.0,0.0,0.0,0.011666666666666665,0.011666666666666665,0.0,0.0,0.0,20.0,20.0,0.0,0.0,0.0,0.0
0.3,0.0,0.0,0.0,0.0,0.0,0.0,0.0,0.0,0.0,0.0,0.011666666666666665,0.011666666666666665,0.0,0.0,0.0,20.0,20.0,0.0,0.0,0.0,0.0
0.31666666666666665,0.0,0.0,0.0,0.0,0.0,0.0,0.0,0.0,0.0,0.0,0.011666666666666665,0.011666666666666665,0.0,0.0,0.0,20.0,20.0,0.0,0.0,0.0,0.0
0.3333333333333333,0.0,0.0,0.0,0.0,0.0,0.0,0.0,0.0,0.0,0.0,0.011666666666666665,0.011666666666666665,0.0,0.0,0.0,20.0,20.0,0.0,0.0,0.0,0.0
0.35,0.0,0.0,0.0,0.0,0.0,0.0,0.0,0.0,0.0,0.0,0.011666666666666665,0.011666666666666665,0.0,0.0,0.0,20.0,20.0,0.0,0.0,0.0,0.0
0.36666666666666664,0.0,0.0,0.0,0.0,0.0,0.0,0.0,0.0,0.0,0.0,0.011666666666666665,0.011666666666666665,0.0,0.0,0.0,20.0,20.0,0.0,0.0,0.0,0.0
0.3833333333333333,0.0,0.0,0.0,0.0,0.0,0.0,0.0,0.0,0.0,0.0,0.011666666666666665,0.011666666666666665,0.0,0.0,0.0,20.0,20.0,0.0,0.0,0.0,0.0
0.4,0.0,0.0,0.0,0.0,0.0,0.0,0.0,0.0,0.0,0.0,0.011666666666666665,0.011666666666666665,0.0,0.0,0.0,20.0,20.0,0.0,0.0,0.0,0.0
0.4166666666666667,0.0,0.0,0.0,0.0,0.0,0.0,0.0,0.0,0.0,0.0,0.011666666666666665,0.011666666666666665,0.0,0.0,0.0,20.0,20.0,0.0,0.0,0.0,0.0
0.43333333333333335,0.0,0.0,0.0,0.0,0.0,0.0,0.0,0.0,0.0,0.0,0.011666666666666665,0.011666666666666665,0.0,0.0,0.0,20.0,20.0,0.0,0.0,0.0,0.0
0.45,0.0,0.0,0.0,0.0,0.0,0.0,0.0,0.0,0.0,0.0,0.011666666666666665,0.011666666666666665,0.0,0.0,0.0,20.0,20.0,0.0,0.0,0.0,0.0
0.4666666666666667,0.0,0.0,0.0,0.0,0.0,0.0,0.0,0.0,0.0,0.0,0.011666666666666665,0.011666666666666665,0.0,0.0,0.0,20.0,20.0,0.0,0.0,0.0,0.0
0.48333333333333334,0.0,0.0,0.0,0.0,0.0,0.0,0.0,0.0,0.0,0.0,0.011666666666666665,0.011666666666666665,0.0,0.0,0.0,20.0,20.0,0.0,0.0,0.0,0.0
0.5,0.0,0.0,0.0,0.0,0.0,0.0,0.0,0.0,0.0,0.0,0.011666666666666665,0.011666666666666665,0.0,0.0,0.0,20.0,20.0,0.0,0.0,0.0,0.0
0.5166666666666666,0.0,0.0,0.0,0.0,0.0,0.0,0.0,0.0,0.0,0.0,0.011666666666666665,0.011666666666666665,0.0,0.0,0.0,20.0,20.0,0.0,0.0,0.0,0.0
0.5333333333333333,0.0,0.0,0.0,0.0,0.0,0.0,0.0,0.0,0.0,0.0,0.011666666666666665,0.011666666666666665,0.0,0.0,0.0,20.0,20.0,0.0,0.0,0.0,0.0
0.55,0.0,0.0,0.0,0.0,0.0,0.0,0.0,0.0,0.0,0.0,0.011666666666666665,0.011666666666666665,0.0,0.0,0.0,20.0,20.0,0.0,0.0,0.0,0.0
0.5666666666666667,0.0,0.0,0.0,0.0,0.0,0.0,0.0,0.0,0.0,0.0,0.011666666666666665,0.011666666666666665,0.0,0.0,0.0,20.0,20.0,0.0,0.0,0.0,0.0
0.5833333333333334,0.0,0.0,0.0,0.0,0.0,0.0,0.0,0.0,0.0,0.0,0.011666666666666665,0.011666666666666665,0.0,0.0,0.0,20.0,20.0,0.0,0.0,0.0,0.0
0.6,0.0,0.0,0.0,0.0,0.0,0.0,0.0,0.0,0.0,0.0,0.011666666666666665,0.011666666666666665,0.0,0.0,0.0,20.0,20.0,0.0,0.0,0.0,0.0
0.6166666666666667,0.0,0.0,0.0,0.0,0.0,0.0,0.0,0.0,0.0,0.0,0.011666666666666665,0.011666666666666665,0.0,0.0,0.0,20.0,20.0,0.0,0.0,0.0,0.0
0.6333333333333333,0.0,0.0,0.0,0.0,0.0,0.0,0.0,0.0,0.0,0.0,0.011666666666666665,0.011666666666666665,0.0,0.0,0.0,20.0,20.0,0.0,0.0,0.0,0.0
0.65,0.0,0.0,0.0,0.0,0.0,0.0,0.0,0.0,0.0,0.0,0.011666666666666665,0.011666666666666665,0.0,0.0,0.0,20.0,20.0,0.0,0.0,0.0,0.0
0.6666666666666666,0.0,0.0,0.0,0.0,0.0,0.0,0.0,0.0,0.0,0.0,0.011666666666666665,0.011666666666666665,0.0,0.0,0.0,20.0,20.0,0.0,0.0,0.0,0.0
0.6833333333333333,0.0,0.0,0.0,0.0,0.0,0.0,0.0,0.0,0.0,0.0,0.011666666666666665,0.011666666666666665,0.0,0.0,0.0,20.0,20.0,0.0,0.0,0.0,0.0
0.7,0.0,0.0,0.0,0.0,0.0,0.0,0.0,0.0,0.0,0.0,0.011666666666666665,0.011666666666666665,0.0,0.0,0.0,20.0,20.0,0.0,0.0,0.0,0.0
0.7166666666666667,0.0,0.0,0.0,0.0,0.0,0.0,0.0,0.0,0.0,0.0,0.011666666666666665,0.011666666666666665,0.0,0.0,0.0,20.0,20.0,0.0,0.0,0.0,0.0
0.7333333333333333,0.0,0.0,0.0,0.0,0.0,0.0,0.0,0.0,0.0,0.0,0.011666666666666665,0.011666666666666665,0.0,0.0,0.0,20.0,20.0,0.0,0.0,0.0,0.0
0.75,0.0,0.0,0.0,0.0,0.0,0.0,0.0,0.0,0.0,0.0,0.011666666666666665,0.011666666666666665,0.0,0.0,0.0,20.0,20.0,0.0,0.0,0.0,0.0
0.7666666666666666,0.0,0.0,0.0,0.0,0.0,0.0,0.0,0.0,0.0,0.0,0.011666666666666665,0.011666666666666665,0.0,0.0,0.0,20.0,20.0,0.0,0.0,0.0,0.0
0.7833333333333333,0.0,0.0,0.0,0.0,0.0,0.0,0.0,0.0,0.0,0.0,0.011666666666666665,0.011666666666666665,0.0,0.0,0.0,20.0,20.0,0.0,0.0,0.0,0.0
0.8,0.0,0.0,0.0,0.0,0.0,0.0,0.0,0.0,0.0,0.0,0.011666666666666665,0.011666666666666665,0.0,0.0,0.0,20.0,20.0,0.0,0.0,0.0,0.0
0.8166666666666667,0.0,0.0,0.0,0.0,0.0,0.0,0.0,0.0,0.0,0.0,0.011666666666666665,0.011666666666666665,0.0,0.0,0.0,20.0,20.0,0.0,0.0,0.0,0.0
0.8333333333333334,0.0,0.0,0.0,0.0,0.0,0.0,0.0,0.0,0.0,0.0,0.011666666666666665,0.011666666666666665,0.0,0.0,0.0,20.0,20.0,0.0,0.0,0.0,0.0
0.85,0.0,0.0,0.0,0.0,0.0,0.0,0.0,0.0,0.0,0.0,0.011666666666666665,0.011666666666666665,0.0,0.0,0.0,20.0,20.0,0.0,0.0,0.0,0.0
0.8666666666666667,0.0,0.0,0.0,0.0,0.0,0.0,0.0,0.0,0.0,0.0,0.011666666666666665,0.011666666666666665,0.0,0.0,0.0,20.0,20.0,0.0,0.0,0.0,0.0
0.8833333333333333,0.0,0.0,0.0,0.0,0.0,0.0,0.0,0.0,0.0,0.0,0.011666666666666665,0.011666666666666665,0.0,0.0,0.0,20.0,20.0,0.0,0.0,0.0,0.0
0.9,0.0,0.0,0.0,0.0,0.0,0.0,0.0,0.0,0.0,0.0,0.011666666666666665,0.011666666666666665,0.0,0.0,0.0,20.0,20.0,0.0,0.0,0.0,0.0
0.9166666666666666,0.0,0.0,0.0,0.0,0.0,0.0,0.0,0.0,0.0,0.0,0.011666666666666665,0.011666666666666665,0.0,0.0,0.0,20.0,20.0,0.0,0.0,0.0,0.0
0.9333333333333333,0.0,0.0,0.0,0.0,0.0,0.0,0.0,0.0,0.0,0.0,0.011666666666666665,0.011666666666666665,0.0,0.0,0.0,20.0,20.0,0.0,0.0,0.0,0.0
0.95,0.0,0.0,0.0,0.0,0.0,0.0,0.0,0.0,0.0,0.0,0.011666666666666665,0.011666666666666665,0.0,0.0,0.0,20.0,20.0,0.0,0.0,0.0,0.0
0.9666666666666667,0.0,0.0,0.0,0.0,0.0,0.0,0.0,0.0,0.0,0.0,0.011666666666666665,0.011666666666666665,0.0,0.0,0.0,20.0,20.0,0.0,0.0,0.0,0.0
0.9833333333333333,0.0,0.0,0.0,0.0,0.0,0.0,0.0,0.0,0.0,0.0,0.011666666666666665,0.011666666666666665,0.0,0.0,0.0,20.0,20.0,0.0,0.0,0.0,0.0
1.0,0.0,0.0,0.0,0.0,0.0,0.0,0.0,0.0,0.0,0.0,0.011666666666666665,0.011666666666666665,0.0,0.0,0.0,20.0,20.0,0.0,0.0,0.0,0.0
1.0166666666666666,0.0,0.0,0.0,0.0,0.0,0.0,0.0,0.0,0.0,0.0,0.011666666666666665,0.011666666666666665,0.0,0.0,0.0,20.0,20.0,0.0,0.0,0.0,0.0
1.0333333333333332,0.0,0.0,0.0,0.0,0.0,0.0,0.0,0.0,0.0,0.0,0.011666666666666665,0.011666666666666665,0.0,0.0,0.0,20.0,20.0,0.0,0.0,0.0,0.0
1.05,0.0,0.0,0.0,0.0,0.0,0.0,0.0,0.0,0.0,0.0,0.011666666666666665,0.011666666666666665,0.0,0.0,0.0,20.0,20.0,0.0,0.0,0.0,0.0
1.0666666666666667,0.0,0.0,0.0,0.0,0.0,0.0,0.0,0.0,0.0,0.0,0.011666666666666665,0.011666666666666665,0.0,0.0,0.0,20.0,20.0,0.0,0.0,0.0,0.0
1.0833333333333333,0.0,0.0,0.0,0.0,0.0,0.0,0.0,0.0,0.0,0.0,0.011666666666666665,0.011666666666666665,0.0,0.0,0.0,20.0,20.0,0.0,0.0,0.0,0.0
1.1,0.0,0.0,0.0,0.0,0.0,0.0,0.0,0.0,0.0,0.0,0.011666666666666665,0.011666666666666665,0.0,0.0,0.0,20.0,20.0,0.0,0.0,0.0,0.0
1.1166666666666667,0.0,0.0,0.0,0.0,0.0,0.0,0.0,0.0,0.0,0.0,0.011666666666666665,0.011666666666666665,0.0,0.0,0.0,20.0,20.0,0.0,0.0,0.0,0.0
1.1333333333333333,0.0,0.0,0.0,0.0,0.0,0.0,0.0,0.0,0.0,0.0,0.011666666666666665,0.011666666666666665,0.0,0.0,0.0,20.0,20.0,0.0,0.0,0.0,0.0
1.15,0.0,0.0,0.0,0.0,0.0,0.0,0.0,0.0,0.0,0.0,0.011666666666666665,0.011666666666666665,0.0,0.0,0.0,20.0,20.0,0.0,0.0,0.0,0.0
1.1666666666666667,0.0,0.0,0.0,0.0,0.0,0.0,0.0,0.0,0.0,0.0,0.011666666666666665,0.011666666666666665,0.0,0.0,0.0,20.0,20.0,0.0,0.0,0.0,0.0
1.1833333333333333,0.0,0.0,0.0,0.0,0.0,0.0,0.0,0.0,0.0,0.0,0.011666666666666665,0.011666666666666665,0.0,0.0,0.0,20.0,20.0,0.0,0.0,0.0,0.0
1.2,0.0,0.0,0.0,0.0,0.0,0.0,0.0,0.0,0.0,0.0,0.011666666666666665,0.011666666666666665,0.0,0.0,0.0,20.0,20.0,0.0,0.0,0.0,0.0
1.2166666666666666,0.0,0.0,0.0,0.0,0.0,0.0,0.0,0.0,0.0,0.0,0.011666666666666665,0.011666666666666665,0.0,0.0,0.0,20.0,20.0,0.0,0.0,0.0,0.0
1.2333333333333334,0.0,0.0,0.0,0.0,0.0,0.0,0.0,0.0,0.0,0.0,0.011666666666666665,0.011666666666666665,0.0,0.0,0.0,20.0,20.0,0.0,0.0,0.0,0.0
1.25,0.0,0.0,0.0,0.0,0.0,0.0,0.0,0.0,0.0,0.0,0.011666666666666665,0.011666666666666665,0.0,0.0,0.0,20.0,20.0,0.0,0.0,0.0,0.0
1.2666666666666666,0.0,0.0,0.0,0.0,0.0,0.0,0.0,0.0,0.0,0.0,0.011666666666666665,0.011666666666666665,0.0,0.0,0.0,20.0,20.0,0.0,0.0,0.0,0.0
1.2833333333333332,0.0,0.0,0.0,0.0,0.0,0.0,0.0,0.0,0.0,0.0,0.011666666666666665,0.011666666666666665,0.0,0.0,0.0,20.0,20.0,0.0,0.0,0.0,0.0
1.3,0.0,0.0,0.0,0.0,0.0,0.0,0.0,0.0,0.0,0.0,0.011666666666666665,0.011666666666666665,0.0,0.0,0.0,20.0,20.0,0.0,0.0,0.0,0.0
1.3166666666666667,0.0,0.0,0.0,0.0,0.0,0.0,0.0,0.0,0.0,0.0,0.011666666666666665,0.011666666666666665,0.0,0.0,0.0,20.0,20.0,0.0,0.0,0.0,0.0
1.3333333333333333,0.0,0.0,0.0,0.0,0.0,0.0,0.0,0.0,0.0,0.0,0.011666666666666665,0.011666666666666665,0.0,0.0,0.0,20.0,20.0,0.0,0.0,0.0,0.0
1.35,0.0,0.0,0.0,0.0,0.0,0.0,0.0,0.0,0.0,0.0,0.011666666666666665,0.011666666666666665,0.0,0.0,0.0,20.0,20.0,0.0,0.0,0.0,0.0
1.3666666666666667,0.0,0.0,0.0,0.0,0.0,0.0,0.0,0.0,0.0,0.0,0.011666666666666665,0.011666666666666665,0.0,0.0,0.0,20.0,20.0,0.0,0.0,0.0,0.0
1.3833333333333333,0.0,0.0,0.0,0.0,0.0,0.0,0.0,0.0,0.0,0.0,0.011666666666666665,0.011666666666666665,0.0,0.0,0.0,20.0,20.0,0.0,0.0,0.0,0.0
1.4,0.0,0.0,0.0,0.0,0.0,0.0,0.0,0.0,0.0,0.0,0.011666666666666665,0.011666666666666665,0.0,0.0,0.0,20.0,20.0,0.0,0.0,0.0,0.0
1.4166666666666667,0.0,0.0,0.0,0.0,0.0,0.0,0.0,0.0,0.0,0.0,0.011666666666666665,0.011666666666666665,0.0,0.0,0.0,20.0,20.0,0.0,0.0,0.0,0.0
1.4333333333333333,0.0,0.0,0.0,0.0,0.0,0.0,0.0,0.0,0.0,0.0,0.011666666666666665,0.011666666666666665,0.0,0.0,0.0,20.0,20.0,0.0,0.0,0.0,0.0
1.45,0.0,0.0,0.0,0.0,0.0,0.0,0.0,0.0,0.0,0.0,0.011666666666666665,0.011666666666666665,0.0,0.0,0.0,20.0,20.0,0.0,0.0,0.0,0.0
1.4666666666666666,0.0,0.0,0.0,0.0,0.0,0.0,0.0,0.0,0.0,0.0,0.011666666666666665,0.011666666666666665,0.0,0.0,0.0,20.0,20.0,0.0,0.0,0.0,0.0
1.4833333333333334,0.0,0.0,0.0,0.0,0.0,0.0,0.0,0.0,0.0,0.0,0.011666666666666665,0.011666666666666665,0.0,0.0,0.0,20.0,20.0,0.0,0.0,0.0,0.0
1.5,0.0,0.0,0.0,0.0,0.0,0.0,0.0,0.0,0.0,0.0,0.011666666666666665,0.011666666666666665,0.0,0.0,0.0,20.0,20.0,0.0,0.0,0.0,0.0
1.5166666666666666,0.0,0.0,0.0,0.0,0.0,0.0,0.0,0.0,0.0,0.0,0.011666666666666665,0.011666666666666665,0.0,0.0,0.0,20.0,20.0,0.0,0.0,0.0,0.0
1.5333333333333332,0.0,0.0,0.0,0.0,0.0,0.0,0.0,0.0,0.0,0.0,0.011666666666666665,0.011666666666666665,0.0,0.0,0.0,20.0,20.0,0.0,0.0,0.0,0.0
1.55,0.0,0.0,0.0,0.0,0.0,0.0,0.0,0.0,0.0,0.0,0.011666666666666665,0.011666666666666665,0.0,0.0,0.0,20.0,20.0,0.0,0.0,0.0,0.0
1.5666666666666667,0.0,0.0,0.0,0.0,0.0,0.0,0.0,0.0,0.0,0.0,0.011666666666666665,0.011666666666666665,0.0,0.0,0.0,20.0,20.0,0.0,0.0,0.0,0.0
1.5833333333333333,0.0,0.0,0.0,0.0,0.0,0.0,0.0,0.0,0.0,0.0,0.011666666666666665,0.011666666666666665,0.0,0.0,0.0,20.0,20.0,0.0,0.0,0.0,0.0
1.6,0.0,0.0,0.0,0.0,0.0,0.0,0.0,0.0,0.0,0.0,0.011666666666666665,0.011666666666666665,0.0,0.0,0.0,20.0,20.0,0.0,0.0,0.0,0.0
1.6166666666666667,0.0,0.0,0.0,0.0,0.0,0.0,0.0,0.0,0.0,0.0,0.011666666666666665,0.011666666666666665,0.0,0.0,0.0,20.0,20.0,0.0,0.0,0.0,0.0
1.6333333333333333,0.0,0.0,0.0,0.0,0.0,0.0,0.0,0.0,0.0,0.0,0.011666666666666665,0.011666666666666665,0.0,0.0,0.0,20.0,20.0,0.0,0.0,0.0,0.0
1.65,0.0,0.0,0.0,0.0,0.0,0.0,0.0,0.0,0.0,0.0,0.011666666666666665,0.011666666666666665,0.0,0.0,0.0,20.0,20.0,0.0,0.0,0.0,0.0
1.6666666666666667,0.0,0.0,0.0,0.0,0.0,0.0,0.0,0.0,0.0,0.0,0.011666666666666665,0.011666666666666665,0.0,0.0,0.0,20.0,20.0,0.0,0.0,0.0,0.0
1.6833333333333333,0.0,0.0,0.0,0.0,0.0,0.0,0.0,0.0,0.0,0.0,0.011666666666666665,0.011666666666666665,0.0,0.0,0.0,20.0,20.0,0.0,0.0,0.0,0.0
1.7,0.0,0.0,0.0,0.0,0.0,0.0,0.0,0.0,0.0,0.0,0.011666666666666665,0.011666666666666665,0.0,0.0,0.0,20.0,20.0,0.0,0.0,0.0,0.0
1.7166666666666666,0.0,0.0,0.0,0.0,0.0,0.0,0.0,0.0,0.0,0.0,0.011666666666666665,0.011666666666666665,0.0,0.0,0.0,20.0,20.0,0.0,0.0,0.0,0.0
1.7333333333333334,0.0,0.0,0.0,0.0,0.0,0.0,0.0,0.0,0.0,0.0,0.011666666666666665,0.011666666666666665,0.0,0.0,0.0,20.0,20.0,0.0,0.0,0.0,0.0
1.75,0.0,0.0,0.0,0.0,0.0,0.0,0.0,0.0,0.0,0.0,0.011666666666666665,0.011666666666666665,0.0,0.0,0.0,20.0,20.0,0.0,0.0,0.0,0.0
1.7666666666666666,0.0,0.0,0.0,0.0,0.0,0.0,0.0,0.0,0.0,0.0,0.011666666666666665,0.011666666666666665,0.0,0.0,0.0,20.0,20.0,0.0,0.0,0.0,0.0
1.7833333333333332,0.0,0.0,0.0,0.0,0.0,0.0,0.0,0.0,0.0,0.0,0.011666666666666665,0.011666666666666665,0.0,0.0,0.0,20.0,20.0,0.0,0.0,0.0,0.0
1.8,0.0,0.0,0.0,0.0,0.0,0.0,0.0,0.0,0.0,0.0,0.011666666666666665,0.011666666666666665,0.0,0.0,0.0,20.0,20.0,0.0,0.0,0.0,0.0
1.8166666666666667,0.0,0.0,0.0,0.0,0.0,0.0,0.0,0.0,0.0,0.0,0.011666666666666665,0.011666666666666665,0.0,0.0,0.0,20.0,20.0,0.0,0.0,0.0,0.0
1.8333333333333333,0.0,0.0,0.0,0.0,0.0,0.0,0.0,0.0,0.0,0.0,0.011666666666666665,0.011666666666666665,0.0,0.0,0.0,20.0,20.0,0.0,0.0,0.0,0.0
1.8499999999999999,0.0,0.0,0.0,0.0,0.0,0.0,0.0,0.0,0.0,0.0,0.011666666666666665,0.011666666666666665,0.0,0.0,0.0,20.0,20.0,0.0,0.0,0.0,0.0
1.8666666666666667,0.0,0.0,0.0,0.0,0.0,0.0,0.0,0.0,0.0,0.0,0.011666666666666665,0.011666666666666665,0.0,0.0,0.0,20.0,20.0,0.0,0.0,0.0,0.0
1.8833333333333333,0.0,0.0,0.0,0.0,0.0,0.0,0.0,0.0,0.0,0.0,0.011666666666666665,0.011666666666666665,0.0,0.0,0.0,20.0,20.0,0.0,0.0,0.0,0.0
1.9,0.0,0.0,0.0,0.0,0.0,0.0,0.0,0.0,0.0,0.0,0.011666666666666665,0.011666666666666665,0.0,0.0,0.0,20.0,20.0,0.0,0.0,0.0,0.0
1.9166666666666667,0.0,0.0,0.0,0.0,0.0,0.0,0.0,0.0,0.0,0.0,0.011666666666666665,0.011666666666666665,0.0,0.0,0.0,20.0,20.0,0.0,0.0,0.0,0.0
1.9333333333333333,0.0,0.0,0.0,0.0,0.0,0.0,0.0,0.0,0.0,0.0,0.011666666666666665,0.011666666666666665,0.0,0.0,0.0,20.0,20.0,0.0,0.0,0.0,0.0
1.95,0.0,0.0,0.0,0.0,0.0,0.0,0.0,0.0,0.0,0.0,0.011666666666666665,0.011666666666666665,0.0,0.0,0.0,20.0,20.0,0.0,0.0,0.0,0.0
1.9666666666666666,0.0,0.0,0.0,0.0,0.0,0.0,0.0,0.0,0.0,0.0,0.011666666666666665,0.011666666666666665,0.0,0.0,0.0,20.0,20.0,0.0,0.0,0.0,0.0
1.9833333333333334,0.0,0.0,0.0,0.0,0.0,0.0,0.0,0.0,0.0,0.0,0.011666666666666665,0.011666666666666665,0.0,0.0,0.0,20.0,20.0,0.0,0.0,0.0,0.0
2.0,0.0,0.0,0.0,0.0,0.0,0.0,0.0,0.0,0.0,0.0,0.011666666666666665,0.011666666666666665,0.0,0.0,0.0,20.0,20.0,0.0,0.0,0.0,0.0
2.0166666666666666,0.0,0.0,0.0,0.0,0.0,0.0,0.0,0.0,0.0,0.0,0.011666666666666665,0.011666666666666665,0.0,0.0,0.0,20.0,20.0,0.0,0.0,0.0,0.0
2.033333333333333,0.0,0.0,0.0,0.0,0.0,0.0,0.0,0.0,0.0,0.0,0.011666666666666665,0.011666666666666665,0.0,0.0,0.0,20.0,20.0,0.0,0.0,0.0,0.0
2.05,0.0,0.0,0.0,0.0,0.0,0.0,0.0,0.0,0.0,0.0,0.011666666666666665,0.011666666666666665,0.0,0.0,0.0,20.0,20.0,0.0,0.0,0.0,0.0
2.0666666666666664,0.0,0.0,0.0,0.0,0.0,0.0,0.0,0.0,0.0,0.0,0.011666666666666665,0.011666666666666665,0.0,0.0,0.0,20.0,20.0,0.0,0.0,0.0,0.0
2.0833333333333335,0.0,0.0,0.0,0.0,0.0,0.0,0.0,0.0,0.0,0.0,0.011666666666666665,0.011666666666666665,0.0,0.0,0.0,20.0,20.0,0.0,0.0,0.0,0.0
2.1,0.0,0.0,0.0,0.0,0.0,0.0,0.0,0.0,0.0,0.0,0.011666666666666665,0.011666666666666665,0.0,0.0,0.0,20.0,20.0,0.0,0.0,0.0,0.0
2.1166666666666667,0.0,0.0,0.0,0.0,0.0,0.0,0.0,0.0,0.0,0.0,0.011666666666666665,0.011666666666666665,0.0,0.0,0.0,20.0,20.0,0.0,0.0,0.0,0.0
2.1333333333333333,0.0,0.0,0.0,0.0,0.0,0.0,0.0,0.0,0.0,0.0,0.011666666666666665,0.011666666666666665,0.0,0.0,0.0,20.0,20.0,0.0,0.0,0.0,0.0
2.15,0.0,0.0,0.0,0.0,0.0,0.0,0.0,0.0,0.0,0.0,0.011666666666666665,0.011666666666666665,0.0,0.0,0.0,20.0,20.0,0.0,0.0,0.0,0.0
2.1666666666666665,0.0,0.0,0.0,0.0,0.0,0.0,0.0,0.0,0.0,0.0,0.011666666666666665,0.011666666666666665,0.0,0.0,0.0,20.0,20.0,0.0,0.0,0.0,0.0
2.183333333333333,0.0,0.0,0.0,0.0,0.0,0.0,0.0,0.0,0.0,0.0,0.011666666666666665,0.011666666666666665,0.0,0.0,0.0,20.0,20.0,0.0,0.0,0.0,0.0
2.2,0.0,0.0,0.0,0.0,0.0,0.0,0.0,0.0,0.0,0.0,0.011666666666666665,0.011666666666666665,0.0,0.0,0.0,20.0,20.0,0.0,0.0,0.0,0.0
2.216666666666667,0.0,0.0,0.0,0.0,0.0,0.0,0.0,0.0,0.0,0.0,0.011666666666666665,0.011666666666666665,0.0,0.0,0.0,20.0,20.0,0.0,0.0,0.0,0.0
2.2333333333333334,0.0,0.0,0.0,0.0,0.0,0.0,0.0,0.0,0.0,0.0,0.011666666666666665,0.011666666666666665,0.0,0.0,0.0,20.0,20.0,0.0,0.0,0.0,0.0
2.25,0.0,0.0,0.0,0.0,0.0,0.0,0.0,0.0,0.0,0.0,0.011666666666666665,0.011666666666666665,0.0,0.0,0.0,20.0,20.0,0.0,0.0,0.0,0.0
2.2666666666666666,0.0,0.0,0.0,0.0,0.0,0.0,0.0,0.0,0.0,0.0,0.011666666666666665,0.011666666666666665,0.0,0.0,0.0,20.0,20.0,0.0,0.0,0.0,0.0
2.283333333333333,0.0,0.0,0.0,0.0,0.0,0.0,0.0,0.0,0.0,0.0,0.011666666666666665,0.011666666666666665,0.0,0.0,0.0,20.0,20.0,0.0,0.0,0.0,0.0
2.3,0.0,0.0,0.0,0.0,0.0,0.0,0.0,0.0,0.0,0.0,0.011666666666666665,0.011666666666666665,0.0,0.0,0.0,20.0,20.0,0.0,0.0,0.0,0.0
2.3166666666666664,0.0,0.0,0.0,0.0,0.0,0.0,0.0,0.0,0.0,0.0,0.011666666666666665,0.011666666666666665,0.0,0.0,0.0,20.0,20.0,0.0,0.0,0.0,0.0
2.3333333333333335,0.0,0.0,0.0,0.0,0.0,0.0,0.0,0.0,0.0,0.0,0.011666666666666665,0.011666666666666665,0.0,0.0,0.0,20.0,20.0,0.0,0.0,0.0,0.0
2.35,0.0,0.0,0.0,0.0,0.0,0.0,0.0,0.0,0.0,0.0,0.011666666666666665,0.011666666666666665,0.0,0.0,0.0,20.0,20.0,0.0,0.0,0.0,0.0
2.3666666666666667,0.0,0.0,0.0,0.0,0.0,0.0,0.0,0.0,0.0,0.0,0.011666666666666665,0.011666666666666665,0.0,0.0,0.0,20.0,20.0,0.0,0.0,0.0,0.0
2.3833333333333333,0.0,0.0,0.0,0.0,0.0,0.0,0.0,0.0,0.0,0.0,0.011666666666666665,0.011666666666666665,0.0,0.0,0.0,20.0,20.0,0.0,0.0,0.0,0.0
2.4,0.0,0.0,0.0,0.0,0.0,0.0,0.0,0.0,0.0,0.0,0.011666666666666665,0.011666666666666665,0.0,0.0,0.0,20.0,20.0,0.0,0.0,0.0,0.0
2.4166666666666665,0.0,0.0,0.0,0.0,0.0,0.0,0.0,0.0,0.0,0.0,0.011666666666666665,0.011666666666666665,0.0,0.0,0.0,20.0,20.0,0.0,0.0,0.0,0.0
2.433333333333333,0.0,0.0,0.0,0.0,0.0,0.0,0.0,0.0,0.0,0.0,0.011666666666666665,0.011666666666666665,0.0,0.0,0.0,20.0,20.0,0.0,0.0,0.0,0.0
2.45,0.0,0.0,0.0,0.0,0.0,0.0,0.0,0.0,0.0,0.0,0.011666666666666665,0.011666666666666665,0.0,0.0,0.0,20.0,20.0,0.0,0.0,0.0,0.0
2.466666666666667,0.0,0.0,0.0,0.0,0.0,0.0,0.0,0.0,0.0,0.0,0.011666666666666665,0.011666666666666665,0.0,0.0,0.0,20.0,20.0,0.0,0.0,0.0,0.0
2.4833333333333334,0.0,0.0,0.0,0.0,0.0,0.0,0.0,0.0,0.0,0.0,0.011666666666666665,0.011666666666666665,0.0,0.0,0.0,20.0,20.0,0.0,0.0,0.0,0.0
2.5,0.0,0.0,0.0,0.0,0.0,0.0,0.0,0.0,0.0,0.0,0.011666666666666665,0.011666666666666665,0.0,0.0,0.0,20.0,20.0,0.0,0.0,0.0,0.0
2.5166666666666666,0.0,0.0,0.0,0.0,0.0,0.0,0.0,0.0,0.0,0.0,0.011666666666666665,0.011666666666666665,0.0,0.0,0.0,20.0,20.0,0.0,0.0,0.0,0.0
2.533333333333333,0.0,0.0,0.0,0.0,0.0,0.0,0.0,0.0,0.0,0.0,0.011666666666666665,0.011666666666666665,0.0,0.0,0.0,20.0,20.0,0.0,0.0,0.0,0.0
2.55,0.0,0.0,0.0,0.0,0.0,0.0,0.0,0.0,0.0,0.0,0.011666666666666665,0.011666666666666665,0.0,0.0,0.0,20.0,20.0,0.0,0.0,0.0,0.0
2.5666666666666664,0.0,0.0,0.0,0.0,0.0,0.0,0.0,0.0,0.0,0.0,0.011666666666666665,0.011666666666666665,0.0,0.0,0.0,20.0,20.0,0.0,0.0,0.0,0.0
2.5833333333333335,0.0,0.0,0.0,0.0,0.0,0.0,0.0,0.0,0.0,0.0,0.011666666666666665,0.011666666666666665,0.0,0.0,0.0,20.0,20.0,0.0,0.0,0.0,0.0
2.6,0.0,0.0,0.0,0.0,0.0,0.0,0.0,0.0,0.0,0.0,0.011666666666666665,0.011666666666666665,0.0,0.0,0.0,20.0,20.0,0.0,0.0,0.0,0.0
2.6166666666666667,0.0,0.0,0.0,0.0,0.0,0.0,0.0,0.0,0.0,0.0,0.011666666666666665,0.011666666666666665,0.0,0.0,0.0,20.0,20.0,0.0,0.0,0.0,0.0
2.6333333333333333,0.0,0.0,0.0,0.0,0.0,0.0,0.0,0.0,0.0,0.0,0.011666666666666665,0.011666666666666665,0.0,0.0,0.0,20.0,20.0,0.0,0.0,0.0,0.0
2.65,0.0,0.0,0.0,0.0,0.0,0.0,0.0,0.0,0.0,0.0,0.011666666666666665,0.011666666666666665,0.0,0.0,0.0,20.0,20.0,0.0,0.0,0.0,0.0
2.6666666666666665,0.0,0.0,0.0,0.0,0.0,0.0,0.0,0.0,0.0,0.0,0.011666666666666665,0.011666666666666665,0.0,0.0,0.0,20.0,20.0,0.0,0.0,0.0,0.0
2.683333333333333,0.0,0.0,0.0,0.0,0.0,0.0,0.0,0.0,0.0,0.0,0.011666666666666665,0.011666666666666665,0.0,0.0,0.0,20.0,20.0,0.0,0.0,0.0,0.0
2.7,0.0,0.0,0.0,0.0,0.0,0.0,0.0,0.0,0.0,0.0,0.011666666666666665,0.011666666666666665,0.0,0.0,0.0,20.0,20.0,0.0,0.0,0.0,0.0
2.716666666666667,0.0,0.0,0.0,0.0,0.0,0.0,0.0,0.0,0.0,0.0,0.011666666666666665,0.011666666666666665,0.0,0.0,0.0,20.0,20.0,0.0,0.0,0.0,0.0
2.7333333333333334,0.0,0.0,0.0,0.0,0.0,0.0,0.0,0.0,0.0,0.0,0.011666666666666665,0.011666666666666665,0.0,0.0,0.0,20.0,20.0,0.0,0.0,0.0,0.0
2.75,0.0,0.0,0.0,0.0,0.0,0.0,0.0,0.0,0.0,0.0,0.011666666666666665,0.011666666666666665,0.0,0.0,0.0,20.0,20.0,0.0,0.0,0.0,0.0
2.7666666666666666,0.0,0.0,0.0,0.0,0.0,0.0,0.0,0.0,0.0,0.0,0.011666666666666665,0.011666666666666665,0.0,0.0,0.0,20.0,20.0,0.0,0.0,0.0,0.0
2.783333333333333,0.0,0.0,0.0,0.0,0.0,0.0,0.0,0.0,0.0,0.0,0.011666666666666665,0.011666666666666665,0.0,0.0,0.0,20.0,20.0,0.0,0.0,0.0,0.0
2.8,0.0,0.0,0.0,0.0,0.0,0.0,0.0,0.0,0.0,0.0,0.011666666666666665,0.011666666666666665,0.0,0.0,0.0,20.0,20.0,0.0,0.0,0.0,0.0
2.8166666666666664,0.0,0.0,0.0,0.0,0.0,0.0,0.0,0.0,0.0,0.0,0.011666666666666665,0.011666666666666665,0.0,0.0,0.0,20.0,20.0,0.0,0.0,0.0,0.0
2.8333333333333335,0.0,0.0,0.0,0.0,0.0,0.0,0.0,0.0,0.0,0.0,0.011666666666666665,0.011666666666666665,0.0,0.0,0.0,20.0,20.0,0.0,0.0,0.0,0.0
2.85,0.0,0.0,0.0,0.0,0.0,0.0,0.0,0.0,0.0,0.0,0.011666666666666665,0.011666666666666665,0.0,0.0,0.0,20.0,20.0,0.0,0.0,0.0,0.0
2.8666666666666667,0.0,0.0,0.0,0.0,0.0,0.0,0.0,0.0,0.0,0.0,0.011666666666666665,0.011666666666666665,0.0,0.0,0.0,20.0,20.0,0.0,0.0,0.0,0.0
2.8833333333333333,0.0,0.0,0.0,0.0,0.0,0.0,0.0,0.0,0.0,0.0,0.011666666666666665,0.011666666666666665,0.0,0.0,0.0,20.0,20.0,0.0,0.0,0.0,0.0
2.9,0.0,0.0,0.0,0.0,0.0,0.0,0.0,0.0,0.0,0.0,0.011666666666666665,0.011666666666666665,0.0,0.0,0.0,20.0,20.0,0.0,0.0,0.0,0.0
2.9166666666666665,0.0,0.0,0.0,0.0,0.0,0.0,0.0,0.0,0.0,0.0,0.011666666666666665,0.011666666666666665,0.0,0.0,0.0,20.0,20.0,0.0,0.0,0.0,0.0
2.933333333333333,0.0,0.0,0.0,0.0,0.0,0.0,0.0,0.0,0.0,0.0,0.011666666666666665,0.011666666666666665,0.0,0.0,0.0,20.0,20.0,0.0,0.0,0.0,0.0
2.95,0.0,0.0,0.0,0.0,0.0,0.0,0.0,0.0,0.0,0.0,0.011666666666666665,0.011666666666666665,0.0,0.0,0.0,20.0,20.0,0.0,0.0,0.0,0.0
2.966666666666667,0.0,0.0,0.0,0.0,0.0,0.0,0.0,0.0,0.0,0.0,0.011666666666666665,0.011666666666666665,0.0,0.0,0.0,20.0,20.0,0.0,0.0,0.0,0.0
2.9833333333333334,0.0,0.0,0.0,0.0,0.0,0.0,0.0,0.0,0.0,0.0,0.011666666666666665,0.011666666666666665,0.0,0.0,0.0,20.0,20.0,0.0,0.0,0.0,0.0
3.0,0.0,0.0,0.0,0.0,0.0,0.0,0.0,0.0,0.0,0.0,0.011666666666666665,0.011666666666666665,0.0,0.0,0.0,20.0,20.0,0.0,0.0,0.0,0.0
3.0166666666666666,0.0,0.0,0.0,0.0,0.0,0.0,0.0,0.0,0.0,0.0,0.011666666666666665,0.011666666666666665,0.0,0.0,0.0,20.0,20.0,0.0,0.0,0.0,0.0
3.033333333333333,0.0,0.0,0.0,0.0,0.0,0.0,0.0,0.0,0.0,0.0,0.011666666666666665,0.011666666666666665,0.0,0.0,0.0,20.0,20.0,0.0,0.0,0.0,0.0
3.05,0.0,0.0,0.0,0.0,0.0,0.0,0.0,0.0,0.0,0.0,0.011666666666666665,0.011666666666666665,0.0,0.0,0.0,20.0,20.0,0.0,0.0,0.0,0.0
3.0666666666666664,0.0,0.0,0.0,0.0,0.0,0.0,0.0,0.0,0.0,0.0,0.011666666666666665,0.011666666666666665,0.0,0.0,0.0,20.0,20.0,0.0,0.0,0.0,0.0
3.0833333333333335,0.0,0.0,0.0,0.0,0.0,0.0,0.0,0.0,0.0,0.0,0.011666666666666665,0.011666666666666665,0.0,0.0,0.0,20.0,20.0,0.0,0.0,0.0,0.0
3.1,0.0,0.0,0.0,0.0,0.0,0.0,0.0,0.0,0.0,0.0,0.011666666666666665,0.011666666666666665,0.0,0.0,0.0,20.0,20.0,0.0,0.0,0.0,0.0
3.1166666666666667,0.0,0.0,0.0,0.0,0.0,0.0,0.0,0.0,0.0,0.0,0.011666666666666665,0.011666666666666665,0.0,0.0,0.0,20.0,20.0,0.0,0.0,0.0,0.0
3.1333333333333333,0.0,0.0,0.0,0.0,0.0,0.0,0.0,0.0,0.0,0.0,0.011666666666666665,0.011666666666666665,0.0,0.0,0.0,20.0,20.0,0.0,0.0,0.0,0.0
3.15,0.0,0.0,0.0,0.0,0.0,0.0,0.0,0.0,0.0,0.0,0.011666666666666665,0.011666666666666665,0.0,0.0,0.0,20.0,20.0,0.0,0.0,0.0,0.0
3.1666666666666665,0.0,0.0,0.0,0.0,0.0,0.0,0.0,0.0,0.0,0.0,0.011666666666666665,0.011666666666666665,0.0,0.0,0.0,20.0,20.0,0.0,0.0,0.0,0.0
3.183333333333333,0.0,0.0,0.0,0.0,0.0,0.0,0.0,0.0,0.0,0.0,0.011666666666666665,0.011666666666666665,0.0,0.0,0.0,20.0,20.0,0.0,0.0,0.0,0.0
3.2,0.0,0.0,0.0,0.0,0.0,0.0,0.0,0.0,0.0,0.0,0.011666666666666665,0.011666666666666665,0.0,0.0,0.0,20.0,20.0,0.0,0.0,0.0,0.0
3.216666666666667,0.0,0.0,0.0,0.0,0.0,0.0,0.0,0.0,0.0,0.0,0.011666666666666665,0.011666666666666665,0.0,0.0,0.0,20.0,20.0,0.0,0.0,0.0,0.0
3.2333333333333334,0.0,0.0,0.0,0.0,0.0,0.0,0.0,0.0,0.0,0.0,0.011666666666666665,0.011666666666666665,0.0,0.0,0.0,20.0,20.0,0.0,0.0,0.0,0.0
3.25,0.0,0.0,0.0,0.0,0.0,0.0,0.0,0.0,0.0,0.0,0.011666666666666665,0.011666666666666665,0.0,0.0,0.0,20.0,20.0,0.0,0.0,0.0,0.0
3.2666666666666666,0.0,0.0,0.0,0.0,0.0,0.0,0.0,0.0,0.0,0.0,0.011666666666666665,0.011666666666666665,0.0,0.0,0.0,20.0,20.0,0.0,0.0,0.0,0.0
3.283333333333333,0.0,0.0,0.0,0.0,0.0,0.0,0.0,0.0,0.0,0.0,0.011666666666666665,0.011666666666666665,0.0,0.0,0.0,20.0,20.0,0.0,0.0,0.0,0.0
3.3,0.0,0.0,0.0,0.0,0.0,0.0,0.0,0.0,0.0,0.0,0.011666666666666665,0.011666666666666665,0.0,0.0,0.0,20.0,20.0,0.0,0.0,0.0,0.0
3.3166666666666664,0.0,0.0,0.0,0.0,0.0,0.0,0.0,0.0,0.0,0.0,0.011666666666666665,0.011666666666666665,0.0,0.0,0.0,20.0,20.0,0.0,0.0,0.0,0.0
3.3333333333333335,0.0,0.0,0.0,0.0,0.0,0.0,0.0,0.0,0.0,0.0,0.011666666666666665,0.011666666666666665,0.0,0.0,0.0,20.0,20.0,0.0,0.0,0.0,0.0
3.35,0.0,0.0,0.0,0.0,0.0,0.0,0.0,0.0,0.0,0.0,0.011666666666666665,0.011666666666666665,0.0,0.0,0.0,20.0,20.0,0.0,0.0,0.0,0.0
3.3666666666666667,0.0,0.0,0.0,0.0,0.0,0.0,0.0,0.0,0.0,0.0,0.011666666666666665,0.011666666666666665,0.0,0.0,0.0,20.0,20.0,0.0,0.0,0.0,0.0
3.3833333333333333,0.0,0.0,0.0,0.0,0.0,0.0,0.0,0.0,0.0,0.0,0.011666666666666665,0.011666666666666665,0.0,0.0,0.0,20.0,20.0,0.0,0.0,0.0,0.0
3.4,0.0,0.0,0.0,0.0,0.0,0.0,0.0,0.0,0.0,0.0,0.011666666666666665,0.011666666666666665,0.0,0.0,0.0,20.0,20.0,0.0,0.0,0.0,0.0
3.4166666666666665,0.0,0.0,0.0,0.0,0.0,0.0,0.0,0.0,0.0,0.0,0.011666666666666665,0.011666666666666665,0.0,0.0,0.0,20.0,20.0,0.0,0.0,0.0,0.0
3.433333333333333,0.0,0.0,0.0,0.0,0.0,0.0,0.0,0.0,0.0,0.0,0.011666666666666665,0.011666666666666665,0.0,0.0,0.0,20.0,20.0,0.0,0.0,0.0,0.0
3.4499999999999997,0.0,0.0,0.0,0.0,0.0,0.0,0.0,0.0,0.0,0.0,0.011666666666666665,0.011666666666666665,0.0,0.0,0.0,20.0,20.0,0.0,0.0,0.0,0.0
3.466666666666667,0.0,0.0,0.0,0.0,0.0,0.0,0.0,0.0,0.0,0.0,0.011666666666666665,0.011666666666666665,0.0,0.0,0.0,20.0,20.0,0.0,0.0,0.0,0.0
3.4833333333333334,0.0,0.0,0.0,0.0,0.0,0.0,0.0,0.0,0.0,0.0,0.011666666666666665,0.011666666666666665,0.0,0.0,0.0,20.0,20.0,0.0,0.0,0.0,0.0
3.5,0.0,0.0,0.0,0.0,0.0,0.0,0.0,0.0,0.0,0.0,0.011666666666666665,0.011666666666666665,0.0,0.0,0.0,20.0,20.0,0.0,0.0,0.0,0.0
3.5166666666666666,0.0,0.0,0.0,0.0,0.0,0.0,0.0,0.0,0.0,0.0,0.011666666666666665,0.011666666666666665,0.0,0.0,0.0,20.0,20.0,0.0,0.0,0.0,0.0
3.533333333333333,0.0,0.0,0.0,0.0,0.0,0.0,0.0,0.0,0.0,0.0,0.011666666666666665,0.011666666666666665,0.0,0.0,0.0,20.0,20.0,0.0,0.0,0.0,0.0
3.55,0.0,0.0,0.0,0.0,0.0,0.0,0.0,0.0,0.0,0.0,0.011666666666666665,0.011666666666666665,0.0,0.0,0.0,20.0,20.0,0.0,0.0,0.0,0.0
3.5666666666666664,0.0,0.0,0.0,0.0,0.0,0.0,0.0,0.0,0.0,0.0,0.011666666666666665,0.011666666666666665,0.0,0.0,0.0,20.0,20.0,0.0,0.0,0.0,0.0
3.5833333333333335,0.0,0.0,0.0,0.0,0.0,0.0,0.0,0.0,0.0,0.0,0.011666666666666665,0.011666666666666665,0.0,0.0,0.0,20.0,20.0,0.0,0.0,0.0,0.0
3.6,0.0,0.0,0.0,0.0,0.0,0.0,0.0,0.0,0.0,0.0,0.011666666666666665,0.011666666666666665,0.0,0.0,0.0,20.0,20.0,0.0,0.0,0.0,0.0
3.6166666666666667,0.0,0.0,0.0,0.0,0.0,0.0,0.0,0.0,0.0,0.0,0.011666666666666665,0.011666666666666665,0.0,0.0,0.0,20.0,20.0,0.0,0.0,0.0,0.0
3.6333333333333333,0.0,0.0,0.0,0.0,0.0,0.0,0.0,0.0,0.0,0.0,0.011666666666666665,0.011666666666666665,0.0,0.0,0.0,20.0,20.0,0.0,0.0,0.0,0.0
3.65,0.0,0.0,0.0,0.0,0.0,0.0,0.0,0.0,0.0,0.0,0.011666666666666665,0.011666666666666665,0.0,0.0,0.0,20.0,20.0,0.0,0.0,0.0,0.0
3.6666666666666665,0.0,0.0,0.0,0.0,0.0,0.0,0.0,0.0,0.0,0.0,0.011666666666666665,0.011666666666666665,0.0,0.0,0.0,20.0,20.0,0.0,0.0,0.0,0.0
3.683333333333333,0.0,0.0,0.0,0.0,0.0,0.0,0.0,0.0,0.0,0.0,0.011666666666666665,0.011666666666666665,0.0,0.0,0.0,20.0,20.0,0.0,0.0,0.0,0.0
3.6999999999999997,0.0,0.0,0.0,0.0,0.0,0.0,0.0,0.0,0.0,0.0,0.011666666666666665,0.011666666666666665,0.0,0.0,0.0,20.0,20.0,0.0,0.0,0.0,0.0
3.716666666666667,0.0,0.0,0.0,0.0,0.0,0.0,0.0,0.0,0.0,0.0,0.011666666666666665,0.011666666666666665,0.0,0.0,0.0,20.0,20.0,0.0,0.0,0.0,0.0
3.7333333333333334,0.0,0.0,0.0,0.0,0.0,0.0,0.0,0.0,0.0,0.0,0.011666666666666665,0.011666666666666665,0.0,0.0,0.0,20.0,20.0,0.0,0.0,0.0,0.0
3.75,0.0,0.0,0.0,0.0,0.0,0.0,0.0,0.0,0.0,0.0,0.011666666666666665,0.011666666666666665,0.0,0.0,0.0,20.0,20.0,0.0,0.0,0.0,0.0
3.7666666666666666,0.0,0.0,0.0,0.0,0.0,0.0,0.0,0.0,0.0,0.0,0.011666666666666665,0.011666666666666665,0.0,0.0,0.0,20.0,20.0,0.0,0.0,0.0,0.0
3.783333333333333,0.0,0.0,0.0,0.0,0.0,0.0,0.0,0.0,0.0,0.0,0.011666666666666665,0.011666666666666665,0.0,0.0,0.0,20.0,20.0,0.0,0.0,0.0,0.0
3.8,0.0,0.0,0.0,0.0,0.0,0.0,0.0,0.0,0.0,0.0,0.011666666666666665,0.011666666666666665,0.0,0.0,0.0,20.0,20.0,0.0,0.0,0.0,0.0
3.8166666666666664,0.0,0.0,0.0,0.0,0.0,0.0,0.0,0.0,0.0,0.0,0.011666666666666665,0.011666666666666665,0.0,0.0,0.0,20.0,20.0,0.0,0.0,0.0,0.0
3.8333333333333335,0.0,0.0,0.0,0.0,0.0,0.0,0.0,0.0,0.0,0.0,0.011666666666666665,0.011666666666666665,0.0,0.0,0.0,20.0,20.0,0.0,0.0,0.0,0.0
3.85,0.0,0.0,0.0,0.0,0.0,0.0,0.0,0.0,0.0,0.0,0.011666666666666665,0.011666666666666665,0.0,0.0,0.0,20.0,20.0,0.0,0.0,0.0,0.0
3.8666666666666667,0.0,0.0,0.0,0.0,0.0,0.0,0.0,0.0,0.0,0.0,0.011666666666666665,0.011666666666666665,0.0,0.0,0.0,20.0,20.0,0.0,0.0,0.0,0.0
3.8833333333333333,0.0,0.0,0.0,0.0,0.0,0.0,0.0,0.0,0.0,0.0,0.011666666666666665,0.011666666666666665,0.0,0.0,0.0,20.0,20.0,0.0,0.0,0.0,0.0
3.9,0.0,0.0,0.0,0.0,0.0,0.0,0.0,0.0,0.0,0.0,0.011666666666666665,0.011666666666666665,0.0,0.0,0.0,20.0,20.0,0.0,0.0,0.0,0.0
3.9166666666666665,0.0,0.0,0.0,0.0,0.0,0.0,0.0,0.0,0.0,0.0,0.011666666666666665,0.011666666666666665,0.0,0.0,0.0,20.0,20.0,0.0,0.0,0.0,0.0
3.933333333333333,0.0,0.0,0.0,0.0,0.0,0.0,0.0,0.0,0.0,0.0,0.011666666666666665,0.011666666666666665,0.0,0.0,0.0,20.0,20.0,0.0,0.0,0.0,0.0
3.9499999999999997,0.0,0.0,0.0,0.0,0.0,0.0,0.0,0.0,0.0,0.0,0.011666666666666665,0.011666666666666665,0.0,0.0,0.0,20.0,20.0,0.0,0.0,0.0,0.0
3.966666666666667,0.0,0.0,0.0,0.0,0.0,0.0,0.0,0.0,0.0,0.0,0.011666666666666665,0.011666666666666665,0.0,0.0,0.0,20.0,20.0,0.0,0.0,0.0,0.0
3.9833333333333334,0.0,0.0,0.0,0.0,0.0,0.0,0.0,0.0,0.0,0.0,0.011666666666666665,0.011666666666666665,0.0,0.0,0.0,20.0,20.0,0.0,0.0,0.0,0.0
4.0,0.0,0.0,0.0,0.0,0.0,0.0,0.0,0.0,0.0,0.0,0.011666666666666665,0.011666666666666665,0.0,0.0,0.0,20.0,20.0,0.0,0.0,0.0,0.0
4.016666666666667,0.0,0.0,0.0,0.0,0.0,0.0,0.0,0.0,0.0,0.0,0.011666666666666665,0.011666666666666665,0.0,0.0,0.0,20.0,20.0,0.0,0.0,0.0,0.0
4.033333333333333,0.0,0.0,0.0,0.0,0.0,0.0,0.0,0.0,0.0,0.0,0.011666666666666665,0.011666666666666665,0.0,0.0,0.0,20.0,20.0,0.0,0.0,0.0,0.0
4.05,0.0,0.0,0.0,0.0,0.0,0.0,0.0,0.0,0.0,0.0,0.011666666666666665,0.011666666666666665,0.0,0.0,0.0,20.0,20.0,0.0,0.0,0.0,0.0
4.066666666666666,0.0,0.0,0.0,0.0,0.0,0.0,0.0,0.0,0.0,0.0,0.011666666666666665,0.011666666666666665,0.0,0.0,0.0,20.0,20.0,0.0,0.0,0.0,0.0
4.083333333333333,0.0,0.0,0.0,0.0,0.0,0.0,0.0,0.0,0.0,0.0,0.011666666666666665,0.011666666666666665,0.0,0.0,0.0,20.0,20.0,0.0,0.0,0.0,0.0
4.1,0.0,0.0,0.0,0.0,0.0,0.0,0.0,0.0,0.0,0.0,0.011666666666666665,0.011666666666666665,0.0,0.0,0.0,20.0,20.0,0.0,0.0,0.0,0.0
4.116666666666666,0.0,0.0,0.0,0.0,0.0,0.0,0.0,0.0,0.0,0.0,0.011666666666666665,0.011666666666666665,0.0,0.0,0.0,20.0,20.0,0.0,0.0,0.0,0.0
4.133333333333333,0.0,0.0,0.0,0.0,0.0,0.0,0.0,0.0,0.0,0.0,0.011666666666666665,0.011666666666666665,0.0,0.0,0.0,20.0,20.0,0.0,0.0,0.0,0.0
4.15,0.0,0.0,0.0,0.0,0.0,0.0,0.0,0.0,0.0,0.0,0.011666666666666665,0.011666666666666665,0.0,0.0,0.0,20.0,20.0,0.0,0.0,0.0,0.0
4.166666666666667,0.0,0.0,0.0,0.0,0.0,0.0,0.0,0.0,0.0,0.0,0.011666666666666665,0.011666666666666665,0.0,0.0,0.0,20.0,20.0,0.0,0.0,0.0,0.0
4.183333333333334,0.0,0.0,0.0,0.0,0.0,0.0,0.0,0.0,0.0,0.0,0.011666666666666665,0.011666666666666665,0.0,0.0,0.0,20.0,20.0,0.0,0.0,0.0,0.0
4.2,0.0,0.0,0.0,0.0,0.0,0.0,0.0,0.0,0.0,0.0,0.011666666666666665,0.011666666666666665,0.0,0.0,0.0,20.0,20.0,0.0,0.0,0.0,0.0
4.216666666666667,0.0,0.0,0.0,0.0,0.0,0.0,0.0,0.0,0.0,0.0,0.011666666666666665,0.011666666666666665,0.0,0.0,0.0,20.0,20.0,0.0,0.0,0.0,0.0
4.233333333333333,0.0,0.0,0.0,0.0,0.0,0.0,0.0,0.0,0.0,0.0,0.011666666666666665,0.011666666666666665,0.0,0.0,0.0,20.0,20.0,0.0,0.0,0.0,0.0
4.25,0.0,0.0,0.0,0.0,0.0,0.0,0.0,0.0,0.0,0.0,0.011666666666666665,0.011666666666666665,0.0,0.0,0.0,20.0,20.0,0.0,0.0,0.0,0.0
4.266666666666667,0.0,0.0,0.0,0.0,0.0,0.0,0.0,0.0,0.0,0.0,0.011666666666666665,0.011666666666666665,0.0,0.0,0.0,20.0,20.0,0.0,0.0,0.0,0.0
4.283333333333333,0.0,0.0,0.0,0.0,0.0,0.0,0.0,0.0,0.0,0.0,0.011666666666666665,0.011666666666666665,0.0,0.0,0.0,20.0,20.0,0.0,0.0,0.0,0.0
4.3,0.0,0.0,0.0,0.0,0.0,0.0,0.0,0.0,0.0,0.0,0.011666666666666665,0.011666666666666665,0.0,0.0,0.0,20.0,20.0,0.0,0.0,0.0,0.0
4.316666666666666,0.0,0.0,0.0,0.0,0.0,0.0,0.0,0.0,0.0,0.0,0.011666666666666665,0.011666666666666665,0.0,0.0,0.0,20.0,20.0,0.0,0.0,0.0,0.0
4.333333333333333,0.0,0.0,0.0,0.0,0.0,0.0,0.0,0.0,0.0,0.0,0.011666666666666665,0.011666666666666665,0.0,0.0,0.0,20.0,20.0,0.0,0.0,0.0,0.0
4.35,0.0,0.0,0.0,0.0,0.0,0.0,0.0,0.0,0.0,0.0,0.011666666666666665,0.011666666666666665,0.0,0.0,0.0,20.0,20.0,0.0,0.0,0.0,0.0
4.366666666666666,0.0,0.0,0.0,0.0,0.0,0.0,0.0,0.0,0.0,0.0,0.011666666666666665,0.011666666666666665,0.0,0.0,0.0,20.0,20.0,0.0,0.0,0.0,0.0
4.383333333333333,0.0,0.0,0.0,0.0,0.0,0.0,0.0,0.0,0.0,0.0,0.011666666666666665,0.011666666666666665,0.0,0.0,0.0,20.0,20.0,0.0,0.0,0.0,0.0
4.4,0.0,0.0,0.0,0.0,0.0,0.0,0.0,0.0,0.0,0.0,0.011666666666666665,0.011666666666666665,0.0,0.0,0.0,20.0,20.0,0.0,0.0,0.0,0.0
4.416666666666667,0.0,0.0,0.0,0.0,0.0,0.0,0.0,0.0,0.0,0.0,0.011666666666666665,0.011666666666666665,0.0,0.0,0.0,20.0,20.0,0.0,0.0,0.0,0.0
4.433333333333334,0.0,0.0,0.0,0.0,0.0,0.0,0.0,0.0,0.0,0.0,0.011666666666666665,0.011666666666666665,0.0,0.0,0.0,20.0,20.0,0.0,0.0,0.0,0.0
4.45,0.0,0.0,0.0,0.0,0.0,0.0,0.0,0.0,0.0,0.0,0.011666666666666665,0.011666666666666665,0.0,0.0,0.0,20.0,20.0,0.0,0.0,0.0,0.0
4.466666666666667,0.0,0.0,0.0,0.0,0.0,0.0,0.0,0.0,0.0,0.0,0.011666666666666665,0.011666666666666665,0.0,0.0,0.0,20.0,20.0,0.0,0.0,0.0,0.0
4.483333333333333,0.0,0.0,0.0,0.0,0.0,0.0,0.0,0.0,0.0,0.0,0.011666666666666665,0.011666666666666665,0.0,0.0,0.0,20.0,20.0,0.0,0.0,0.0,0.0
4.5,0.0,0.0,0.0,0.0,0.0,0.0,0.0,0.0,0.0,0.0,0.011666666666666665,0.011666666666666665,0.0,0.0,0.0,20.0,20.0,0.0,0.0,0.0,0.0
4.516666666666667,0.0,0.0,0.0,0.0,0.0,0.0,0.0,0.0,0.0,0.0,0.011666666666666665,0.011666666666666665,0.0,0.0,0.0,20.0,20.0,0.0,0.0,0.0,0.0
4.533333333333333,0.0,0.0,0.0,0.0,0.0,0.0,0.0,0.0,0.0,0.0,0.011666666666666665,0.011666666666666665,0.0,0.0,0.0,20.0,20.0,0.0,0.0,0.0,0.0
4.55,0.0,0.0,0.0,0.0,0.0,0.0,0.0,0.0,0.0,0.0,0.011666666666666665,0.011666666666666665,0.0,0.0,0.0,20.0,20.0,0.0,0.0,0.0,0.0
4.566666666666666,0.0,0.0,0.0,0.0,0.0,0.0,0.0,0.0,0.0,0.0,0.011666666666666665,0.011666666666666665,0.0,0.0,0.0,20.0,20.0,0.0,0.0,0.0,0.0
4.583333333333333,0.0,0.0,0.0,0.0,0.0,0.0,0.0,0.0,0.0,0.0,0.011666666666666665,0.011666666666666665,0.0,0.0,0.0,20.0,20.0,0.0,0.0,0.0,0.0
4.6,0.0,0.0,0.0,0.0,0.0,0.0,0.0,0.0,0.0,0.0,0.011666666666666665,0.011666666666666665,0.0,0.0,0.0,20.0,20.0,0.0,0.0,0.0,0.0
4.616666666666666,0.0,0.0,0.0,0.0,0.0,0.0,0.0,0.0,0.0,0.0,0.011666666666666665,0.011666666666666665,0.0,0.0,0.0,20.0,20.0,0.0,0.0,0.0,0.0
4.633333333333333,0.0,0.0,0.0,0.0,0.0,0.0,0.0,0.0,0.0,0.0,0.011666666666666665,0.011666666666666665,0.0,0.0,0.0,20.0,20.0,0.0,0.0,0.0,0.0
4.65,0.0,0.0,0.0,0.0,0.0,0.0,0.0,0.0,0.0,0.0,0.011666666666666665,0.011666666666666665,0.0,0.0,0.0,20.0,20.0,0.0,0.0,0.0,0.0
4.666666666666667,0.0,0.0,0.0,0.0,0.0,0.0,0.0,0.0,0.0,0.0,0.011666666666666665,0.011666666666666665,0.0,0.0,0.0,20.0,20.0,0.0,0.0,0.0,0.0
4.683333333333334,0.0,0.0,0.0,0.0,0.0,0.0,0.0,0.0,0.0,0.0,0.011666666666666665,0.011666666666666665,0.0,0.0,0.0,20.0,20.0,0.0,0.0,0.0,0.0
4.7,0.0,0.0,0.0,0.0,0.0,0.0,0.0,0.0,0.0,0.0,0.011666666666666665,0.011666666666666665,0.0,0.0,0.0,20.0,20.0,0.0,0.0,0.0,0.0
4.716666666666667,0.0,0.0,0.0,0.0,0.0,0.0,0.0,0.0,0.0,0.0,0.011666666666666665,0.011666666666666665,0.0,0.0,0.0,20.0,20.0,0.0,0.0,0.0,0.0
4.733333333333333,0.0,0.0,0.0,0.0,0.0,0.0,0.0,0.0,0.0,0.0,0.011666666666666665,0.011666666666666665,0.0,0.0,0.0,20.0,20.0,0.0,0.0,0.0,0.0
4.75,0.0,0.0,0.0,0.0,0.0,0.0,0.0,0.0,0.0,0.0,0.011666666666666665,0.011666666666666665,0.0,0.0,0.0,20.0,20.0,0.0,0.0,0.0,0.0
4.766666666666667,0.0,0.0,0.0,0.0,0.0,0.0,0.0,0.0,0.0,0.0,0.011666666666666665,0.011666666666666665,0.0,0.0,0.0,20.0,20.0,0.0,0.0,0.0,0.0
4.783333333333333,0.0,0.0,0.0,0.0,0.0,0.0,0.0,0.0,0.0,0.0,0.011666666666666665,0.011666666666666665,0.0,0.0,0.0,20.0,20.0,0.0,0.0,0.0,0.0
4.8,0.0,0.0,0.0,0.0,0.0,0.0,0.0,0.0,0.0,0.0,0.011666666666666665,0.011666666666666665,0.0,0.0,0.0,20.0,20.0,0.0,0.0,0.0,0.0
4.816666666666666,0.0,0.0,0.0,0.0,0.0,0.0,0.0,0.0,0.0,0.0,0.011666666666666665,0.011666666666666665,0.0,0.0,0.0,20.0,20.0,0.0,0.0,0.0,0.0
4.833333333333333,0.0,0.0,0.0,0.0,0.0,0.0,0.0,0.0,0.0,0.0,0.011666666666666665,0.011666666666666665,0.0,0.0,0.0,20.0,20.0,0.0,0.0,0.0,0.0
4.85,0.0,0.0,0.0,0.0,0.0,0.0,0.0,0.0,0.0,0.0,0.011666666666666665,0.011666666666666665,0.0,0.0,0.0,20.0,20.0,0.0,0.0,0.0,0.0
4.866666666666666,0.0,0.0,0.0,0.0,0.0,0.0,0.0,0.0,0.0,0.0,0.011666666666666665,0.011666666666666665,0.0,0.0,0.0,20.0,20.0,0.0,0.0,0.0,0.0
4.883333333333333,0.0,0.0,0.0,0.0,0.0,0.0,0.0,0.0,0.0,0.0,0.011666666666666665,0.011666666666666665,0.0,0.0,0.0,20.0,20.0,0.0,0.0,0.0,0.0
4.9,0.0,0.0,0.0,0.0,0.0,0.0,0.0,0.0,0.0,0.0,0.011666666666666665,0.011666666666666665,0.0,0.0,0.0,20.0,20.0,0.0,0.0,0.0,0.0
4.916666666666667,0.0,0.0,0.0,0.0,0.0,0.0,0.0,0.0,0.0,0.0,0.011666666666666665,0.011666666666666665,0.0,0.0,0.0,20.0,20.0,0.0,0.0,0.0,0.0
4.933333333333334,0.0,0.0,0.0,0.0,0.0,0.0,0.0,0.0,0.0,0.0,0.011666666666666665,0.011666666666666665,0.0,0.0,0.0,20.0,20.0,0.0,0.0,0.0,0.0
4.95,0.0,0.0,0.0,0.0,0.0,0.0,0.0,0.0,0.0,0.0,0.011666666666666665,0.011666666666666665,0.0,0.0,0.0,20.0,20.0,0.0,0.0,0.0,0.0
4.966666666666667,0.0,0.0,0.0,0.0,0.0,0.0,0.0,0.0,0.0,0.0,0.011666666666666665,0.011666666666666665,0.0,0.0,0.0,20.0,20.0,0.0,0.0,0.0,0.0
4.983333333333333,0.0,0.0,0.0,0.0,0.0,0.0,0.0,0.0,0.0,0.0,0.011666666666666665,0.011666666666666665,0.0,0.0,0.0,20.0,20.0,0.0,0.0,0.0,0.0
5.0,0.0,0.0,0.0,0.0,0.0,0.0,0.0,0.0,0.0,0.0,0.011666666666666665,0.011666666666666665,0.0,0.0,0.0,20.0,20.0,0.0,0.0,0.0,0.0
5.016666666666667,0.0,0.0,0.0,0.0,0.0,0.0,0.0,0.0,0.0,0.0,0.011666666666666665,0.011666666666666665,0.0,0.0,0.0,20.0,20.0,0.0,0.0,0.0,0.0
5.033333333333333,0.0,0.0,0.0,0.0,0.0,0.0,0.0,0.0,0.0,0.0,0.011666666666666665,0.011666666666666665,0.0,0.0,0.0,20.0,20.0,0.0,0.0,0.0,0.0
5.05,0.0,0.0,0.0,0.0,0.0,0.0,0.0,0.0,0.0,0.0,0.011666666666666665,0.011666666666666665,0.0,0.0,0.0,20.0,20.0,0.0,0.0,0.0,0.0
5.066666666666666,0.0,0.0,0.0,0.0,0.0,0.0,0.0,0.0,0.0,0.0,0.011666666666666665,0.011666666666666665,0.0,0.0,0.0,20.0,20.0,0.0,0.0,0.0,0.0
5.083333333333333,0.0,0.0,0.0,0.0,0.0,0.0,0.0,0.0,0.0,0.0,0.011666666666666665,0.011666666666666665,0.0,0.0,0.0,20.0,20.0,0.0,0.0,0.0,0.0
5.1,0.0,0.0,0.0,0.0,0.0,0.0,0.0,0.0,0.0,0.0,0.011666666666666665,0.011666666666666665,0.0,0.0,0.0,20.0,20.0,0.0,0.0,0.0,0.0
5.116666666666666,0.0,0.0,0.0,0.0,0.0,0.0,0.0,0.0,0.0,0.0,0.011666666666666665,0.011666666666666665,0.0,0.0,0.0,20.0,20.0,0.0,0.0,0.0,0.0
5.133333333333333,0.0,0.0,0.0,0.0,0.0,0.0,0.0,0.0,0.0,0.0,0.011666666666666665,0.011666666666666665,0.0,0.0,0.0,20.0,20.0,0.0,0.0,0.0,0.0
5.15,0.0,0.0,0.0,0.0,0.0,0.0,0.0,0.0,0.0,0.0,0.011666666666666665,0.011666666666666665,0.0,0.0,0.0,20.0,20.0,0.0,0.0,0.0,0.0
5.166666666666667,0.0,0.0,0.0,0.0,0.0,0.0,0.0,0.0,0.0,0.0,0.011666666666666665,0.011666666666666665,0.0,0.0,0.0,20.0,20.0,0.0,0.0,0.0,0.0
5.183333333333334,0.0,0.0,0.0,0.0,0.0,0.0,0.0,0.0,0.0,0.0,0.011666666666666665,0.011666666666666665,0.0,0.0,0.0,20.0,20.0,0.0,0.0,0.0,0.0
5.2,0.0,0.0,0.0,0.0,0.0,0.0,0.0,0.0,0.0,0.0,0.011666666666666665,0.011666666666666665,0.0,0.0,0.0,20.0,20.0,0.0,0.0,0.0,0.0
5.216666666666667,0.0,0.0,0.0,0.0,0.0,0.0,0.0,0.0,0.0,0.0,0.011666666666666665,0.011666666666666665,0.0,0.0,0.0,20.0,20.0,0.0,0.0,0.0,0.0
5.233333333333333,0.0,0.0,0.0,0.0,0.0,0.0,0.0,0.0,0.0,0.0,0.011666666666666665,0.011666666666666665,0.0,0.0,0.0,20.0,20.0,0.0,0.0,0.0,0.0
5.25,0.0,0.0,0.0,0.0,0.0,0.0,0.0,0.0,0.0,0.0,0.011666666666666665,0.011666666666666665,0.0,0.0,0.0,20.0,20.0,0.0,0.0,0.0,0.0
5.266666666666667,0.0,0.0,0.0,0.0,0.0,0.0,0.0,0.0,0.0,0.0,0.011666666666666665,0.011666666666666665,0.0,0.0,0.0,20.0,20.0,0.0,0.0,0.0,0.0
5.283333333333333,0.0,0.0,0.0,0.0,0.0,0.0,0.0,0.0,0.0,0.0,0.011666666666666665,0.011666666666666665,0.0,0.0,0.0,20.0,20.0,0.0,0.0,0.0,0.0
5.3,0.0,0.0,0.0,0.0,0.0,0.0,0.0,0.0,0.0,0.0,0.011666666666666665,0.011666666666666665,0.0,0.0,0.0,20.0,20.0,0.0,0.0,0.0,0.0
5.316666666666666,0.0,0.0,0.0,0.0,0.0,0.0,0.0,0.0,0.0,0.0,0.011666666666666665,0.011666666666666665,0.0,0.0,0.0,20.0,20.0,0.0,0.0,0.0,0.0
5.333333333333333,0.0,0.0,0.0,0.0,0.0,0.0,0.0,0.0,0.0,0.0,0.011666666666666665,0.011666666666666665,0.0,0.0,0.0,20.0,20.0,0.0,0.0,0.0,0.0
5.35,0.0,0.0,0.0,0.0,0.0,0.0,0.0,0.0,0.0,0.0,0.011666666666666665,0.011666666666666665,0.0,0.0,0.0,20.0,20.0,0.0,0.0,0.0,0.0
5.366666666666666,0.0,0.0,0.0,0.0,0.0,0.0,0.0,0.0,0.0,0.0,0.011666666666666665,0.011666666666666665,0.0,0.0,0.0,20.0,20.0,0.0,0.0,0.0,0.0
5.383333333333333,0.0,0.0,0.0,0.0,0.0,0.0,0.0,0.0,0.0,0.0,0.011666666666666665,0.011666666666666665,0.0,0.0,0.0,20.0,20.0,0.0,0.0,0.0,0.0
5.4,0.0,0.0,0.0,0.0,0.0,0.0,0.0,0.0,0.0,0.0,0.011666666666666665,0.011666666666666665,0.0,0.0,0.0,20.0,20.0,0.0,0.0,0.0,0.0
5.416666666666667,0.0,0.0,0.0,0.0,0.0,0.0,0.0,0.0,0.0,0.0,0.011666666666666665,0.011666666666666665,0.0,0.0,0.0,20.0,20.0,0.0,0.0,0.0,0.0
5.433333333333334,0.0,0.0,0.0,0.0,0.0,0.0,0.0,0.0,0.0,0.0,0.011666666666666665,0.011666666666666665,0.0,0.0,0.0,20.0,20.0,0.0,0.0,0.0,0.0
5.45,0.0,0.0,0.0,0.0,0.0,0.0,0.0,0.0,0.0,0.0,0.011666666666666665,0.011666666666666665,0.0,0.0,0.0,20.0,20.0,0.0,0.0,0.0,0.0
5.466666666666667,0.0,0.0,0.0,0.0,0.0,0.0,0.0,0.0,0.0,0.0,0.011666666666666665,0.011666666666666665,0.0,0.0,0.0,20.0,20.0,0.0,0.0,0.0,0.0
5.483333333333333,0.0,0.0,0.0,0.0,0.0,0.0,0.0,0.0,0.0,0.0,0.011666666666666665,0.011666666666666665,0.0,0.0,0.0,20.0,20.0,0.0,0.0,0.0,0.0
5.5,0.0,0.0,0.0,0.0,0.0,0.0,0.0,0.0,0.0,0.0,0.011666666666666665,0.011666666666666665,0.0,0.0,0.0,20.0,20.0,0.0,0.0,0.0,0.0
5.516666666666667,0.0,0.0,0.0,0.0,0.0,0.0,0.0,0.0,0.0,0.0,0.011666666666666665,0.011666666666666665,0.0,0.0,0.0,20.0,20.0,0.0,0.0,0.0,0.0
5.533333333333333,0.0,0.0,0.0,0.0,0.0,0.0,0.0,0.0,0.0,0.0,0.011666666666666665,0.011666666666666665,0.0,0.0,0.0,20.0,20.0,0.0,0.0,0.0,0.0
5.55,0.0,0.0,0.0,0.0,0.0,0.0,0.0,0.0,0.0,0.0,0.011666666666666665,0.011666666666666665,0.0,0.0,0.0,20.0,20.0,0.0,0.0,0.0,0.0
5.566666666666666,0.0,0.0,0.0,0.0,0.0,0.0,0.0,0.0,0.0,0.0,0.011666666666666665,0.011666666666666665,0.0,0.0,0.0,20.0,20.0,0.0,0.0,0.0,0.0
5.583333333333333,0.0,0.0,0.0,0.0,0.0,0.0,0.0,0.0,0.0,0.0,0.011666666666666665,0.011666666666666665,0.0,0.0,0.0,20.0,20.0,0.0,0.0,0.0,0.0
5.6,0.0,0.0,0.0,0.0,0.0,0.0,0.0,0.0,0.0,0.0,0.011666666666666665,0.011666666666666665,0.0,0.0,0.0,20.0,20.0,0.0,0.0,0.0,0.0
5.616666666666666,0.0,0.0,0.0,0.0,0.0,0.0,0.0,0.0,0.0,0.0,0.011666666666666665,0.011666666666666665,0.0,0.0,0.0,20.0,20.0,0.0,0.0,0.0,0.0
5.633333333333333,0.0,0.0,0.0,0.0,0.0,0.0,0.0,0.0,0.0,0.0,0.011666666666666665,0.011666666666666665,0.0,0.0,0.0,20.0,20.0,0.0,0.0,0.0,0.0
5.65,0.0,0.0,0.0,0.0,0.0,0.0,0.0,0.0,0.0,0.0,0.011666666666666665,0.011666666666666665,0.0,0.0,0.0,20.0,20.0,0.0,0.0,0.0,0.0
5.666666666666667,0.0,0.0,0.0,0.0,0.0,0.0,0.0,0.0,0.0,0.0,0.011666666666666665,0.011666666666666665,0.0,0.0,0.0,20.0,20.0,0.0,0.0,0.0,0.0
5.683333333333334,0.0,0.0,0.0,0.0,0.0,0.0,0.0,0.0,0.0,0.0,0.011666666666666665,0.011666666666666665,0.0,0.0,0.0,20.0,20.0,0.0,0.0,0.0,0.0
5.7,0.0,0.0,0.0,0.0,0.0,0.0,0.0,0.0,0.0,0.0,0.011666666666666665,0.011666666666666665,0.0,0.0,0.0,20.0,20.0,0.0,0.0,0.0,0.0
5.716666666666667,0.0,0.0,0.0,0.0,0.0,0.0,0.0,0.0,0.0,0.0,0.011666666666666665,0.011666666666666665,0.0,0.0,0.0,20.0,20.0,0.0,0.0,0.0,0.0
5.733333333333333,0.0,0.0,0.0,0.0,0.0,0.0,0.0,0.0,0.0,0.0,0.011666666666666665,0.011666666666666665,0.0,0.0,0.0,20.0,20.0,0.0,0.0,0.0,0.0
5.75,0.0,0.0,0.0,0.0,0.0,0.0,0.0,0.0,0.0,0.0,0.011666666666666665,0.011666666666666665,0.0,0.0,0.0,20.0,20.0,0.0,0.0,0.0,0.0
5.766666666666667,0.0,0.0,0.0,0.0,0.0,0.0,0.0,0.0,0.0,0.0,0.011666666666666665,0.011666666666666665,0.0,0.0,0.0,20.0,20.0,0.0,0.0,0.0,0.0
5.783333333333333,0.0,0.0,0.0,0.0,0.0,0.0,0.0,0.0,0.0,0.0,0.011666666666666665,0.011666666666666665,0.0,0.0,0.0,20.0,20.0,0.0,0.0,0.0,0.0
5.8,0.0,0.0,0.0,0.0,0.0,0.0,0.0,0.0,0.0,0.0,0.011666666666666665,0.011666666666666665,0.0,0.0,0.0,20.0,20.0,0.0,0.0,0.0,0.0
5.816666666666666,0.0,0.0,0.0,0.0,0.0,0.0,0.0,0.0,0.0,0.0,0.011666666666666665,0.011666666666666665,0.0,0.0,0.0,20.0,20.0,0.0,0.0,0.0,0.0
5.833333333333333,0.0,0.0,0.0,0.0,0.0,0.0,0.0,0.0,0.0,0.0,0.011666666666666665,0.011666666666666665,0.0,0.0,0.0,20.0,20.0,0.0,0.0,0.0,0.0
5.85,0.0,0.0,0.0,0.0,0.0,0.0,0.0,0.0,0.0,0.0,0.011666666666666665,0.011666666666666665,0.0,0.0,0.0,20.0,20.0,0.0,0.0,0.0,0.0
5.866666666666666,0.0,0.0,0.0,0.0,0.0,0.0,0.0,0.0,0.0,0.0,0.011666666666666665,0.011666666666666665,0.0,0.0,0.0,20.0,20.0,0.0,0.0,0.0,0.0
5.883333333333333,0.0,0.0,0.0,0.0,0.0,0.0,0.0,0.0,0.0,0.0,0.011666666666666665,0.011666666666666665,0.0,0.0,0.0,20.0,20.0,0.0,0.0,0.0,0.0
5.9,0.0,0.0,0.0,0.0,0.0,0.0,0.0,0.0,0.0,0.0,0.011666666666666665,0.011666666666666665,0.0,0.0,0.0,20.0,20.0,0.0,0.0,0.0,0.0
5.916666666666667,0.0,0.0,0.0,0.0,0.0,0.0,0.0,0.0,0.0,0.0,0.011666666666666665,0.011666666666666665,0.0,0.0,0.0,20.0,20.0,0.0,0.0,0.0,0.0
5.933333333333334,0.0,0.0,0.0,0.0,0.0,0.0,0.0,0.0,0.0,0.0,0.011666666666666665,0.011666666666666665,0.0,0.0,0.0,20.0,20.0,0.0,0.0,0.0,0.0
5.95,0.0,0.0,0.0,0.0,0.0,0.0,0.0,0.0,0.0,0.0,0.011666666666666665,0.011666666666666665,0.0,0.0,0.0,20.0,20.0,0.0,0.0,0.0,0.0
5.966666666666667,0.0,0.0,0.0,0.0,0.0,0.0,0.0,0.0,0.0,0.0,0.011666666666666665,0.011666666666666665,0.0,0.0,0.0,20.0,20.0,0.0,0.0,0.0,0.0
5.983333333333333,0.0,0.0,0.0,0.0,0.0,0.0,0.0,0.0,0.0,0.0,0.011666666666666665,0.011666666666666665,0.0,0.0,0.0,20.0,20.0,0.0,0.0,0.0,0.0
6.0,0.0,0.0,0.0,0.0,0.0,0.0,0.0,0.0,0.0,0.0,0.011666666666666665,0.011666666666666665,0.0,0.0,0.0,20.0,20.0,0.0,0.0,0.0,0.0
6.016666666666667,0.00990680689241511,0.00016511344820691848,0.0,0.0,0.0,0.0,0.0,5.537713675990361e-06,0.0,0.0,0.011666666666666665,0.011661128952990676,0.0,0.0,3.6691877379315215e-05,19.99996330812262,19.99996330812262,0.0,0.00016511344820691845,2.710505431213761e-20,5.537713675990361e-06
6.033333333333333,0.03316017591424997,0.0005526695985708328,0.0,0.0,0.0,0.0,0.0,1.853589775724618e-05,0.0,0.0,0.011666666666666665,0.01164813076890942,0.0,0.0,0.00012281546634907394,19.999840492656272,19.999840492656272,0.0,0.0005526695985708328,0.0,1.853589775724618e-05
6.05,0.05958790732000276,0.0009931317886667126,0.0,0.0,0.0,0.0,0.0,3.3308489089685066e-05,0.0,0.0,0.011666666666666665,0.01163335817757698,0.0,0.0,0.00022069595303704726,19.999619796703236,19.999619796703236,0.0,0.0009931317886667126,0.0,3.3308489089685066e-05
6.066666666666666,0.10196027206820492,0.0016993378678034153,0.0,0.0,0.0,0.0,0.0,5.699382244667435e-05,0.0,0.0,0.011666666666666665,0.01160967284421999,0.0,0.0,0.0003776306372896478,19.999242166065947,19.999242166065947,0.0,0.001699337867803415,2.168404344971009e-19,5.699382244667435e-05
6.083333333333333,0.16103255661510485,0.002683875943585081,0.0,0.0,0.0,0.0,0.0,9.001408836684858e-05,0.0,0.0,0.011666666666666665,0.011576652578299818,0.0,0.0,0.0005964168763522401,19.998645749189595,19.998645749189595,0.0,0.0026838759435850804,4.336808689942018e-19,9.001408836684858e-05
6.1,0.19679211561561633,0.0032798685935936053,0.0,0.0,0.0,0.0,0.0,0.00011000299105517396,0.0,0.0,0.011666666666666665,0.011556663675611492,0.0,0.0,0.0007288596874652456,19.99791688950213,19.99791688950213,0.0,0.0032798685935936053,0.0,0.00011000299105517396
6.116666666666666,0.2546883434202434,0.004244805723670723,0.0,0.0,0.0,0.0,0.0,0.00014236586397514635,0.0,0.0,0.011666666666666665,0.011524300802691519,0.0,0.0,0.0009432901608157163,19.996973599341313,19.996973599341313,0.0,0.004244805723670723,0.0,0.00014236586397514635
6.133333333333333,0.3366383054910379,0.0056106384248506315,0.0,0.0,0.0,0.0,0.0,0.00018817430968672894,0.0,0.0,0.011666666666666665,0.011478492356979937,0.0,0.0,0.0012468085388556958,19.995726790802458,19.995726790802458,0.0,0.0056106384248506315,0.0,0.00018817430968672894
6.15,0.4242981435601287,0.007071635726002144,0.0,0.0,0.0,0.0,0.0,0.00023717446577960338,0.0,0.0,0.011666666666666665,0.011429492200887062,0.0,0.0,0.0015714746057782544,19.99415531619668,19.99415531619668,0.0,0.007071635726002144,0.0,0.00023717446577960338
6.166666666666667,0.48719553284464223,0.008119925547410704,0.0,0.0,0.0,0.0,0.0,0.00027233289135582137,0.0,0.0,0.011666666666666665,0.011394333775310845,0.0,0.0,0.0018044278994246007,19.992350888297253,19.992350888297253,0.0,0.008119925547410704,0.0,0.00027233289135582137
6.183333333333334,0.6105388608415548,0.01017564768069258,0.0,0.0,0.0,0.0,0.0,0.00034127942899486827,0.0,0.0,0.011666666666666665,0.011325387237671796,0.0,0.0,0.0022612550401539065,19.9900896332571,19.9900896332571,0.0,0.010175647680692578,1.734723475976807e-18,0.00034127942899486827
6.2,0.6921143182895066,0.011535238638158444,0.0,0.0,0.0,0.0,0.0,0.0003868785338568554,0.0,0.0,0.011666666666666665,0.01127978813280981,0.0,0.0,0.00256338636403521,19.987526246893065,19.987526246893065,0.0,0.011535238638158444,0.0,0.0003868785338568554
6.216666666666667,0.7923242099741094,0.013205403499568488,0.0,0.0,0.0,0.0,0.0,0.000442893927482445,0.0,0.0,0.011666666666666665,0.01122377273918422,0.0,0.0,0.0029345341110152195,19.98459171278205,19.98459171278205,0.0,0.013205403499568488,0.0,0.000442893927482445
6.233333333333333,0.8861694868300882,0.014769491447168137,0.0,0.0,0.0,0.0,0.0,0.0004953516243686478,0.0,0.0,0.011666666666666665,0.011171315042298017,0.0,0.0,0.0032821092104818083,19.981309603571567,19.981309603571567,0.0,0.014769491447168137,0.0,0.0004953516243686478
6.25,1.082257433669006,0.018037623894483434,0.0,0.0,0.0,0.0,0.0,0.0006049609986805789,0.0,0.0,0.011666666666666665,0.011061705667986086,0.0,0.0,0.004008360865440763,19.977301242706126,19.977301242706126,0.0,0.018037623894483434,0.0,0.0006049609986805789
6.266666666666667,1.070571417959609,0.017842856965993484,0.0,0.0,0.0,0.0,0.0,0.0005984287416461439,0.0,0.0,0.011666666666666665,0.011068237925020522,0.0,0.0,0.003965079325776329,19.97333616338035,19.97333616338035,0.0,0.017842856965993484,0.0,0.0005984287416461439
6.283333333333333,1.0787804278354889,0.017979673797258146,0.0,0.0,0.0,0.0,0.0,0.0006030174195874495,0.0,0.0,0.011666666666666665,0.011063649247079217,0.0,0.0,0.0039954830660573655,19.969340680314293,19.969340680314293,0.0,0.017979673797258143,3.469446951953614e-18,0.0006030174195874495
6.3,1.4269307385469343,0.023782178975782237,0.0,0.0,0.0,0.0,0.0,0.0007976267178067532,0.0,0.0,0.011666666666666665,0.010869039948859913,0.0,0.0,0.005284928661284941,19.964055751653007,19.964055751653007,0.0,0.023782178975782234,3.469446951953614e-18,0.0007976267178067532
6.316666666666666,1.4147198448333476,0.023578664080555794,0.0,0.0,0.0,0.0,0.0,0.00079080106410742,0.0,0.0,0.011666666666666665,0.010875865602559246,0.0,0.0,0.005239703129012399,19.958816048523992,19.958816048523992,0.0,0.023578664080555794,0.0,0.00079080106410742
6.333333333333333,1.587959832995266,0.026465997216587767,0.0,0.0,0.0,0.0,0.0,0.0008876388708892568,0.0,0.0,0.011666666666666665,0.01077902779577741,0.0,0.0,0.005881332714797282,19.952934715809196,19.952934715809196,0.0,0.026465997216587767,0.0,0.0008876388708892568
6.35,1.8279874827258178,0.030466458045430297,0.0,0.0,0.0,0.0,0.0,0.0010218096903029644,0.0,0.0,0.011666666666666665,0.010644856976363701,0.0,0.0,0.006770324010095622,19.9461643917991,19.9461643917991,0.0,0.030466458045430297,0.0,0.0010218096903029644
6.366666666666666,1.7076873991902881,0.028461456653171468,0.0,0.0,0.0,0.0,0.0,0.0009545642675293021,0.0,0.0,0.011666666666666665,0.010712102399137363,0.0,0.0,0.006324768145149215,19.939839623653953,19.939839623653953,0.0,0.028461456653171468,0.0,0.0009545642675293021
6.383333333333333,1.8763777628588498,0.031272962714314165,0.0,0.0,0.0,0.0,0.0,0.001048858922107701,0.0,0.0,0.011666666666666665,0.010617807744558965,0.0,0.0,0.0069495472698475926,19.932890076384105,19.932890076384105,0.0,0.031272962714314165,0.0,0.001048858922107701
6.4,1.9790484421315546,0.03298414070219258,0.0,0.0,0.0,0.0,0.0,0.001106249848458247,0.0,0.0,0.011666666666666665,0.010560416818208419,0.0,0.0,0.007329809044931684,19.925560267339172,19.925560267339172,0.0,0.03298414070219258,0.0,0.001106249848458247
6.416666666666667,2.2137401025564913,0.03689566837594152,0.0,0.0,0.0,0.0,0.0,0.001237437952929235,0.0,0.0,0.011666666666666665,0.01042922871373743,0.0,0.0,0.008199037416875894,19.917361229922296,19.917361229922296,0.0,0.03689566837594152,0.0,0.001237437952929235
6.433333333333334,2.5176946696440106,0.041961577827400176,0.0,0.0,0.0,0.0,0.0,0.0014073426842235324,0.0,0.0,0.011666666666666665,0.010259323982443133,0.0,0.0,0.009324795072755595,19.90803643484954,19.90803643484954,0.0,0.041961577827400176,0.0,0.0014073426842235324
6.45,2.69485439254416,0.044914239875736,0.0,0.0,0.0,0.0,0.0,0.0015063715470037228,0.0,0.0,0.011666666666666665,0.010160295119662942,0.0,0.0,0.009980942194608,19.89805549265493,19.89805549265493,0.0,0.044914239875736,0.0,0.0015063715470037228
6.466666666666667,2.831253529311587,0.04718755882185978,0.0,0.0,0.0,0.0,0.0,0.0015826160295370976,0.0,0.0,0.011666666666666665,0.010084050637129569,0.0,0.0,0.010486124182635507,19.887569368472295,19.887569368472295,0.0,0.04718755882185978,0.0,0.0015826160295370976
6.483333333333333,2.754099624387472,0.045901660406457864,0.0,0.0,0.0,0.0,0.0,0.0015394884871216448,0.0,0.0,0.011666666666666665,0.01012717817954502,0.0,0.0,0.010200368979212858,19.877368999493083,19.877368999493083,0.0,0.045901660406457864,0.0,0.0015394884871216448
6.5,2.77575630312572,0.04626260505209533,0.0,0.0,0.0,0.0,0.0,0.0015515941521787831,0.0,0.0,0.011666666666666665,0.010115072514487882,0.0,0.0,0.01028057890046563,19.867088420592616,19.867088420592616,0.0,0.04626260505209533,0.0,0.0015515941521787831
6.516666666666667,3.3260623160142417,0.055434371933570696,0.0,0.0,0.0,0.0,0.0,0.0018592045827288816,0.0,0.0,0.011666666666666665,0.009807462083937783,0.0,0.0,0.012318749318571265,19.854769671274045,19.854769671274045,0.0,0.055434371933570696,0.0,0.0018592045827288816
6.533333333333333,3.4172501278762937,0.05695416879793823,0.0,0.0,0.0,0.0,0.0,0.0019101768080196297,0.0,0.0,0.011666666666666665,0.009756489858647036,0.0,0.0,0.012656481955097384,19.842113189318948,19.842113189318948,0.0,0.05695416879793823,0.0,0.0019101768080196297
6.55,3.7711418361551683,0.06285236393591948,0.0,0.0,0.0,0.0,0.0,0.002107995436568446,0.0,0.0,0.011666666666666665,0.00955867123009822,0.0,0.0,0.013967191985759884,19.828145997333188,19.828145997333188,0.0,0.06285236393591948,0.0,0.002107995436568446
6.566666666666666,4.013052887261223,0.06688421478768705,0.0,0.0,0.0,0.0,0.0,0.002243219040968049,0.0,0.0,0.011666666666666665,0.009423447625698616,0.0,0.0,0.014863158841708234,19.813282838491478,19.813282838491478,0.0,0.06688421478768705,0.0,0.002243219040968049
6.583333333333333,4.0994417554482,0.06832402925747,0.0,0.0,0.0,0.0,0.0,0.0022915087494490556,0.0,0.0,0.011666666666666665,0.00937515791721761,0.0,0.0,0.015183117612771111,19.798099720878707,19.798099720878707,0.0,0.06832402925747,0.0,0.0022915087494490556
6.6,4.431648308966146,0.07386080514943577,0.0,0.0,0.0,0.0,0.0,0.002477205795394147,0.0,0.0,0.011666666666666665,0.00918946087127252,0.0,0.0,0.01641351225543017,19.781686208623277,19.781686208623277,0.0,0.07386080514943577,0.0,0.002477205795394147
6.616666666666666,4.522426106888287,0.07537376844813812,0.0,0.0,0.0,0.0,0.0,0.0025279488308130173,0.0,0.0,0.011666666666666665,0.009138717835853648,0.0,0.0,0.016749726321808472,19.76493648230147,19.76493648230147,0.0,0.07537376844813812,0.0,0.0025279488308130173
6.633333333333333,4.800605426405321,0.08001009044008868,0.0,0.0,0.0,0.0,0.0,0.002683445696634294,0.0,0.0,0.011666666666666665,0.00898322097003237,0.0,0.0,0.017780020097797486,19.74715646220367,19.74715646220367,0.0,0.0800100904400887,0.0,0.002683445696634294
6.6499999999999995,4.71362273697435,0.0785603789495725,0.0,0.0,0.0,0.0,0.0,0.0026348240535491643,0.0,0.0,0.011666666666666665,0.009031842613117501,0.0,0.0,0.01745786198879389,19.729698600214874,19.729698600214874,0.0,0.0785603789495725,0.0,0.0026348240535491643
6.666666666666667,5.052677278050858,0.0842112879675143,0.0,0.0,0.0,0.0,0.0,0.0028243489922520214,0.0,0.0,0.011666666666666665,0.008842317674414645,0.0,0.0,0.018713619548336512,19.710984980666538,19.710984980666538,0.0,0.0842112879675143,0.0,0.0028243489922520214
6.683333333333334,5.367003300705064,0.08945005501175106,0.0,0.0,0.0,0.0,0.0,0.0030000511668552762,0.0,0.0,0.011666666666666665,0.00866661549981139,0.0,0.0,0.019877790002611348,19.691107190663928,19.691107190663928,0.0,0.08945005501175107,0.0,0.0030000511668552762
6.7,5.7615313183662344,0.09602552197277057,0.0,0.0,0.0,0.0,0.0,0.0032205847073481625,0.0,0.0,0.011666666666666665,0.008446081959318502,0.0,0.0,0.021339004882837905,19.66976818578109,19.66976818578109,0.0,0.09602552197277057,0.0,0.0032205847073481625
6.716666666666667,5.644349570243402,0.09407249283739003,0.0,0.0,0.0,0.0,0.0,0.0031550823738310837,0.0,0.0,0.011666666666666665,0.008511584292835581,0.0,0.0,0.020904998408308895,19.648863187372783,19.648863187372783,0.0,0.09407249283739003,0.0,0.0031550823738310837
6.733333333333333,6.140307219009667,0.10233845365016112,0.0,0.0,0.0,0.0,0.0,0.0034323131187230364,0.0,0.0,0.011666666666666665,0.00823435354794363,0.0,0.0,0.022741878588924694,19.62612130878386,19.62612130878386,0.0,0.10233845365016112,0.0,0.0034323131187230364
6.75,6.13182016680817,0.10219700278013617,0.0,0.0,0.0,0.0,0.0,0.003427569020492853,0.0,0.0,0.011666666666666665,0.008239097646173813,0.0,0.0,0.022710445062252484,19.603410863721606,19.603410863721606,0.0,0.10219700278013617,0.0,0.003427569020492853
6.766666666666667,6.4099420056577046,0.10683236676096174,0.0,0.0,0.0,0.0,0.0,0.0035830337557313926,0.0,0.0,0.011666666666666665,0.008083632910935272,0.0,0.0,0.023740525946880385,19.579670337774726,19.579670337774726,0.0,0.10683236676096174,0.0,0.0035830337557313926
6.783333333333333,6.961820884190324,0.11603034806983874,0.0,0.0,0.0,0.0,0.0,0.0038915233877923725,0.0,0.0,0.011666666666666665,0.0077751432788742934,0.0,0.0,0.0257845217932975,19.553885815981427,19.553885815981427,0.0,0.11603034806983874,0.0,0.0038915233877923725
6.8,6.234534899217098,0.10390891498695164,0.0,0.0,0.0,0.0,0.0,0.003484984571695542,0.0,0.0,0.011666666666666665,0.008181682094971124,0.0,0.0,0.023090869997100364,19.530794945984326,19.530794945984326,0.0,0.10390891498695164,0.0,0.003484984571695542
6.816666666666666,6.703212503426555,0.11172020839044258,0.0,0.0,0.0,0.0,0.0,0.003746966298668358,0.0,0.0,0.011666666666666665,0.007919700367998307,0.0,0.0,0.024826712975653906,19.505968233008673,19.505968233008673,0.0,0.11172020839044258,0.0,0.003746966298668358
6.833333333333333,6.864868334810487,0.11441447224684145,0.0,0.0,0.0,0.0,0.0,0.003837328785590737,0.0,0.0,0.011666666666666665,0.007829337881075928,0.0,0.0,0.025425438277075878,19.480542794731598,19.480542794731598,0.0,0.11441447224684145,0.0,0.003837328785590737
6.85,6.769756583746969,0.11282927639578282,0.0,0.0,0.0,0.0,0.0,0.003784163154087907,0.0,0.0,0.011666666666666665,0.007882503512578758,0.0,0.0,0.02507317253239618,19.455469622199203,19.455469622199203,0.0,0.11282927639578282,0.0,0.003784163154087907
6.866666666666666,7.648315496824415,0.12747192494707357,0.0,0.0,0.0,0.0,0.0,0.004275260614747721,0.0,0.0,0.011666666666666665,0.0073914060519189445,0.0,0.0,0.028327094432683015,19.42714252776652,19.42714252776652,0.0,0.12747192494707357,0.0,0.004275260614747721
6.883333333333333,8.478955552729065,0.14131592587881775,0.0,0.0,0.0,0.0,0.0,0.004739572359930756,0.0,0.0,0.011666666666666665,0.006927094306735909,0.0,0.0,0.031403539084181725,19.39573898868234,19.39573898868234,0.0,0.14131592587881775,0.0,0.004739572359930756
6.8999999999999995,8.31159303358168,0.13852655055969465,0.0,0.0,0.0,0.0,0.0,0.004646019944788774,0.0,0.0,0.011666666666666665,0.007020646721877892,0.0,0.0,0.030783677902154367,19.364955310780186,19.364955310780186,0.0,0.13852655055969465,0.0,0.004646019944788774
6.916666666666667,8.779699414864995,0.14632832358108325,0.0,0.0,0.0,0.0,0.0,0.004907682369180598,0.0,0.0,0.011666666666666665,0.006758984297486068,0.0,0.0,0.03251740524024072,19.332437905539944,19.332437905539944,0.0,0.14632832358108325,0.0,0.004907682369180598
6.933333333333334,9.446659694617175,0.1574443282436196,0.0,0.0,0.0,0.0,0.0,0.005280500281413629,0.0,0.0,0.011666666666666665,0.0063861663852530365,0.0,0.0,0.034987628498582134,19.297450277041364,19.297450277041364,0.0,0.1574443282436196,0.0,0.005280500281413629
6.95,9.839280697015107,0.16398801161691845,0.0,0.0,0.0,0.0,0.0,0.005499967837213541,0.0,0.0,0.011666666666666665,0.006166698829453124,0.0,0.0,0.03644178035931521,19.26100849668205,19.26100849668205,0.0,0.16398801161691845,0.0,0.005499967837213541
6.966666666666667,9.46488800594929,0.15774813343248814,0.0,0.0,0.0,0.0,0.0,0.005290689555318961,0.0,0.0,0.011666666666666665,0.006375977111347704,0.0,0.0,0.03505514076277514,19.225953355919273,19.225953355919273,0.0,0.15774813343248814,0.0,0.005290689555318961
6.983333333333333,10.432916916185834,0.17388194860309722,10.432916916185834,0.5997773762785713,0.17388194860309722,0.003129026670128144,0.003129026670128144,0.0,0.0,0.0,0.011666666666666665,0.008537639996538521,0.0,0.0,0.0,19.225953355919273,19.225953355919273,0.0,0.0,0.0,0.003129026670128144
7.0,10.094609039556287,0.16824348399260478,10.094609039556287,0.5991702067624978,0.16824348399260478,0.0030244969424030005,0.0030244969424030005,0.0,0.0,0.0,0.011666666666666665,0.008642169724263665,0.0,0.0,0.0,19.225953355919273,19.225953355919273,0.0,0.0,0.0,0.0030244969424030005
7.016666666666667,9.895480153637582,0.16492466922729304,0.0,0.0,0.0,0.0,0.0,0.005531382247820432,0.0,0.0,0.011666666666666665,0.006135284418846233,0.0,0.0,0.03664992649495401,19.18930342942432,19.18930342942432,0.0,0.16492466922729304,0.0,0.005531382247820432
7.033333333333333,10.294969693821784,0.17158282823036305,10.294969693821784,0.5995300753776766,0.17158282823036305,0.003086380616335568,0.003086380616335568,0.0,0.0,0.0,0.011666666666666665,0.008580286050331096,0.0,0.0,0.0,19.18930342942432,19.18930342942432,0.0,0.0,0.0,0.003086380616335568
7.05,10.088931379293113,0.16814885632155188,10.088931379293113,0.5991599973948254,0.16814885632155188,0.003022744323899307,0.003022744323899307,0.0,0.0,0.0,0.011666666666666665,0.008643922342767358,0.0,0.0,0.0,19.18930342942432,19.18930342942432,0.0,0.0,0.0,0.003022744323899307
7.066666666666666,10.686803574953451,0.17811339291589084,10.686803574953451,0.6002315294434106,0.17811339291589084,0.0032075989872265317,0.0032075989872265317,0.0,0.0,0.0,0.011666666666666665,0.008459067679440133,0.0,0.0,0.0,19.18930342942432,19.18930342942432,0.0,0.0,0.0,0.0032075989872265317
7.083333333333333,11.268678900106751,0.1878113150017792,11.268678900106751,0.6012675265586764,0.1878113150017792,0.0033880841533409007,0.0033880841533409007,0.0,0.0,0.0,0.011666666666666665,0.008278582513325765,0.0,0.0,0.0,19.18930342942432,19.18930342942432,0.0,0.0,0.0,0.0033880841533409007
7.1,12.2402208621489,0.204003681035815,12.2402208621489,0.602982211656756,0.204003681035815,0.003690686791992054,0.003690686791992054,0.0,0.0,0.0,0.011666666666666665,0.007975979874674612,0.0,0.0,0.0,19.18930342942432,19.18930342942432,0.0,0.0,0.0,0.003690686791992054
7.116666666666666,13.101330957512893,0.2183555159585482,13.101330957512893,0.604486213186443,0.2183555159585482,0.003960182987403383,0.003960182987403383,0.0,0.0,0.0,0.011666666666666665,0.007706483679263283,0.0,0.0,0.0,19.18930342942432,19.18930342942432,0.0,0.0,0.0,0.003960182987403383
7.133333333333333,11.50770907761825,0.1917951512936375,11.50770907761825,0.6016911444730856,0.1917951512936375,0.0034623895615438754,0.0034623895615438754,0.0,0.0,0.0,0.011666666666666665,0.00820427710512279,0.0,0.0,0.0,19.18930342942432,19.18930342942432,0.0,0.0,0.0,0.0034623895615438754
7.1499999999999995,12.911983190456667,0.21519971984094444,12.911983190456667,0.6041567732818071,0.21519971984094444,0.0039008211326208783,0.0039008211326208783,0.0,0.0,0.0,0.011666666666666665,0.007765845534045787,0.0,0.0,0.0,19.18930342942432,19.18930342942432,0.0,0.0,0.0,0.0039008211326208783
7.166666666666667,12.292407382875115,0.20487345638125193,12.292407382875115,0.6030737819730847,0.20487345638125193,0.00370698500347253,0.00370698500347253,0.0,0.0,0.0,0.011666666666666665,0.007959681663194135,0.0,0.0,0.0,19.18930342942432,19.18930342942432,0.0,0.0,0.0,0.00370698500347253
7.183333333333334,13.588410487847916,0.2264735081307986,13.588410487847916,0.6053303719798333,0.2264735081307986,0.0041131501026220865,0.0041131501026220865,0.0,0.0,0.0,0.011666666666666665,0.007553516564044579,0.0,0.0,0.0,19.18930342942432,19.18930342942432,0.0,0.0,0.0,0.0041131501026220865
7.2,13.49317456673673,0.2248862427789455,13.49317456673673,0.6051656915345892,0.2248862427789455,0.004083211479986081,0.004083211479986081,0.0,0.0,0.0,0.011666666666666665,0.007583455186680584,0.0,0.0,0.0,19.18930342942432,19.18930342942432,0.0,0.0,0.0,0.004083211479986081
7.216666666666667,12.621615266020434,0.2103602544336739,12.621615266020434,0.6036501788128065,0.2103602544336739,0.003809901146234465,0.003809901146234465,0.0,0.0,0.0,0.011666666666666665,0.0078567655204322,0.0,0.0,0.0,19.18930342942432,19.18930342942432,0.0,0.0,0.0,0.003809901146234465
7.233333333333333,14.866675128149353,0.24777791880248923,14.866675128149353,0.6075231699626394,0.24777791880248923,0.00451637643797281,0.00451637643797281,0.0,0.0,0.0,0.011666666666666665,0.007150290228693856,0.0,0.0,0.0,19.18930342942432,19.18930342942432,0.0,0.0,0.0,0.00451637643797281
7.25,14.084077532220581,0.2347346255370097,14.084077532220581,0.6061845426651052,0.2347346255370097,0.004269201969061415,0.004269201969061415,0.0,0.0,0.0,0.011666666666666665,0.007397464697605251,0.0,0.0,0.0,19.18930342942432,19.18930342942432,0.0,0.0,0.0,0.004269201969061415
7.266666666666667,14.445753807646533,0.24076256346077554,14.445753807646533,0.6068047095845818,0.24076256346077554,0.0043833140533949995,0.0043833140533949995,0.0,0.0,0.0,0.011666666666666665,0.007283352613271666,0.0,0.0,0.0,19.18930342942432,19.18930342942432,0.0,0.0,0.0,0.0043833140533949995
7.283333333333333,14.351839210884174,0.2391973201814029,14.351839210884174,0.6066439255344177,0.2391973201814029,0.0043536634051052885,0.0043536634051052885,0.0,0.0,0.0,0.011666666666666665,0.007313003261561377,0.0,0.0,0.0,19.18930342942432,19.18930342942432,0.0,0.0,0.0,0.0043536634051052885
7.3,14.979480936916465,0.24965801561527443,14.979480936916465,0.6077151133824386,0.24965801561527443,0.00455208368636277,0.00455208368636277,0.0,0.0,0.0,0.011666666666666665,0.007114582980303896,0.0,0.0,0.0,19.18930342942432,19.18930342942432,0.0,0.0,0.0,0.00455208368636277
7.316666666666666,16.149905213251404,0.2691650868875234,16.149905213251404,0.6096916160425327,0.2691650868875234,0.0049237232765281394,0.0049237232765281394,0.0,0.0,0.0,0.011666666666666665,0.006742943390138526,0.0,0.0,0.0,19.18930342942432,19.18930342942432,0.0,0.0,0.0,0.0049237232765281394
7.333333333333333,15.986703111354377,0.2664450518559063,15.986703111354377,0.609417659459003,0.2664450518559063,0.0048717767739711705,0.0048717767739711705,0.0,0.0,0.0,0.011666666666666665,0.006794889892695495,0.0,0.0,0.0,19.18930342942432,19.18930342942432,0.0,0.0,0.0,0.0048717767739711705
7.35,16.740094428652263,0.27900157381087104,16.740094428652263,0.6106778812425027,0.27900157381087104,0.005111913890133407,0.005111913890133407,0.0,0.0,0.0,0.011666666666666665,0.006554752776533258,0.0,0.0,0.0,19.18930342942432,19.18930342942432,0.0,0.0,0.0,0.005111913890133407
7.366666666666666,17.105736305718487,0.2850956050953081,17.105736305718487,0.6112854104658293,0.2850956050953081,0.005228766396120294,0.005228766396120294,0.0,0.0,0.0,0.011666666666666665,0.006437900270546372,0.0,0.0,0.0,19.18930342942432,19.18930342942432,0.0,0.0,0.0,0.005228766396120294
7.383333333333333,18.267661942326757,0.30446103237211264,18.267661942326757,0.6131982491562622,0.30446103237211264,0.00560140930053668,0.00560140930053668,0.0,0.0,0.0,0.011666666666666665,0.006065257366129986,0.0,0.0,0.0,19.18930342942432,19.18930342942432,0.0,0.0,0.0,0.00560140930053668
7.3999999999999995,17.1732124167017,0.2862202069450283,17.1732124167017,0.6113972325863118,0.2862202069450283,0.005250352308324986,0.005250352308324986,0.0,0.0,0.0,0.011666666666666665,0.0064163143583416795,0.0,0.0,0.0,19.18930342942432,19.18930342942432,0.0,0.0,0.0,0.005250352308324986
7.416666666666667,16.49613019378207,0.2749355032297011,16.49613019378207,0.6102710372738621,0.2749355032297011,0.005034058648046834,0.005034058648046834,0.0,0.0,0.0,0.011666666666666665,0.006632608018619831,0.0,0.0,0.0,19.18930342942432,19.18930342942432,0.0,0.0,0.0,0.005034058648046834
7.433333333333334,19.120776279797735,0.3186796046632956,19.120776279797735,0.6145855117041747,0.3186796046632956,0.00587626366341661,0.00587626366341661,0.0,0.0,0.0,0.011666666666666665,0.005790403003250055,0.0,0.0,0.0,19.18930342942432,19.18930342942432,0.0,0.0,0.0,0.00587626366341661
7.45,18.188459368301114,0.3031409894716852,18.188459368301114,0.6130687181946789,0.3031409894716852,0.005575945329963179,0.005575945329963179,0.0,0.0,0.0,0.011666666666666665,0.006090721336703487,0.0,0.0,0.0,19.18930342942432,19.18930342942432,0.0,0.0,0.0,0.005575945329963179
7.466666666666667,19.889822912551935,0.33149704854253226,19.889822912551935,0.6158235952701772,0.33149704854253226,0.0061249236200094405,0.0061249236200094405,0.0,0.0,0.0,0.011666666666666665,0.005541743046657225,0.0,0.0,0.0,19.18930342942432,19.18930342942432,0.0,0.0,0.0,0.0061249236200094405
7.483333333333333,19.554557008083258,0.3259092834680543,19.554557008083258,0.6152853070183428,0.3259092834680543,0.006016417447907888,0.006016417447907888,0.0,0.0,0.0,0.011666666666666665,0.005650249218758777,0.0,0.0,0.0,19.18930342942432,19.18930342942432,0.0,0.0,0.0,0.006016417447907888
7.5,19.407537364414285,0.3234589560735714,19.407537364414285,0.6150485496633172,0.3234589560735714,0.005968885742834106,0.005968885742834106,0.0,0.0,0.0,0.011666666666666665,0.0056977809238325594,0.0,0.0,0.0,19.18930342942432,19.18930342942432,0.0,0.0,0.0,0.005968885742834106
7.516666666666667,20.233234441708127,0.3372205740284688,20.233234441708127,0.616372631123685,0.3372205740284688,0.006236229597448746,0.006236229597448746,0.0,0.0,0.0,0.011666666666666665,0.005430437069217919,0.0,0.0,0.0,19.18930342942432,19.18930342942432,0.0,0.0,0.0,0.006236229597448746
7.533333333333333,22.21350973058577,0.3702251621764295,22.21350973058577,0.6194926193156634,0.3702251621764295,0.006881240787676045,0.006881240787676045,0.0,0.0,0.0,0.011666666666666665,0.00478542587899062,0.0,0.0,0.0,19.18930342942432,19.18930342942432,0.0,0.0,0.0,0.006881240787676045
7.55,22.732427999564013,0.3788737999927336,22.732427999564013,0.6202972231715744,0.3788737999927336,0.007051136095648217,0.007051136095648217,0.0,0.0,0.0,0.011666666666666665,0.004615530571018448,0.0,0.0,0.0,19.18930342942432,19.18930342942432,0.0,0.0,0.0,0.007051136095648217
7.566666666666666,21.02293968901017,0.35038232815016945,21.02293968901017,0.6176262394463428,0.35038232815016945,0.0064928088720025085,0.0064928088720025085,0.0,0.0,0.0,0.011666666666666665,0.005173857794664157,0.0,0.0,0.0,19.18930342942432,19.18930342942432,0.0,0.0,0.0,0.0064928088720025085
7.583333333333333,21.479244585589097,0.3579874097598183,21.479244585589097,0.6183449096915027,0.3579874097598183,0.006641454922251119,0.006641454922251119,0.0,0.0,0.0,0.011666666666666665,0.0050252117444155465,0.0,0.0,0.0,19.18930342942432,19.18930342942432,0.0,0.0,0.0,0.006641454922251119
7.6,22.83472326910721,0.38057872115178687,22.83472326910721,0.6204552006704475,0.38057872115178687,0.0070846698710811335,0.0070846698710811335,0.0,0.0,0.0,0.011666666666666665,0.004581996795585532,0.0,0.0,0.0,19.18930342942432,19.18930342942432,0.0,0.0,0.0,0.0070846698710811335
7.616666666666666,21.099057601221745,0.3516509600203624,21.099057601221745,0.6177464128858469,0.3516509600203624,0.006517585332746572,0.006517585332746572,0.0,0.0,0.0,0.011666666666666665,0.005149081333920094,0.0,0.0,0.0,19.18930342942432,19.18930342942432,0.0,0.0,0.0,0.006517585332746572
7.633333333333333,22.76715676033586,0.3794526126722644,22.76715676033586,0.6203508792511747,0.3794526126722644,0.007062519109072746,0.007062519109072746,0.0,0.0,0.0,0.011666666666666665,0.004604147557593919,0.0,0.0,0.0,19.18930342942432,19.18930342942432,0.0,0.0,0.0,0.007062519109072746
7.6499999999999995,22.73013769443673,0.3788356282406122,22.73013769443673,0.6202936837927929,0.3788356282406122,0.007050385460345825,0.007050385460345825,0.0,0.0,0.0,0.011666666666666665,0.0046162812063208405,0.0,0.0,0.0,19.18930342942432,19.18930342942432,0.0,0.0,0.0,0.007050385460345825
7.666666666666667,23.48959511908934,0.3914932519848223,23.48959511908934,0.6214615794495912,0.3914932519848223,0.0072996704087112075,0.0072996704087112075,0.0,0.0,0.0,0.011666666666666665,0.004366996257955458,0.0,0.0,0.0,19.18930342942432,19.18930342942432,0.0,0.0,0.0,0.0072996704087112075
7.683333333333334,22.516305616933064,0.3752717602822177,22.516305616933064,0.6199627710475148,0.3752717602822177,0.006980333645377811,0.006980333645377811,0.0,0.0,0.0,0.011666666666666665,0.004686333021288854,0.0,0.0,0.0,19.18930342942432,19.18930342942432,0.0,0.0,0.0,0.006980333645377811
7.7,21.968853414012962,0.36614755690021605,21.968853414012962,0.6191114016247621,0.36614755690021605,0.006801263941013354,0.006801263941013354,0.0,0.0,0.0,0.011666666666666665,0.004865402725653311,0.0,0.0,0.0,19.18930342942432,19.18930342942432,0.0,0.0,0.0,0.006801263941013354
7.716666666666667,21.725392291722823,0.3620898715287137,21.725392291722823,0.6187308578811532,0.3620898715287137,0.006721757480979226,0.006721757480979226,0.0,0.0,0.0,0.011666666666666665,0.004944909185687439,0.0,0.0,0.0,19.18930342942432,19.18930342942432,0.0,0.0,0.0,0.006721757480979226
7.733333333333333,23.236113954658425,0.38726856591097375,23.236113954658425,0.6210730579921782,0.38726856591097375,0.007216383813218538,0.007216383813218538,0.0,0.0,0.0,0.011666666666666665,0.004450282853448127,0.0,0.0,0.0,19.18930342942432,19.18930342942432,0.0,0.0,0.0,0.007216383813218538
7.75,24.413155860249706,0.40688593100416176,24.413155860249706,0.622866289929931,0.40688593100416176,0.007603826290706514,0.007603826290706514,0.0,0.0,0.0,0.011666666666666665,0.004062840375960152,0.0,0.0,0.0,19.18930342942432,19.18930342942432,0.0,0.0,0.0,0.007603826290706514
7.766666666666667,24.990960172373832,0.4165160028728972,24.990960172373832,0.623736439441376,0.4165160028728972,0.00779466572464131,0.00779466572464131,0.0,0.0,0.0,0.011666666666666665,0.0038720009420253557,0.0,0.0,0.0,19.18930342942432,19.18930342942432,0.0,0.0,0.0,0.00779466572464131
7.783333333333333,28.234141100942995,0.4705690183490499,28.234141100942995,0.6284966149648065,0.4705690183490499,0.008873418396030296,0.008873418396030296,0.0,0.0,0.0,0.011666666666666665,0.002793248270636369,0.0,0.0,0.0,19.18930342942432,19.18930342942432,0.0,0.0,0.0,0.008873418396030296
7.8,27.564828956237672,0.4594138159372945,27.564828956237672,0.627531459958609,0.4594138159372945,0.008649763655574141,0.008649763655574141,0.0,0.0,0.0,0.011666666666666665,0.003016903011092524,0.0,0.0,0.0,19.18930342942432,19.18930342942432,0.0,0.0,0.0,0.008649763655574141
7.816666666666666,25.226516462178253,0.4204419410363042,25.226516462178253,0.624089261596191,0.4204419410363042,0.007872586274389932,0.007872586274389932,0.0,0.0,0.0,0.011666666666666665,0.0037940803922767337,0.0,0.0,0.0,19.18930342942432,19.18930342942432,0.0,0.0,0.0,0.007872586274389932
7.833333333333333,27.351114670185037,0.4558519111697506,27.351114670185037,0.627221394603354,0.4558519111697506,0.008578459989693829,0.008578459989693829,0.0,0.0,0.0,0.011666666666666665,0.0030882066769728368,0.0,0.0,0.0,19.18930342942432,19.18930342942432,0.0,0.0,0.0,0.008578459989693829
7.85,26.712484607108156,0.4452080767851359,26.712484607108156,0.6262894008753664,0.4452080767851359,0.008365709561195226,0.008365709561195226,0.0,0.0,0.0,0.011666666666666665,0.003300957105471439,0.0,0.0,0.0,19.18930342942432,19.18930342942432,0.0,0.0,0.0,0.008365709561195226
7.866666666666666,27.259418922659314,0.45432364871098857,27.259418922659314,0.6270880786453084,0.45432364871098857,0.008547883106909687,0.008547883106909687,0.0,0.0,0.0,0.011666666666666665,0.0031187835597569786,0.0,0.0,0.0,19.18930342942432,19.18930342942432,0.0,0.0,0.0,0.008547883106909687
7.883333333333333,28.298831314787694,0.4716471885797949,28.298831314787694,0.6285894240917473,0.4716471885797949,0.00889506254557051,0.00889506254557051,0.0,0.0,0.0,0.011666666666666665,0.002771604121096156,0.0,0.0,0.0,19.18930342942432,19.18930342942432,0.0,0.0,0.0,0.00889506254557051
7.8999999999999995,29.306782402509867,0.48844637337516444,29.306782402509867,0.6300246898571391,0.48844637337516444,0.009232921539079878,0.009232921539079878,0.0,0.0,0.0,0.011666666666666665,0.0024337451275867877,0.0,0.0,0.0,19.18930342942432,19.18930342942432,0.0,0.0,0.0,0.009232921539079878
7.916666666666667,28.326915597318834,0.4721152599553139,28.326915597318834,0.6286296897220615,0.4721152599553139,0.008904460527415524,0.008904460527415524,0.0,0.0,0.0,0.011666666666666665,0.0027622061392511416,0.0,0.0,0.0,19.18930342942432,19.18930342942432,0.0,0.0,0.0,0.008904460527415524
7.933333333333334,30.759472175796603,0.5126578695966101,30.759472175796603,0.6320574930662572,0.5126578695966101,0.009721849620699717,0.009721849620699717,0.0,0.0,0.0,0.011666666666666665,0.0019448170459669487,0.0,0.0,0.0,19.18930342942432,19.18930342942432,0.0,0.0,0.0,0.009721849620699717
7.95,27.90744266624681,0.4651240444374468,27.90744266624681,0.6280266317707951,0.4651240444374468,0.00876418502801258,0.00876418502801258,0.0,0.0,0.0,0.011666666666666665,0.0029024816386540846,0.0,0.0,0.0,19.18930342942432,19.18930342942432,0.0,0.0,0.0,0.00876418502801258
7.966666666666667,29.999473266660598,0.49999122111100996,29.999473266660598,0.6309992625705504,0.49999122111100996,0.00946576933131702,0.00946576933131702,0.0,0.0,0.0,0.011666666666666665,0.002200897335349646,0.0,0.0,0.0,19.18930342942432,19.18930342942432,0.0,0.0,0.0,0.00946576933131702
7.983333333333333,34.33007764212212,0.5721679607020353,34.33007764212212,0.636874612975103,0.5721679607020353,0.010933070762942174,0.010933070762942174,0.0,0.0,0.0,0.011666666666666665,0.0007335959037244912,0.0,0.0,0.0,19.18930342942432,19.18930342942432,0.0,0.0,0.0,0.010933070762942174
8.0,31.121914557202313,0.5186985759533719,31.121914557202313,0.6325580934573467,0.5186985759533719,0.009844193887911962,0.009844193887911962,0.0,0.0,0.0,0.014583333333333334,0.0047391394454213715,0.0,0.0,0.0,19.18930342942432,19.18930342942432,0.0,0.0,0.0,0.009844193887911962
8.016666666666666,33.40858297998649,0.5568097163331082,33.40858297998649,0.6356558317926666,0.5568097163331082,0.010619242225801401,0.010619242225801401,0.0,0.0,0.0,0.014583333333333334,0.0039640911075319325,0.0,0.0,0.0,19.18930342942432,19.18930342942432,0.0,0.0,0.0,0.010619242225801401
8.033333333333333,31.71610806576117,0.5286018010960195,31.71610806576117,0.6333731010231319,0.5286018010960195,0.010045069365934554,0.010045069365934554,0.0,0.0,0.0,0.014583333333333334,0.00453826396739878,0.0,0.0,0.0,19.18930342942432,19.18930342942432,0.0,0.0,0.0,0.010045069365934554
8.05,32.898086440232944,0.5483014406705491,32.898086440232944,0.6349733319661756,0.5483014406705491,0.010445748355968584,0.010445748355968584,0.0,0.0,0.0,0.014583333333333334,0.00413758497736475,0.0,0.0,0.0,19.18930342942432,19.18930342942432,0.0,0.0,0.0,0.010445748355968584
8.066666666666666,32.27692002775392,0.537948667129232,32.27692002775392,0.6341358443907277,0.537948667129232,0.010234999468012661,0.010234999468012661,0.0,0.0,0.0,0.014583333333333334,0.004348333865320672,0.0,0.0,0.0,19.18930342942432,19.18930342942432,0.0,0.0,0.0,0.010234999468012661
8.083333333333334,32.48969837952526,0.5414949729920876,32.48969837952526,0.6344235917511253,0.5414949729920876,0.010307146285053071,0.010307146285053071,0.0,0.0,0.0,0.014583333333333334,0.0042761870482802625,0.0,0.0,0.0,19.18930342942432,19.18930342942432,0.0,0.0,0.0,0.010307146285053071
8.1,31.877169837385516,0.5312861639564253,31.877169837385516,0.6335928001063559,0.5312861639564253,0.010099582606628143,0.010099582606628143,0.0,0.0,0.0,0.014583333333333334,0.004483750726705191,0.0,0.0,0.0,19.18930342942432,19.18930342942432,0.0,0.0,0.0,0.010099582606628143
8.116666666666667,34.29420560210938,0.5715700933684896,34.29420560210938,0.6368274858254213,0.5715700933684896,0.010920838449830682,0.010920838449830682,0.0,0.0,0.0,0.014583333333333334,0.0036624948835026518,0.0,0.0,0.0,19.18930342942432,19.18930342942432,0.0,0.0,0.0,0.010920838449830682
8.133333333333333,32.528229333926205,0.5421371555654367,32.528229333926205,0.6344756016318475,0.5421371555654367,0.010320215959926762,0.010320215959926762,0.0,0.0,0.0,0.014583333333333334,0.004263117373406572,0.0,0.0,0.0,19.18930342942432,19.18930342942432,0.0,0.0,0.0,0.010320215959926762
8.15,35.522595694841385,0.5920432615806898,35.522595694841385,0.6384266433406912,0.5920432615806898,0.011340419808083846,0.011340419808083846,0.0,0.0,0.0,0.014583333333333334,0.003242913525249488,0.0,0.0,0.0,19.18930342942432,19.18930342942432,0.0,0.0,0.0,0.011340419808083846
8.166666666666666,36.670565893633174,0.6111760982272195,36.670565893633174,0.6398938277576735,0.6111760982272195,0.011733807768635326,0.011733807768635326,0.0,0.0,0.0,0.014583333333333334,0.0028495255646980074,0.0,0.0,0.0,19.18930342942432,19.18930342942432,0.0,0.0,0.0,0.011733807768635326
8.183333333333334,35.83336444819936,0.5972227408033227,35.83336444819936,0.6388264288196239,0.5972227408033227,0.011446794800997735,0.011446794800997735,0.0,0.0,0.0,0.014583333333333334,0.0031365385323355987,0.0,0.0,0.0,19.18930342942432,19.18930342942432,0.0,0.0,0.0,0.011446794800997735
8.2,35.085217793999256,0.5847536298999876,35.085217793999256,0.637860710511475,0.5847536298999876,0.011190860061271233,0.011190860061271233,0.0,0.0,0.0,0.014583333333333334,0.0033924732720621003,0.0,0.0,0.0,19.18930342942432,19.18930342942432,0.0,0.0,0.0,0.011190860061271233
8.216666666666667,36.81878275286706,0.613646379214451,36.81878275286706,0.640081337871706,0.613646379214451,0.011784686330264445,0.011784686330264445,0.0,0.0,0.0,0.014583333333333334,0.0027986470030688885,0.0,0.0,0.0,19.18930342942432,19.18930342942432,0.0,0.0,0.0,0.011784686330264445
8.233333333333333,35.8473563003024,0.5974559383383733,35.8473563003024,0.6388443830633965,0.5974559383383733,0.011451586268687093,0.011451586268687093,0.0,0.0,0.0,0.014583333333333334,0.0031317470646462404,0.0,0.0,0.0,19.18930342942432,19.18930342942432,0.0,0.0,0.0,0.011451586268687093
8.25,38.53989845404089,0.6423316409006814,38.53989845404089,0.642226559179604,0.6423316409006814,0.012376910878722884,0.012376910878722884,0.0,0.0,0.0,0.014583333333333334,0.0022064224546104495,0.0,0.0,0.0,19.18930342942432,19.18930342942432,0.0,0.0,0.0,0.012376910878722884
8.266666666666666,33.81786060591723,0.5636310100986205,33.81786060591723,0.636199244252222,0.5636310100986205,0.010758524532308997,0.010758524532308997,0.0,0.0,0.0,0.014583333333333334,0.003824808801024336,0.0,0.0,0.0,19.18930342942432,19.18930342942432,0.0,0.0,0.0,0.010758524532308997
8.283333333333333,37.00487628042889,0.6167479380071481,37.00487628042889,0.6403161438755594,0.6167479380071481,0.01184859470170836,0.01184859470170836,0.0,0.0,0.0,0.014583333333333334,0.0027347386316249733,0.0,0.0,0.0,19.18930342942432,19.18930342942432,0.0,0.0,0.0,0.01184859470170836
8.3,34.25956007609904,0.570992667934984,34.25956007609904,0.6367819455861198,0.570992667934984,0.010909025562647716,0.010909025562647716,0.0,0.0,0.0,0.014583333333333334,0.0036743077706856177,0.0,0.0,0.0,19.18930342942432,19.18930342942432,0.0,0.0,0.0,0.010909025562647716
8.316666666666666,35.58284980506626,0.5930474967511044,35.58284980506626,0.6385043076076335,0.5930474967511044,0.011361037542499376,0.011361037542499376,0.0,0.0,0.0,0.014583333333333334,0.0032222957908339574,0.0,0.0,0.0,19.18930342942432,19.18930342942432,0.0,0.0,0.0,0.011361037542499376
8.333333333333334,41.51977441953776,0.6919962403256293,41.51977441953776,0.6458006321605826,0.6919962403256293,0.013408089092560393,0.013408089092560393,0.0,0.0,0.0,0.014583333333333334,0.0011752442407729404,0.0,0.0,0.0,19.18930342942432,19.18930342942432,0.0,0.0,0.0,0.013408089092560393
8.35,41.039386659848255,0.6839897776641376,41.039386659848255,0.6452364607455312,0.6839897776641376,0.01324137843762769,0.01324137843762769,0.0,0.0,0.0,0.014583333333333334,0.0013419548957056427,0.0,0.0,0.0,19.18930342942432,19.18930342942432,0.0,0.0,0.0,0.01324137843762769
8.366666666666667,38.2657829651765,0.6377630494196083,38.2657829651765,0.6418888644709732,0.6377630494196083,0.01228241822962789,0.01228241822962789,0.0,0.0,0.0,0.014583333333333334,0.002300915103705444,0.0,0.0,0.0,19.18930342942432,19.18930342942432,0.0,0.0,0.0,0.01228241822962789
8.383333333333333,37.093717700503895,0.6182286283417315,37.093717700503895,0.6404279964725611,0.6182286283417315,0.011879115565882831,0.011879115565882831,0.0,0.0,0.0,0.014583333333333334,0.0027042177674505025,0.0,0.0,0.0,19.18930342942432,19.18930342942432,0.0,0.0,0.0,0.011879115565882831
8.4,34.51404960867258,0.575234160144543,34.51404960867258,0.6371159030134461,0.575234160144543,0.010995824523992554,0.010995824523992554,0.0,0.0,0.0,0.014583333333333334,0.00358750880934078,0.0,0.0,0.0,19.18930342942432,19.18930342942432,0.0,0.0,0.0,0.010995824523992554
8.416666666666666,39.82174290781756,0.6636957151302927,39.82174290781756,0.643785773733472,0.6636957151302927,0.012819617746437008,0.012819617746437008,0.0,0.0,0.0,0.014583333333333334,0.0017637155868963257,0.0,0.0,0.0,19.18930342942432,19.18930342942432,0.0,0.0,0.0,0.012819617746437008
8.433333333333334,46.35243644595515,0.7725406074325858,46.35243644595515,0.6512193892471473,0.7725406074325858,0.015094312107436805,0.014583333333333334,0.0,0.0,0.000510978774103471,0.014583333333333334,0.0,0.0,0.0,0.0,19.18930342942432,19.18930342942432,0.0,0.0,0.0,0.014583333333333334
8.45,42.67119919813468,0.7111866533022446,42.67119919813468,0.6471340859862005,0.7111866533022446,0.013808374582968285,0.013808374582968285,0.0,0.0,0.0,0.014583333333333334,0.0007749587503650488,0.0,0.0,0.0,19.18930342942432,19.18930342942432,0.0,0.0,0.0,0.013808374582968285
8.466666666666667,40.99802749164793,0.6833004581941322,40.99802749164793,0.6451876724012368,0.6833004581941322,0.013227033668555979,0.013227033668555979,0.0,0.0,0.0,0.014583333333333334,0.0013562996647773547,0.0,0.0,0.0,19.18930342942432,19.18930342942432,0.0,0.0,0.0,0.013227033668555979
8.483333333333333,43.58391793298962,0.7263986322164937,43.58391793298962,0.6481722568420836,0.7263986322164937,0.014126355859909012,0.014126355859909012,0.0,0.0,0.0,0.014583333333333334,0.00045697747342432135,0.0,0.0,0.0,19.18930342942432,19.18930342942432,0.0,0.0,0.0,0.014126355859909012
8.5,39.65230763191967,0.6608717938653278,39.65230763191967,0.6435815602584755,0.6608717938653278,0.01276102310911087,0.01276102310911087,0.0,0.0,0.0,0.014583333333333334,0.0018223102242224641,0.0,0.0,0.0,19.18930342942432,19.18930342942432,0.0,0.0,0.0,0.01276102310911087
8.516666666666666,42.77940364004964,0.7129900606674939,42.77940364004964,0.6472580335221164,0.7129900606674939,0.013846040941747873,0.013846040941747873,0.0,0.0,0.0,0.014583333333333334,0.0007372923915854607,0.0,0.0,0.0,19.18930342942432,19.18930342942432,0.0,0.0,0.0,0.013846040941747873
8.533333333333333,44.05915212557884,0.7343192020929806,44.05915212557884,0.6487062153909088,0.7343192020929806,0.01429215212957124,0.01429215212957124,0.0,0.0,0.0,0.014583333333333334,0.00029118120376209373,0.0,0.0,0.0,19.18930342942432,19.18930342942432,0.0,0.0,0.0,0.01429215212957124
8.55,44.06689626054172,0.7344482710090287,44.06689626054172,0.64871487906071,0.7344482710090287,0.014294855124631552,0.014294855124631552,0.0,0.0,0.0,0.014583333333333334,0.00028847820870178155,0.0,0.0,0.0,19.18930342942432,19.18930342942432,0.0,0.0,0.0,0.014294855124631552
8.566666666666666,46.44036205655372,0.7740060342758953,46.44036205655372,0.6513136518336695,0.7740060342758953,0.015125133415107402,0.014583333333333334,0.0,0.0,0.0005418000817740687,0.014583333333333334,0.0,0.0,0.0,0.0,19.18930342942432,19.18930342942432,0.0,0.0,0.0,0.014583333333333334
8.583333333333334,45.86762252759331,0.7644603754598885,45.86762252759331,0.6506968570918488,0.7644603754598885,0.014924451355625687,0.014583333333333334,0.0,0.0,0.00034111802229235336,0.014583333333333334,0.0,0.0,0.0,0.0,19.18930342942432,19.18930342942432,0.0,0.0,0.0,0.014583333333333334
8.6,47.0280936421552,0.7838015607025867,47.0280936421552,0.6519397713681573,0.7838015607025867,0.015331275436017077,0.014583333333333334,0.0,0.0,0.0007479421026837432,0.014583333333333334,0.0,0.0,0.0,0.0,19.18930342942432,19.18930342942432,0.0,0.0,0.0,0.014583333333333334
8.616666666666667,44.343648338746156,0.7390608056457693,44.343648338746156,0.6490237051975886,0.7390608056457693,0.01439147862125809,0.01439147862125809,0.0,0.0,0.0,0.014583333333333334,0.00019185471207524424,0.0,0.0,0.0,19.18930342942432,19.18930342942432,0.0,0.0,0.0,0.01439147862125809
8.633333333333333,48.421561009927636,0.8070260168321273,48.421561009927636,0.6533966463134739,0.8070260168321273,0.015820824869061903,0.014583333333333334,0.0,0.0,0.0012374915357285694,0.014583333333333334,0.0,0.0,0.0,0.0,19.18930342942432,19.18930342942432,0.0,0.0,0.0,0.014583333333333334
8.65,50.56659220400933,0.8427765367334888,50.56659220400933,0.6555633819367529,0.8427765367334888,0.01657646074521302,0.014583333333333334,0.0,0.0,0.0019931274118796874,0.014583333333333334,0.0,0.0,0.0,0.0,19.18930342942432,19.18930342942432,0.0,0.0,0.0,0.014583333333333334
8.666666666666666,44.88695290027872,0.748115881671312,44.88695290027872,0.6496255203938391,0.748115881671312,0.014581313199688624,0.014581313199688624,0.0,0.0,0.0,0.014583333333333334,2.0201336447100288e-06,0.0,0.0,0.0,19.18930342942432,19.18930342942432,0.0,0.0,0.0,0.014581313199688624
8.683333333333334,45.479954100455195,0.7579992350075866,45.479954100455195,0.6502756459511153,0.7579992350075866,0.014788732138464135,0.014583333333333334,0.0,0.0,0.0002053988051308013,0.014583333333333334,0.0,0.0,0.0,0.0,19.18930342942432,19.18930342942432,0.0,0.0,0.0,0.014583333333333334
8.7,51.21581928707339,0.8535969881178898,51.21581928707339,0.6562010371216852,0.8535969881178898,0.016805617428350017,0.014583333333333334,0.0,0.0,0.0022222840950166835,0.014583333333333334,0.0,0.0,0.0,0.0,19.18930342942432,19.18930342942432,0.0,0.0,0.0,0.014583333333333334
8.716666666666667,47.96293400636285,0.7993822334393809,47.96293400636285,0.6529214376277386,0.7993822334393809,0.015659579870126405,0.014583333333333334,0.0,0.0,0.0010762465367930713,0.014583333333333334,0.0,0.0,0.0,0.0,19.18930342942432,19.18930342942432,0.0,0.0,0.0,0.014583333333333334
8.733333333333333,52.27141794965165,0.8711902991608608,52.27141794965165,0.6572198245546317,0.8711902991608608,0.017178623929438884,0.014583333333333334,0.0,0.0,0.0025952905961055504,0.014583333333333334,0.0,0.0,0.0,0.0,19.18930342942432,19.18930342942432,0.0,0.0,0.0,0.014583333333333334
8.75,48.169826505746954,0.8028304417624492,48.169826505746954,0.6531363311555564,0.8028304417624492,0.01573230510869249,0.014583333333333334,0.0,0.0,0.0011489717753591575,0.014583333333333334,0.0,0.0,0.0,0.0,19.18930342942432,19.18930342942432,0.0,0.0,0.0,0.014583333333333334
8.766666666666666,53.29042916088613,0.8881738193481021,53.29042916088613,0.6581821599202581,0.8881738193481021,0.017539158799974766,0.014583333333333334,0.0,0.0,0.0029558254666414326,0.014583333333333334,0.0,0.0,0.0,0.0,19.18930342942432,19.18930342942432,0.0,0.0,0.0,0.014583333333333334
8.783333333333333,50.42208862774695,0.8403681437957825,50.42208862774695,0.6554203070396503,0.8403681437957825,0.01652548295328451,0.014583333333333334,0.0,0.0,0.0019421496199511779,0.014583333333333334,0.0,0.0,0.0,0.0,19.18930342942432,19.18930342942432,0.0,0.0,0.0,0.014583333333333334
8.8,51.161114714578815,0.8526852452429803,51.161114714578815,0.6561476328407747,0.8526852452429803,0.016786300786811786,0.014583333333333334,0.0,0.0,0.002202967453478453,0.014583333333333334,0.0,0.0,0.0,0.0,19.18930342942432,19.18930342942432,0.0,0.0,0.0,0.014583333333333334
8.816666666666666,54.90911443788147,0.9151519072980245,54.90911443788147,0.6596681203922393,0.9151519072980245,0.018112707427562574,0.014583333333333334,0.0,0.0,0.0035293740942292408,0.014583333333333334,0.0,0.0,0.0,0.0,19.18930342942432,19.18930342942432,0.0,0.0,0.0,0.014583333333333334
8.833333333333334,50.412011209241626,0.8402001868206938,50.412011209241626,0.6554103136768763,0.8402001868206938,0.016521928232688898,0.014583333333333334,0.0,0.0,0.001938594899355564,0.014583333333333334,0.0,0.0,0.0,0.0,19.18930342942432,19.18930342942432,0.0,0.0,0.0,0.014583333333333334
8.85,49.32070323079782,0.822011720513297,49.32070323079782,0.6543160887897914,0.822011720513297,0.01613727854502333,0.014583333333333334,0.0,0.0,0.0015539452116899964,0.014583333333333334,0.0,0.0,0.0,0.0,19.18930342942432,19.18930342942432,0.0,0.0,0.0,0.014583333333333334
8.866666666666667,51.00119146202416,0.8500198577004027,51.00119146202416,0.6559911676185879,0.8500198577004027,0.016729838552411436,0.014583333333333334,0.0,0.0,0.002146505219078103,0.014583333333333334,0.0,0.0,0.0,0.0,19.18930342942432,19.18930342942432,0.0,0.0,0.0,0.014583333333333334
8.883333333333333,53.77545007589274,0.896257501264879,53.77545007589274,0.6586329098431372,0.896257501264879,0.017710911671971988,0.014583333333333334,0.0,0.0,0.0031275783386386542,0.014583333333333334,0.0,0.0,0.0,0.0,19.18930342942432,19.18930342942432,0.0,0.0,0.0,0.014583333333333334
8.9,48.85128699527537,0.8141881165879229,48.85128699527537,0.6538380915796032,0.8141881165879229,0.015972013331432312,0.014583333333333334,0.0,0.0,0.0013886799980989788,0.014583333333333334,0.0,0.0,0.0,0.0,19.18930342942432,19.18930342942432,0.0,0.0,0.0,0.014583333333333334
8.916666666666666,55.11719799080406,0.9186199665134009,55.11719799080406,0.6598553408380332,0.9186199665134009,0.018186507383868074,0.014583333333333334,0.0,0.0,0.0036031740505347402,0.014583333333333334,0.0,0.0,0.0,0.0,19.18930342942432,19.18930342942432,0.0,0.0,0.0,0.014583333333333334
8.933333333333334,52.37830313161261,0.8729717188602102,52.37830313161261,0.6573217398737543,0.8729717188602102,0.017216420315084763,0.014583333333333334,0.0,0.0,0.00263308698175143,0.014583333333333334,0.0,0.0,0.0,0.0,19.18930342942432,19.18930342942432,0.0,0.0,0.0,0.014583333333333334
8.95,57.35456702859254,0.9559094504765423,57.35456702859254,0.6618136704668119,0.9559094504765423,0.018980916353249135,0.014583333333333334,0.0,0.0,0.004397583019915802,0.014583333333333334,0.0,0.0,0.0,0.0,19.18930342942432,19.18930342942432,0.0,0.0,0.0,0.014583333333333334
8.966666666666667,48.111549181742475,0.8018591530290412,48.111549181742475,0.6530758867168127,0.8018591530290412,0.015711817503343342,0.014583333333333334,0.0,0.0,0.0011284841700100086,0.014583333333333334,0.0,0.0,0.0,0.0,19.18930342942432,19.18930342942432,0.0,0.0,0.0,0.014583333333333334
8.983333333333333,52.901010091947505,0.8816835015324584,52.901010091947505,0.6578168514964118,0.8816835015324584,0.01740132808264067,0.014583333333333334,0.0,0.0,0.0028179947493073357,0.014583333333333334,0.0,0.0,0.0,0.0,19.18930342942432,19.18930342942432,0.0,0.0,0.0,0.014583333333333334
9.0,50.80033966283211,0.8466723277138685,50.80033966283211,0.6557939342270731,0.8466723277138685,0.016658943198099956,0.014583333333333334,0.0,0.0,0.002075609864766622,0.014583333333333334,0.0,0.0,0.0,0.0,19.18930342942432,19.18930342942432,0.0,0.0,0.0,0.014583333333333334
9.016666666666666,53.580833138211624,0.8930138856368603,53.580833138211624,0.6584526094785745,0.8930138856368603,0.017641983897335494,0.014583333333333334,0.0,0.0,0.0030586505640021605,0.014583333333333334,0.0,0.0,0.0,0.0,19.18930342942432,19.18930342942432,0.0,0.0,0.0,0.014583333333333334
9.033333333333333,56.99758591839799,0.9499597653066331,56.99758591839799,0.6615079238315444,0.9499597653066331,0.018854062768421605,0.014583333333333334,0.0,0.0,0.004270729435088272,0.014583333333333334,0.0,0.0,0.0,0.0,19.18930342942432,19.18930342942432,0.0,0.0,0.0,0.014583333333333334
9.05,56.20229114110705,0.9367048523517841,56.20229114110705,0.6608176069871166,0.9367048523517841,0.018571588928422634,0.014583333333333334,0.0,0.0,0.0039882555950893,0.014583333333333334,0.0,0.0,0.0,0.0,19.18930342942432,19.18930342942432,0.0,0.0,0.0,0.014583333333333334
9.066666666666666,56.39632175645318,0.9399386959408864,56.39632175645318,0.6609871924363324,0.9399386959408864,0.01864048723949097,0.014583333333333334,0.0,0.0,0.004057153906157636,0.014583333333333334,0.0,0.0,0.0,0.0,19.18930342942432,19.18930342942432,0.0,0.0,0.0,0.014583333333333334
9.083333333333334,57.07091508531092,0.9511819180885154,57.07091508531092,0.6615709366838742,0.9511819180885154,0.018880117386936193,0.014583333333333334,0.0,0.0,0.00429678405360286,0.014583333333333334,0.0,0.0,0.0,0.0,19.18930342942432,19.18930342942432,0.0,0.0,0.0,0.014583333333333334
9.1,58.526151313679925,0.9754358552279987,58.526151313679925,0.6627991987514423,0.9754358552279987,0.019397482846641025,0.014583333333333334,0.0,0.0,0.004814149513307692,0.014583333333333334,0.0,0.0,0.0,0.0,19.18930342942432,19.18930342942432,0.0,0.0,0.0,0.014583333333333334
9.116666666666667,55.40231545704387,0.9233719242840644,55.40231545704387,0.6601104653340698,0.9233719242840644,0.018287652883755456,0.014583333333333334,0.0,0.0,0.003704319550422122,0.014583333333333334,0.0,0.0,0.0,0.0,19.18930342942432,19.18930342942432,0.0,0.0,0.0,0.014583333333333334
9.133333333333333,60.82760580481862,1.0137934300803102,60.82760580481862,0.6646552353301732,1.0137934300803102,0.020216714996886053,0.014583333333333334,0.0,0.0,0.0056333816635527195,0.014583333333333334,0.0,0.0,0.0,0.0,19.18930342942432,19.18930342942432,0.0,0.0,0.0,0.014583333333333334
9.15,61.11727593716449,1.0186212656194082,61.11727593716449,0.664881337694534,1.0186212656194082,0.02031990008068201,0.014583333333333334,0.0,0.0,0.005736566747348678,0.014583333333333334,0.0,0.0,0.0,0.0,19.18930342942432,19.18930342942432,0.0,0.0,0.0,0.014583333333333334
9.166666666666666,60.70913314597265,1.011818885766211,60.70913314597265,0.664562277818591,1.011818885766211,0.020174517355675423,0.014583333333333334,0.0,0.0,0.005591184022342089,0.014583333333333334,0.0,0.0,0.0,0.0,19.18930342942432,19.18930342942432,0.0,0.0,0.0,0.014583333333333334
9.183333333333334,61.635567848656464,1.0272594641442745,61.635567848656464,0.6652817034570496,1.0272594641442745,0.020504558241772546,0.014583333333333334,0.0,0.0,0.005921224908439212,0.014583333333333334,0.0,0.0,0.0,0.0,19.18930342942432,19.18930342942432,0.0,0.0,0.0,0.014583333333333334
9.2,61.26526010844047,1.0210876684740078,61.26526010844047,0.6649961992553323,1.0210876684740078,0.020372619821233243,0.014583333333333334,0.0,0.0,0.005789286487899909,0.014583333333333334,0.0,0.0,0.0,0.0,19.18930342942432,19.18930342942432,0.0,0.0,0.0,0.014583333333333334
9.216666666666667,66.95720111040727,1.1159533518401212,66.95720111040727,0.6690817344154193,1.1159533518401212,0.0224021603413108,0.014583333333333334,0.0,0.0,0.007818827007977466,0.014583333333333334,0.0,0.0,0.0,0.0,19.18930342942432,19.18930342942432,0.0,0.0,0.0,0.014583333333333334
9.233333333333333,60.90880603888112,1.0151467673146852,60.90880603888112,0.6647187855469419,1.0151467673146852,0.020245638353474992,0.014583333333333334,0.0,0.0,0.005662305020141659,0.014583333333333334,0.0,0.0,0.0,0.0,19.18930342942432,19.18930342942432,0.0,0.0,0.0,0.014583333333333334
9.25,60.63077059576966,1.0105128432628276,60.63077059576966,0.6645006377611709,1.0105128432628276,0.02014660752517261,0.014583333333333334,0.0,0.0,0.005563274191839277,0.014583333333333334,0.0,0.0,0.0,0.0,19.18930342942432,19.18930342942432,0.0,0.0,0.0,0.014583333333333334
9.266666666666666,59.641274155195156,0.9940212359199192,59.641274155195156,0.6637117324818389,0.9940212359199192,0.01979428612709716,0.014583333333333334,0.0,0.0,0.005210952793763827,0.014583333333333334,0.0,0.0,0.0,0.0,19.18930342942432,19.18930342942432,0.0,0.0,0.0,0.014583333333333334
9.283333333333333,59.156074730359705,0.9859345788393284,59.156074730359705,0.6633177376856805,0.9859345788393284,0.01962159899015264,0.014583333333333334,0.0,0.0,0.005038265656819307,0.014583333333333334,0.0,0.0,0.0,0.0,19.18930342942432,19.18930342942432,0.0,0.0,0.0,0.014583333333333334
9.3,58.86764743443518,0.9811274572405863,58.86764743443518,0.6630812957242208,0.9811274572405863,0.01951896986551749,0.014583333333333334,0.0,0.0,0.004935636532184158,0.014583333333333334,0.0,0.0,0.0,0.0,19.18930342942432,19.18930342942432,0.0,0.0,0.0,0.014583333333333334
9.316666666666666,60.36353257693442,1.0060588762822402,60.36353257693442,0.6642895045022027,1.0060588762822402,0.0200514357163388,0.014583333333333334,0.0,0.0,0.005468102383005467,0.014583333333333334,0.0,0.0,0.0,0.0,19.18930342942432,19.18930342942432,0.0,0.0,0.0,0.014583333333333334
9.333333333333334,63.34235701266215,1.0557059502110357,63.34235701266215,0.6665621721061289,1.0557059502110357,0.02111292083042403,0.014583333333333334,0.0,0.0,0.006529587497090695,0.014583333333333334,0.0,0.0,0.0,0.0,19.18930342942432,19.18930342942432,0.0,0.0,0.0,0.014583333333333334
9.35,65.03124002031751,1.0838540003386252,65.03124002031751,0.6677718582548337,1.0838540003386252,0.02171518751524329,0.014583333333333334,0.0,0.0,0.007131854181909956,0.014583333333333334,0.0,0.0,0.0,0.0,19.18930342942432,19.18930342942432,0.0,0.0,0.0,0.014583333333333334
9.366666666666667,64.52075081854274,1.0753458469757122,64.52075081854274,0.6674122287752007,1.0753458469757122,0.02153312236526301,0.014583333333333334,0.0,0.0,0.0069497890319296755,0.014583333333333334,0.0,0.0,0.0,0.0,19.18930342942432,19.18930342942432,0.0,0.0,0.0,0.014583333333333334
9.383333333333333,62.2707621763241,1.0378460362720683,62.2707621763241,0.6657650461324451,1.0378460362720683,0.020730921518663334,0.014583333333333334,0.0,0.0,0.00614758818533,0.014583333333333334,0.0,0.0,0.0,0.0,19.18930342942432,19.18930342942432,0.0,0.0,0.0,0.014583333333333334
9.4,68.07294446388138,1.134549074398023,68.07294446388138,0.669806631247936,1.134549074398023,0.02280013481872199,0.014583333333333334,0.0,0.0,0.008216801485388656,0.014583333333333334,0.0,0.0,0.0,0.0,19.18930342942432,19.18930342942432,0.0,0.0,0.0,0.014583333333333334
9.416666666666666,67.9544548508497,1.1325742475141616,67.9544548508497,0.6697308303609377,1.1325742475141616,0.022757872524244632,0.014583333333333334,0.0,0.0,0.008174539190911299,0.014583333333333334,0.0,0.0,0.0,0.0,19.18930342942432,19.18930342942432,0.0,0.0,0.0,0.014583333333333334
9.433333333333334,65.39503849044456,1.089917308174076,65.39503849044456,0.6680249663892219,1.089917308174076,0.02184494368916947,0.014583333333333334,0.0,0.0,0.0072616103558361365,0.014583333333333334,0.0,0.0,0.0,0.0,19.18930342942432,19.18930342942432,0.0,0.0,0.0,0.014583333333333334
9.45,64.14487326744457,1.069081221124076,64.14487326744457,0.667144098869924,1.069081221124076,0.021399076744241817,0.014583333333333334,0.0,0.0,0.006815743410908483,0.014583333333333334,0.0,0.0,0.0,0.0,19.18930342942432,19.18930342942432,0.0,0.0,0.0,0.014583333333333334
9.466666666666667,68.52566372225539,1.142094395370923,68.52566372225539,0.6700936615587545,1.142094395370923,0.02296160261745676,0.014583333333333334,0.0,0.0,0.008378269284123427,0.014583333333333334,0.0,0.0,0.0,0.0,19.18930342942432,19.18930342942432,0.0,0.0,0.0,0.014583333333333334
9.483333333333333,67.71313990160677,1.128552331693446,67.71313990160677,0.6695755866498678,1.128552331693446,0.022671799866748134,0.014583333333333334,0.0,0.0,0.008088466533414801,0.014583333333333334,0.0,0.0,0.0,0.0,19.18930342942432,19.18930342942432,0.0,0.0,0.0,0.014583333333333334
9.5,62.58223567006034,1.0430372611676724,62.58223567006034,0.665999109125491,1.0430372611676724,0.02084194079575043,0.014583333333333334,0.0,0.0,0.006258607462417097,0.014583333333333334,0.0,0.0,0.0,0.0,19.18930342942432,19.18930342942432,0.0,0.0,0.0,0.014583333333333334
9.516666666666666,67.62003411917406,1.127000568652901,67.62003411917406,0.6695153780955655,1.127000568652901,0.02263859021408834,0.014583333333333334,0.0,0.0,0.008055256880755007,0.014583333333333334,0.0,0.0,0.0,0.0,19.18930342942432,19.18930342942432,0.0,0.0,0.0,0.014583333333333334
9.533333333333333,69.12668506172002,1.1521114176953338,69.12668506172002,0.6704683842472179,1.1521114176953338,0.023175946015450408,0.014583333333333334,0.0,0.0,0.008592612682117074,0.014583333333333334,0.0,0.0,0.0,0.0,19.18930342942432,19.18930342942432,0.0,0.0,0.0,0.014583333333333334
9.55,65.52688105015527,1.0921146841692544,65.52688105015527,0.6681160406986986,1.0921146841692544,0.021891969360218182,0.014583333333333334,0.0,0.0,0.007308636026884849,0.014583333333333334,0.0,0.0,0.0,0.0,19.18930342942432,19.18930342942432,0.0,0.0,0.0,0.014583333333333334
9.566666666666666,69.64770063541994,1.1607950105903322,69.64770063541994,0.6707873792328292,1.1607950105903322,0.02336173546295929,0.014583333333333334,0.0,0.0,0.008778402129625957,0.014583333333333334,0.0,0.0,0.0,0.0,19.18930342942432,19.18930342942432,0.0,0.0,0.0,0.014583333333333334
9.583333333333334,64.3246923762549,1.072078206270915,64.3246923762549,0.6672727242595116,1.072078206270915,0.021463202679797302,0.014583333333333334,0.0,0.0,0.006879869346463969,0.014583333333333334,0.0,0.0,0.0,0.0,19.18930342942432,19.18930342942432,0.0,0.0,0.0,0.014583333333333334
9.6,74.40717067781698,1.2401195112969496,74.40717067781698,0.6734500708728561,1.2401195112969496,0.025057262909503226,0.014583333333333334,0.0,0.0,0.010473929576169893,0.014583333333333334,0.0,0.0,0.0,0.0,19.18930342942432,19.18930342942432,0.0,0.0,0.0,0.014583333333333334
9.616666666666667,74.49803819846652,1.2416339699744419,74.49803819846652,0.6734964994427313,1.2416339699744419,0.02508959293030207,0.014583333333333334,0.0,0.0,0.010506259596968735,0.014583333333333334,0.0,0.0,0.0,0.0,19.18930342942432,19.18930342942432,0.0,0.0,0.0,0.014583333333333334
9.633333333333333,69.60621233631896,1.1601035389386494,69.60621233631896,0.6707621767145507,1.1601035389386494,0.023346941943976657,0.014583333333333334,0.0,0.0,0.008763608610643323,0.014583333333333334,0.0,0.0,0.0,0.0,19.18930342942432,19.18930342942432,0.0,0.0,0.0,0.014583333333333334
9.65,72.15641764855144,1.2026069608091907,72.15641764855144,0.672247349218381,1.2026069608091907,0.02425590583725028,0.014583333333333334,0.0,0.0,0.009672572503916947,0.014583333333333334,0.0,0.0,0.0,0.0,19.18930342942432,19.18930342942432,0.0,0.0,0.0,0.014583333333333334
9.666666666666666,62.65524801868426,1.0442541336447377,62.65524801868426,0.6660536949945401,1.0442541336447377,0.020867966523474345,0.014583333333333334,0.0,0.0,0.006284633190141012,0.014583333333333334,0.0,0.0,0.0,0.0,19.18930342942432,19.18930342942432,0.0,0.0,0.0,0.014583333333333334
9.683333333333334,67.46833570692458,1.1244722617820764,67.46833570692458,0.6694169081832264,1.1244722617820764,0.022584480792677983,0.014583333333333334,0.0,0.0,0.00800114745934465,0.014583333333333334,0.0,0.0,0.0,0.0,19.18930342942432,19.18930342942432,0.0,0.0,0.0,0.014583333333333334
9.7,70.9190110433473,1.1819835173891216,70.9190110433473,0.6715429608130304,1.1819835173891216,0.023814962823273052,0.014583333333333334,0.0,0.0,0.009231629489939719,0.014583333333333334,0.0,0.0,0.0,0.0,19.18930342942432,19.18930342942432,0.0,0.0,0.0,0.014583333333333334
9.716666666666667,68.46438403066429,1.1410730671777383,68.46438403066429,0.6700550492543458,1.1410730671777383,0.022939747081625765,0.014583333333333334,0.0,0.0,0.008356413748292432,0.014583333333333334,0.0,0.0,0.0,0.0,19.18930342942432,19.18930342942432,0.0,0.0,0.0,0.014583333333333334
9.733333333333333,75.30407043617338,1.2550678406028897,75.30407043617338,0.6739011106297852,1.2550678406028897,0.02537628597953836,0.014583333333333334,0.0,0.0,0.010792952646205025,0.014583333333333334,0.0,0.0,0.0,0.0,19.18930342942432,19.18930342942432,0.0,0.0,0.0,0.014583333333333334
9.75,80.3670750464281,1.3394512507738017,80.3670750464281,0.6761454825776742,1.3394512507738017,0.02717263463377502,0.014583333333333334,0.0,0.0,0.012589301300441686,0.014583333333333334,0.0,0.0,0.0,0.0,19.18930342942432,19.18930342942432,0.0,0.0,0.0,0.014583333333333334
9.766666666666666,69.11128034947667,1.151854672491278,69.11128034947667,0.6704588699835138,1.151854672491278,0.023170452508362815,0.014583333333333334,0.0,0.0,0.008587119175029481,0.014583333333333334,0.0,0.0,0.0,0.0,19.18930342942432,19.18930342942432,0.0,0.0,0.0,0.014583333333333334
9.783333333333333,70.70112822303105,1.1783521370505174,70.70112822303105,0.6714157611259673,1.1783521370505174,0.023737299639129416,0.014583333333333334,0.0,0.0,0.009153966305796082,0.014583333333333334,0.0,0.0,0.0,0.0,19.18930342942432,19.18930342942432,0.0,0.0,0.0,0.014583333333333334
9.8,75.02192782790692,1.2503654637984487,75.02192782790692,0.6737609591056571,1.2503654637984487,0.025275950618704853,0.014583333333333334,0.0,0.0,0.01069261728537152,0.014583333333333334,0.0,0.0,0.0,0.0,19.18930342942432,19.18930342942432,0.0,0.0,0.0,0.014583333333333334
9.816666666666666,80.50718523597278,1.3417864205995464,80.50718523597278,0.6762003017257533,1.3417864205995464,0.027222213695197475,0.014583333333333334,0.0,0.0,0.012638880361864141,0.014583333333333334,0.0,0.0,0.0,0.0,19.18930342942432,19.18930342942432,0.0,0.0,0.0,0.014583333333333334
9.833333333333334,70.28462111840504,1.1714103519734174,70.28462111840504,0.6711699625792327,1.1714103519734174,0.02358882214518225,0.014583333333333334,0.0,0.0,0.009005488811848917,0.014583333333333334,0.0,0.0,0.0,0.0,19.18930342942432,19.18930342942432,0.0,0.0,0.0,0.014583333333333334
9.85,76.14938663660288,1.2691564439433813,76.14938663660288,0.6743114824218975,1.2691564439433813,0.02567677057128009,0.014583333333333334,0.0,0.0,0.011093437237946757,0.014583333333333334,0.0,0.0,0.0,0.0,19.18930342942432,19.18930342942432,0.0,0.0,0.0,0.014583333333333334
9.866666666666667,82.44520903463314,1.3740868172438856,82.44520903463314,0.6769182931416228,1.3740868172438856,0.027907125801294213,0.014583333333333334,0.0,0.0,0.01332379246796088,0.014583333333333334,0.0,0.0,0.0,0.0,19.18930342942432,19.18930342942432,0.0,0.0,0.0,0.014583333333333334
9.883333333333333,69.64380418770453,1.1607300697950755,69.64380418770453,0.6707850137580558,1.1607300697950755,0.023360346109717336,0.014583333333333334,0.0,0.0,0.008777012776384003,0.014583333333333334,0.0,0.0,0.0,0.0,19.18930342942432,19.18930342942432,0.0,0.0,0.0,0.014583333333333334
9.9,71.37611082341098,1.1896018470568497,71.37611082341098,0.6718067296840635,1.1896018470568497,0.023977873582279742,0.014583333333333334,0.0,0.0,0.009394540248946408,0.014583333333333334,0.0,0.0,0.0,0.0,19.18930342942432,19.18930342942432,0.0,0.0,0.0,0.014583333333333334
9.916666666666666,74.98406468302295,1.2497344113837159,74.98406468302295,0.6737420298021682,1.2497344113837159,0.02526248421960044,0.014583333333333334,0.0,0.0,0.010679150886267107,0.014583333333333334,0.0,0.0,0.0,0.0,19.18930342942432,19.18930342942432,0.0,0.0,0.0,0.014583333333333334
9.933333333333334,74.94753440839722,1.249125573473287,74.94753440839722,0.6737237396778156,1.249125573473287,0.02524949152978155,0.014583333333333334,0.0,0.0,0.010666158196448217,0.014583333333333334,0.0,0.0,0.0,0.0,19.18930342942432,19.18930342942432,0.0,0.0,0.0,0.014583333333333334
9.95,80.43294504944207,1.3405490841573677,80.43294504944207,0.6761713036056185,1.3405490841573677,0.027195944247884952,0.014583333333333334,0.0,0.0,0.012612610914551618,0.014583333333333334,0.0,0.0,0.0,0.0,19.18930342942432,19.18930342942432,0.0,0.0,0.0,0.014583333333333334
9.966666666666667,78.57072934116836,1.3095121556861393,78.57072934116836,0.6754078635903055,1.3095121556861393,0.026536297852310556,0.014583333333333334,0.0,0.0,0.011952964518977222,0.014583333333333334,0.0,0.0,0.0,0.0,19.18930342942432,19.18930342942432,0.0,0.0,0.0,0.014583333333333334
9.983333333333333,71.05116954241205,1.184186159040201,71.05116954241205,0.6716196521513783,1.184186159040201,0.02386206709322102,0.014583333333333334,0.0,0.0,0.009278733759887685,0.014583333333333334,0.0,0.0,0.0,0.0,19.18930342942432,19.18930342942432,0.0,0.0,0.0,0.014583333333333334
10.0,80.32528728754293,1.3387547881257156,80.32528728754293,0.6761290567968229,1.3387547881257156,0.02715784614994511,0.014583333333333334,0.0,0.0,0.012574512816611778,0.014583333333333334,0.0,0.0,0.0,0.0,19.18930342942432,19.18930342942432,0.0,0.0,0.0,0.014583333333333334
10.016666666666666,76.37072005606188,1.272845334267698,76.37072005606188,0.6744165712933101,1.272845334267698,0.02575541512521777,0.014583333333333334,0.0,0.0,0.011172081791884437,0.014583333333333334,0.0,0.0,0.0,0.0,19.18930342942432,19.18930342942432,0.0,0.0,0.0,0.014583333333333334
10.033333333333333,84.00648391570311,1.4001080652617186,84.00648391570311,0.6774420744326134,1.4001080652617186,0.02845760912573452,0.014583333333333334,0.0,0.0,0.013874275792401185,0.014583333333333334,0.0,0.0,0.0,0.0,19.18930342942432,19.18930342942432,0.0,0.0,0.0,0.014583333333333334
10.05,76.81597959966044,1.2802663266610073,76.81597959966044,0.6746250119807664,1.2802663266610073,0.025913581937061322,0.014583333333333334,0.0,0.0,0.011330248603727989,0.014583333333333334,0.0,0.0,0.0,0.0,19.18930342942432,19.18930342942432,0.0,0.0,0.0,0.014583333333333334
10.066666666666666,77.09816088477781,1.2849693480796303,77.09816088477781,0.6747550576514049,1.2849693480796303,0.026013788375150285,0.014583333333333334,0.0,0.0,0.011430455041816952,0.014583333333333334,0.0,0.0,0.0,0.0,19.18930342942432,19.18930342942432,0.0,0.0,0.0,0.014583333333333334
10.083333333333334,82.12277427091537,1.3687129045152562,82.12277427091537,0.6768040480023136,1.3687129045152562,0.0277932923591038,0.014583333333333334,0.0,0.0,0.013209959025770466,0.014583333333333334,0.0,0.0,0.0,0.0,19.18930342942432,19.18930342942432,0.0,0.0,0.0,0.014583333333333334
10.1,83.34624324395115,1.3891040540658526,83.34624324395115,0.6772265238591036,1.3891040540658526,0.02822496579098727,0.014583333333333334,0.0,0.0,0.013641632457653936,0.014583333333333334,0.0,0.0,0.0,0.0,19.18930342942432,19.18930342942432,0.0,0.0,0.0,0.014583333333333334
10.116666666666667,82.41199464277729,1.3735332440462882,82.41199464277729,0.6769066206755431,1.3735332440462882,0.027895401938580526,0.014583333333333334,0.0,0.0,0.013312068605247192,0.014583333333333334,0.0,0.0,0.0,0.0,19.18930342942432,19.18930342942432,0.0,0.0,0.0,0.014583333333333334
10.133333333333333,74.10578957997929,1.2350964929996548,74.10578957997929,0.6732948986672369,1.2350964929996548,0.024950020044958367,0.014583333333333334,0.0,0.0,0.010366686711625033,0.014583333333333334,0.0,0.0,0.0,0.0,19.18930342942432,19.18930342942432,0.0,0.0,0.0,0.014583333333333334
10.15,83.42997797571647,1.390499632928608,83.42997797571647,0.6772543437011477,1.390499632928608,0.028254482937766306,0.014583333333333334,0.0,0.0,0.013671149604432973,0.014583333333333334,0.0,0.0,0.0,0.0,19.18930342942432,19.18930342942432,0.0,0.0,0.0,0.014583333333333334
10.166666666666666,77.34243968059991,1.2890406613433318,77.34243968059991,0.6748663496037275,1.2890406613433318,0.026100515019848457,0.014583333333333334,0.0,0.0,0.011517181686515124,0.014583333333333334,0.0,0.0,0.0,0.0,19.18930342942432,19.18930342942432,0.0,0.0,0.0,0.014583333333333334
10.183333333333334,82.83738264289863,1.3806230440483105,82.83738264289863,0.6770544456545373,1.3806230440483105,0.02804551364374464,0.014583333333333334,0.0,0.0,0.013462180310411305,0.014583333333333334,0.0,0.0,0.0,0.0,19.18930342942432,19.18930342942432,0.0,0.0,0.0,0.014583333333333334
10.2,76.33538816624868,1.2722564694374778,76.33538816624868,0.6743998614675788,1.2722564694374778,0.02574286188838482,0.014583333333333334,0.0,0.0,0.011159528555051486,0.014583333333333334,0.0,0.0,0.0,0.0,19.18930342942432,19.18930342942432,0.0,0.0,0.0,0.014583333333333334
10.216666666666667,84.33644191894453,1.4056073653157422,84.33644191894453,0.6775465294824141,1.4056073653157422,0.028573789144452473,0.014583333333333334,0.0,0.0,0.01399045581111914,0.014583333333333334,0.0,0.0,0.0,0.0,19.18930342942432,19.18930342942432,0.0,0.0,0.0,0.014583333333333334
10.233333333333333,79.4633656005026,1.3243894266750433,79.4633656005026,0.6757824664754138,1.3243894266750433,0.026852659865959198,0.014583333333333334,0.0,0.0,0.012269326532625864,0.014583333333333334,0.0,0.0,0.0,0.0,19.18930342942432,19.18930342942432,0.0,0.0,0.0,0.014583333333333334
10.25,77.77806315164794,1.2963010525274656,77.77806315164794,0.6750618552270786,1.2963010525274656,0.026255127316291805,0.014583333333333334,0.0,0.0,0.011671793982958471,0.014583333333333334,0.0,0.0,0.0,0.0,19.18930342942432,19.18930342942432,0.0,0.0,0.0,0.014583333333333334
10.266666666666666,86.38782164610899,1.4397970274351497,86.38782164610899,0.6781470860046187,1.4397970274351497,0.02929475423322109,0.014583333333333334,0.0,0.0,0.014711420899887757,0.014583333333333334,0.0,0.0,0.0,0.0,19.18930342942432,19.18930342942432,0.0,0.0,0.0,0.014583333333333334
10.283333333333333,84.72286458927336,1.412047743154556,84.72286458927336,0.6776660913364233,1.412047743154556,0.0287097772242414,0.014583333333333334,0.0,0.0,0.014126443890908065,0.014583333333333334,0.0,0.0,0.0,0.0,19.18930342942432,19.18930342942432,0.0,0.0,0.0,0.014583333333333334
10.3,81.43081003758941,1.3571801672931567,81.43081003758941,0.6765518518413991,1.3571801672931567,0.027548837547692922,0.014583333333333334,0.0,0.0,0.012965504214359588,0.014583333333333334,0.0,0.0,0.0,0.0,19.18930342942432,19.18930342942432,0.0,0.0,0.0,0.014583333333333334
10.316666666666666,90.4230445427233,1.5070507423787216,90.4230445427233,0.6790828192416934,1.5070507423787216,0.030705438550099894,0.014583333333333334,0.0,0.0,0.01612210521676656,0.014583333333333334,0.0,0.0,0.0,0.0,19.18930342942432,19.18930342942432,0.0,0.0,0.0,0.014583333333333334
10.333333333333334,82.73572525209667,1.378928754201611,82.73572525209667,0.6770194481742892,1.378928754201611,0.028009648492086255,0.014583333333333334,0.0,0.0,0.013426315158752922,0.014583333333333334,0.0,0.0,0.0,0.0,19.18930342942432,19.18930342942432,0.0,0.0,0.0,0.014583333333333334
10.35,85.027419547027,1.4171236591171166,85.027419547027,0.6777582183457925,1.4171236591171166,0.02881689788115473,0.014583333333333334,0.0,0.0,0.014233564547821397,0.014583333333333334,0.0,0.0,0.0,0.0,19.18930342942432,19.18930342942432,0.0,0.0,0.0,0.014583333333333334
10.366666666666667,86.32556253628803,1.4387593756048005,86.32556253628803,0.6781300976005104,1.4387593756048005,0.029272908364912475,0.014583333333333334,0.0,0.0,0.014689575031579142,0.014583333333333334,0.0,0.0,0.0,0.0,19.18930342942432,19.18930342942432,0.0,0.0,0.0,0.014583333333333334
10.383333333333333,82.81897056628017,1.3803161761046696,82.81897056628017,0.6770481222759765,1.3803161761046696,0.0280390181571804,0.014583333333333334,0.0,0.0,0.013455684823847066,0.014583333333333334,0.0,0.0,0.0,0.0,19.18930342942432,19.18930342942432,0.0,0.0,0.0,0.014583333333333334
10.4,87.7714413850974,1.46285735641829,87.7714413850974,0.678504623542019,1.46285735641829,0.029779642361604117,0.014583333333333334,0.0,0.0,0.015196309028270783,0.014583333333333334,0.0,0.0,0.0,0.0,19.18930342942432,19.18930342942432,0.0,0.0,0.0,0.014583333333333334
10.416666666666666,83.73867539965617,1.3956445899942695,83.73867539965617,0.6773556932224226,1.3956445899942695,0.02836327058948972,0.014583333333333334,0.0,0.0,0.013779937256156387,0.014583333333333334,0.0,0.0,0.0,0.0,19.18930342942432,19.18930342942432,0.0,0.0,0.0,0.014583333333333334
10.433333333333334,84.53651789582545,1.4089419649304242,84.53651789582545,0.6776088072121388,1.4089419649304242,0.02864420894952391,0.014583333333333334,0.0,0.0,0.014060875616190575,0.014583333333333334,0.0,0.0,0.0,0.0,19.18930342942432,19.18930342942432,0.0,0.0,0.0,0.014583333333333334
10.45,92.4897475126372,1.5414957918772865,92.4897475126372,0.6794359610757607,1.5414957918772865,0.03142357260271182,0.014583333333333334,0.0,0.0,0.016840239269378488,0.014583333333333334,0.0,0.0,0.0,0.0,19.18930342942432,19.18930342942432,0.0,0.0,0.0,0.014583333333333334
10.466666666666667,82.3453829734942,1.3724230495582366,82.3453829734942,0.6768831449764742,1.3724230495582366,0.02787188808950443,0.014583333333333334,0.0,0.0,0.013288554756171096,0.014583333333333334,0.0,0.0,0.0,0.0,19.18930342942432,19.18930342942432,0.0,0.0,0.0,0.014583333333333334
10.483333333333333,76.62503232154938,1.277083872025823,76.62503232154938,0.6745361088603139,1.277083872025823,0.02584576014775163,0.014583333333333334,0.0,0.0,0.011262426814418296,0.014583333333333334,0.0,0.0,0.0,0.0,19.18930342942432,19.18930342942432,0.0,0.0,0.0,0.014583333333333334
10.5,94.44733098866877,1.5741221831444794,94.44733098866877,0.6796916786685061,1.5741221831444794,0.032100742546978846,0.014583333333333334,0.0,0.0,0.017517409213645512,0.014583333333333334,0.0,0.0,0.0,0.0,19.18930342942432,19.18930342942432,0.0,0.0,0.0,0.014583333333333334
10.516666666666666,98.84980960543604,1.6474968267572672,98.84980960543604,0.6799867706205626,1.6474968267572672,0.033611642569285886,0.014583333333333334,0.0,0.0,0.019028309235952553,0.014583333333333334,0.0,0.0,0.0,0.0,19.18930342942432,19.18930342942432,0.0,0.0,0.0,0.014583333333333334
10.533333333333333,86.15713860825537,1.4359523101375895,86.15713860825537,0.6780837518848896,1.4359523101375895,0.02921379927950409,0.014583333333333334,0.0,0.0,0.014630465946170755,0.014583333333333334,0.0,0.0,0.0,0.0,19.18930342942432,19.18930342942432,0.0,0.0,0.0,0.014583333333333334
10.55,79.65978414117949,1.327663069019658,79.65978414117949,0.6758627561881659,1.327663069019658,0.02692223285679164,0.014583333333333334,0.0,0.0,0.012338899523458305,0.014583333333333334,0.0,0.0,0.0,0.0,19.18930342942432,19.18930342942432,0.0,0.0,0.0,0.014583333333333334
10.566666666666666,87.08783196200649,1.4514638660334416,87.08783196200649,0.6783327591655862,1.4514638660334416,0.02954021869413781,0.014583333333333334,0.0,0.0,0.014956885360804476,0.014583333333333334,0.0,0.0,0.0,0.0,19.18930342942432,19.18930342942432,0.0,0.0,0.0,0.014583333333333334
10.583333333333334,87.44865410346144,1.457477568391024,87.44865410346144,0.6784246371618545,1.457477568391024,0.029666627377954467,0.014583333333333334,0.0,0.0,0.015083294044621134,0.014583333333333334,0.0,0.0,0.0,0.0,19.18930342942432,19.18930342942432,0.0,0.0,0.0,0.014583333333333334
10.6,88.12803842012679,1.4688006403354463,88.12803842012679,0.6785905652824602,1.4688006403354463,0.029904418146188723,0.014583333333333334,0.0,0.0,0.01532108481285539,0.014583333333333334,0.0,0.0,0.0,0.0,19.18930342942432,19.18930342942432,0.0,0.0,0.0,0.014583333333333334
10.616666666666667,84.25788581471176,1.4042980969118626,84.25788581471176,0.6775218584097735,1.4042980969118626,0.02854613430486149,0.014583333333333334,0.0,0.0,0.013962800971528157,0.014583333333333334,0.0,0.0,0.0,0.0,19.18930342942432,19.18930342942432,0.0,0.0,0.0,0.014583333333333334
10.633333333333333,92.06723011199261,1.5344538351998769,92.06723011199261,0.6793707116190393,1.5344538351998769,0.03127701752074121,0.014583333333333334,0.0,0.0,0.016693684187407878,0.014583333333333334,0.0,0.0,0.0,0.0,19.18930342942432,19.18930342942432,0.0,0.0,0.0,0.014583333333333334
10.65,92.07424300749462,1.534570716791577,92.07424300749462,0.6793718237609576,1.534570716791577,0.03127945114181979,0.014583333333333334,0.0,0.0,0.016696117808486458,0.014583333333333334,0.0,0.0,0.0,0.0,19.18930342942432,19.18930342942432,0.0,0.0,0.0,0.014583333333333334
10.666666666666666,83.24323147280768,1.3873871912134612,83.24323147280768,0.677192107085261,1.3873871912134612,0.028188648525680943,0.014583333333333334,0.0,0.0,0.01360531519234761,0.014583333333333334,0.0,0.0,0.0,0.0,19.18930342942432,19.18930342942432,0.0,0.0,0.0,0.014583333333333334
10.683333333333334,93.36066651909304,1.5560111086515507,93.36066651909304,0.6795591925092931,1.5560111086515507,0.031725222098131944,0.014583333333333334,0.0,0.0,0.01714188876479861,0.014583333333333334,0.0,0.0,0.0,0.0,19.18930342942432,19.18930342942432,0.0,0.0,0.0,0.014583333333333334
10.7,99.728805162906,1.6621467527151,99.728805162906,0.6799992645336034,1.6621467527151,0.03391114819661522,0.014583333333333334,0.0,0.0,0.019327814863281886,0.014583333333333334,0.0,0.0,0.0,0.0,19.18930342942432,19.18930342942432,0.0,0.0,0.0,0.014583333333333334
10.716666666666667,91.46187903917365,1.5243646506528943,91.46187903917365,0.679271004904583,1.5243646506528943,0.031066807923492805,0.014583333333333334,0.0,0.0,0.01648347459015947,0.014583333333333334,0.0,0.0,0.0,0.0,19.18930342942432,19.18930342942432,0.0,0.0,0.0,0.014583333333333334
10.733333333333333,89.3823384922564,1.4897056415376067,89.3823384922564,0.6788726526410699,1.4897056415376067,0.0303426468804381,0.014583333333333334,0.0,0.0,0.015759313547104765,0.014583333333333334,0.0,0.0,0.0,0.0,19.18930342942432,19.18930342942432,0.0,0.0,0.0,0.014583333333333334
10.75,90.49944799445814,1.508324133240969,90.49944799445814,0.6790973951159,1.508324133240969,0.030732042900521738,0.014583333333333334,0.0,0.0,0.016148709567188405,0.014583333333333334,0.0,0.0,0.0,0.0,19.18930342942432,19.18930342942432,0.0,0.0,0.0,0.014583333333333334
10.766666666666666,94.18569466360783,1.5697615777267973,94.18569466360783,0.679661938534552,1.5697615777267973,0.03201041695034059,0.014583333333333334,0.0,0.0,0.017427083617007257,0.014583333333333334,0.0,0.0,0.0,0.0,19.18930342942432,19.18930342942432,0.0,0.0,0.0,0.014583333333333334
10.783333333333333,83.67367656936787,1.3945612761561312,83.67367656936787,0.677334511632384,1.3945612761561312,0.028340368464645885,0.014583333333333334,0.0,0.0,0.013757035131312552,0.014583333333333334,0.0,0.0,0.0,0.0,19.18930342942432,19.18930342942432,0.0,0.0,0.0,0.014583333333333334
10.8,92.57758797620873,1.542959799603479,92.57758797620873,0.6794490779974909,1.542959799603479,0.031454023799213235,0.014583333333333334,0.0,0.0,0.0168706904658799,0.014583333333333334,0.0,0.0,0.0,0.0,19.18930342942432,19.18930342942432,0.0,0.0,0.0,0.014583333333333334
10.816666666666666,90.2458052231578,1.5040967537192966,90.2458052231578,0.6790485568425543,1.5040967537192966,0.030643706269566737,0.014583333333333334,0.0,0.0,0.016060372936233403,0.014583333333333334,0.0,0.0,0.0,0.0,19.18930342942432,19.18930342942432,0.0,0.0,0.0,0.014583333333333334
10.833333333333334,100.78394772274636,1.6797324620457728,100.0,0.68,1.6666666666666667,0.034003400340034004,0.014583333333333334,0.0,0.00027133847240664064,0.01914872853429403,0.014583333333333334,0.0,0.0013753468820111596,0.0013753468820111596,0.0,19.19067877630633,19.19067877630633,0.013065795379106016,0.0,0.0,0.014583333333333334
10.85,91.66899557212133,1.5278165928686889,91.66899557212133,0.6793059436522267,1.5278165928686889,0.031138760646450485,0.014583333333333334,0.0,0.0,0.01655542731311715,0.014583333333333334,0.0,0.0,0.0,0.0,19.19067877630633,19.19067877630633,0.0,0.0,0.0,0.014583333333333334
10.866666666666667,100.4153982953577,1.673589971589295,100.0,0.68,1.6666666666666667,0.034003400340034004,0.014583333333333334,0.0,0.0001437768560737911,0.01927629015062688,0.014583333333333334,0.0,0.0007287689392240285,0.0007287689392240285,0.0,19.191407545245557,19.191407545245557,0.006923304922628271,0.0,0.0,0.014583333333333334
10.883333333333333,87.7681202172477,1.462802003620795,87.7681202172477,0.678503811169803,1.462802003620795,0.029778479881294128,0.014583333333333334,0.0,0.0,0.015195146547960794,0.014583333333333334,0.0,0.0,0.0,0.0,19.191407545245557,19.191407545245557,0.0,0.0,0.0,0.014583333333333334
10.9,95.83438835811306,1.597239805968551,95.83438835811306,0.6798264767964898,1.597239805968551,0.0325786351602373,0.014583333333333334,0.0,0.0,0.017995301826903964,0.014583333333333334,0.0,0.0,0.0,0.0,19.191407545245557,19.191407545245557,0.0,0.0,0.0,0.014583333333333334
10.916666666666666,94.79388575856278,1.5798980959760462,94.79388575856278,0.6797289637450511,1.5798980959760462,0.03222029689770709,0.014583333333333334,0.0,0.0,0.017636963564373758,0.014583333333333334,0.0,0.0,0.0,0.0,19.191407545245557,19.191407545245557,0.0,0.0,0.0,0.014583333333333334
10.933333333333334,89.44115243702514,1.490685873950419,89.44115243702514,0.6788851073814186,1.490685873950419,0.03036316950521434,0.014583333333333334,0.0,0.0,0.015779836171881008,0.014583333333333334,0.0,0.0,0.0,0.0,19.191407545245557,19.191407545245557,0.0,0.0,0.0,0.014583333333333334
10.95,94.53269557134745,1.5755449261891241,94.53269557134745,0.6797010858228444,1.5755449261891241,0.03213020093289592,0.014583333333333334,0.0,0.0,0.017546867599562584,0.014583333333333334,0.0,0.0,0.0,0.0,19.191407545245557,19.191407545245557,0.0,0.0,0.0,0.014583333333333334
10.966666666666667,99.58871373189736,1.6598118955316226,99.58871373189736,0.6799983084360568,1.6598118955316226,0.03386346478498495,0.014583333333333334,0.0,0.0,0.019280131451651614,0.014583333333333334,0.0,0.0,0.0,0.0,19.191407545245557,19.191407545245557,0.0,0.0,0.0,0.014583333333333334
10.983333333333333,92.56464003236775,1.5427440005394624,92.56464003236775,0.6794471542215174,1.5427440005394624,0.03144953557932364,0.014583333333333334,0.0,0.0,0.016866202245990305,0.014583333333333334,0.0,0.0,0.0,0.0,19.191407545245557,19.191407545245557,0.0,0.0,0.0,0.014583333333333334
11.0,86.30107726419368,1.4383512877365614,86.30107726419368,0.6781233951587842,1.4383512877365614,0.029264316191746964,0.014583333333333334,0.0,0.0,0.01468098285841363,0.014583333333333334,0.0,0.0,0.0,0.0,19.191407545245557,19.191407545245557,0.0,0.0,0.0,0.014583333333333334
11.016666666666666,94.37968854014328,1.572994809002388,94.37968854014328,0.6796841209909421,1.572994809002388,0.032077395561959286,0.014583333333333334,0.0,0.0,0.017494062228625953,0.014583333333333334,0.0,0.0,0.0,0.0,19.191407545245557,19.191407545245557,0.0,0.0,0.0,0.014583333333333334
11.033333333333333,90.37513876870241,1.506252312811707,90.37513876870241,0.6790736204627827,1.506252312811707,0.0306887552172663,0.014583333333333334,0.0,0.0,0.016105421883932967,0.014583333333333334,0.0,0.0,0.0,0.0,19.191407545245557,19.191407545245557,0.0,0.0,0.0,0.014583333333333334
11.05,93.20262358550383,1.5533770597583971,93.20262358550383,0.6795379567387966,1.5533770597583971,0.031670527249719194,0.014583333333333334,0.0,0.0,0.01708719391638586,0.014583333333333334,0.0,0.0,0.0,0.0,19.191407545245557,19.191407545245557,0.0,0.0,0.0,0.014583333333333334
11.066666666666666,94.61537653961724,1.576922942326954,94.61537653961724,0.679710058301899,1.576922942326954,0.032158727424742156,0.014583333333333334,0.0,0.0,0.017575394091408823,0.014583333333333334,0.0,0.0,0.0,0.0,19.191407545245557,19.191407545245557,0.0,0.0,0.0,0.014583333333333334
11.083333333333334,87.06020258313505,1.451003376385584,87.06020258313505,0.678325616428105,1.451003376385584,0.029530535845364927,0.014583333333333334,0.0,0.0,0.014947202512031594,0.014583333333333334,0.0,0.0,0.0,0.0,19.191407545245557,19.191407545245557,0.0,0.0,0.0,0.014583333333333334
11.1,87.64591183878888,1.460765197313148,87.64591183878888,0.6784737650570503,1.460765197313148,0.029735699468507543,0.014583333333333334,0.0,0.0,0.015152366135174209,0.014583333333333334,0.0,0.0,0.0,0.0,19.191407545245557,19.191407545245557,0.0,0.0,0.0,0.014583333333333334
11.116666666666667,97.81902560500627,1.6303170934167712,97.81902560500627,0.6799524335068838,1.6303170934167712,0.03325946819851795,0.014583333333333334,0.0,0.0,0.01867613486518462,0.014583333333333334,0.0,0.0,0.0,0.0,19.191407545245557,19.191407545245557,0.0,0.0,0.0,0.014583333333333334
11.133333333333333,93.18135614610753,1.5530226024351255,93.18135614610753,0.6795350609599378,1.5530226024351255,0.03166316558109553,0.014583333333333334,0.0,0.0,0.0170798322477622,0.014583333333333334,0.0,0.0,0.0,0.0,19.191407545245557,19.191407545245557,0.0,0.0,0.0,0.014583333333333334
11.15,83.55363359462282,1.3925605599103803,83.55363359462282,0.6772951703206008,1.3925605599103803,0.028298066054793052,0.014583333333333334,0.0,0.0,0.013714732721459719,0.014583333333333334,0.0,0.0,0.0,0.0,19.191407545245557,19.191407545245557,0.0,0.0,0.0,0.014583333333333334
11.166666666666666,99.7712346782774,1.6628539113046232,99.7712346782774,0.6799994766642758,1.6628539113046232,0.03392558624231287,0.014583333333333334,0.0,0.0,0.019342252908979538,0.014583333333333334,0.0,0.0,0.0,0.0,19.191407545245557,19.191407545245557,0.0,0.0,0.0,0.014583333333333334
11.183333333333334,97.46976157175422,1.6244960261959036,97.46976157175422,0.6799359789349624,1.6244960261959036,0.03313991286671072,0.014583333333333334,0.0,0.0,0.018556579533377384,0.014583333333333334,0.0,0.0,0.0,0.0,19.191407545245557,19.191407545245557,0.0,0.0,0.0,0.014583333333333334
11.2,92.875775982811,1.5479295997135167,92.875775982811,0.6794924543215292,1.5479295997135167,0.031557350219810376,0.014583333333333334,0.0,0.0,0.016974016886477043,0.014583333333333334,0.0,0.0,0.0,0.0,19.191407545245557,19.191407545245557,0.0,0.0,0.0,0.014583333333333334
11.216666666666667,90.11258178939045,1.5018763631565075,90.11258178939045,0.6790223896112851,1.5018763631565075,0.030597290039341075,0.014583333333333334,0.0,0.0,0.01601395670600774,0.014583333333333334,0.0,0.0,0.0,0.0,19.191407545245557,19.191407545245557,0.0,0.0,0.0,0.014583333333333334
11.233333333333333,100.6486491351894,1.67747748558649,100.0,0.68,1.6666666666666667,0.034003400340034004,0.014583333333333334,0.0,0.00022450918647176632,0.019195557820228904,0.014583333333333334,0.0,0.0011379809389287655,0.0011379809389287655,0.0,19.192545526184485,19.192545526184485,0.010810818919823273,0.0,0.0,0.014583333333333334
11.25,98.44558771460191,1.6407597952433652,98.44558771460191,0.67997583802447,1.6407597952433652,0.03347365786881084,0.014583333333333334,0.0,0.0,0.018890324535477506,0.014583333333333334,0.0,0.0,0.0,0.0,19.192545526184485,19.192545526184485,0.0,0.0,0.0,0.014583333333333334
11.266666666666666,108.44006322397436,1.8073343870662393,100.0,0.68,1.6666666666666667,0.034003400340034004,0.014583333333333334,0.0,0.002921258389763334,0.016498808616937335,0.014583333333333334,0.0,0.014807128463112898,0.014807128463112898,0.0,19.207352654647597,19.207352654647597,0.14066772039957254,0.0,0.0,0.014583333333333334
11.283333333333333,99.07357374056313,1.6512262290093855,99.07357374056313,0.6799914173438583,1.6512262290093855,0.033687958710454435,0.014583333333333334,0.0,0.0,0.019104625377121102,0.014583333333333334,0.0,0.0,0.0,0.0,19.207352654647597,19.207352654647597,0.0,0.0,0.0,0.014583333333333334
11.3,99.05370266904742,1.6508950444841237,99.05370266904742,0.6799910452136144,1.6508950444841237,0.03368118352345442,0.014583333333333334,0.0,0.0,0.01909785019012109,0.014583333333333334,0.0,0.0,0.0,0.0,19.207352654647597,19.207352654647597,0.0,0.0,0.0,0.014583333333333334
11.316666666666666,96.48997563544626,1.608166260590771,96.48997563544626,0.6798767972896025,1.608166260590771,0.03280392819560905,0.014583333333333334,0.0,0.0,0.01822059486227572,0.014583333333333334,0.0,0.0,0.0,0.0,19.207352654647597,19.207352654647597,0.0,0.0,0.0,0.014583333333333334
11.333333333333334,101.41003924872327,1.6901673208120545,100.0,0.68,1.6666666666666667,0.034003400340034004,0.014583333333333334,0.0,0.00048804006272464587,0.018932026943976023,0.014583333333333334,0.0,0.0024737530679355487,0.0024737530679355487,0.0,19.209826407715532,19.209826407715532,0.02350065414538771,0.0,0.0,0.014583333333333334
11.35,100.60603202849849,1.6767672004749747,100.0,0.68,1.6666666666666667,0.034003400340034004,0.014583333333333334,0.0,0.00020975863577510286,0.019210308370925567,0.014583333333333334,0.0,0.0010632140850850525,0.0010632140850850525,0.0,19.210889621800618,19.210889621800618,0.010100533808307999,0.0,0.0,0.014583333333333334
11.366666666666667,103.79316856013057,1.7298861426688428,100.0,0.68,1.6666666666666667,0.034003400340034004,0.014583333333333334,0.0,0.0013128841794208795,0.018107182827279793,0.014583333333333334,0.0,0.006654681684439582,0.006654681684439582,0.0,19.217544303485056,19.217544303485056,0.06321947600217603,0.0,0.0,0.014583333333333334
11.383333333333333,95.25020166853577,1.5875033611422626,95.25020166853577,0.6797743941581043,1.5875033611422626,0.032377561822515326,0.014583333333333334,0.0,0.0,0.017794228489181992,0.014583333333333334,0.0,0.0,0.0,0.0,19.217544303485056,19.217544303485056,0.0,0.0,0.0,0.014583333333333334
11.4,95.78437893011858,1.5964063155019763,95.78437893011858,0.6798222853899518,1.5964063155019763,0.032561433837848965,0.014583333333333334,0.0,0.0,0.01797810050451563,0.014583333333333334,0.0,0.0,0.0,0.0,19.217544303485056,19.217544303485056,0.0,0.0,0.0,0.014583333333333334
11.416666666666666,95.68121290325632,1.5946868817209388,95.68121290325632,0.67981348078013,1.5946868817209388,0.03252594178869256,0.014583333333333334,0.0,0.0,0.017942608455359225,0.014583333333333334,0.0,0.0,0.0,0.0,19.217544303485056,19.217544303485056,0.0,0.0,0.0,0.014583333333333334
11.433333333333334,102.02034287171784,1.700339047861964,100.0,0.68,1.6666666666666667,0.034003400340034004,0.014583333333333334,0.0,0.0006992771745405361,0.018720789832160134,0.014583333333333334,0.0,0.0035444611784523424,0.0035444611784523424,0.0,19.22108876466351,19.22108876466351,0.03367238119529725,0.0,0.0,0.014583333333333334
11.45,105.60766271337293,1.7601277118895489,100.0,0.68,1.6666666666666667,0.034003400340034004,0.014583333333333334,0.0,0.001940913392908189,0.017479153613792483,0.014583333333333334,0.0,0.009838004760303382,0.009838004760303382,0.0,19.230926769423814,19.230926769423814,0.09346104522288212,0.0,0.0,0.014583333333333334
11.466666666666667,96.09483652023283,1.601580608670547,96.09483652023283,0.679847496981963,1.601580608670547,0.03266818385897151,0.014583333333333334,0.0,0.0,0.018084850525638175,0.014583333333333334,0.0,0.0,0.0,0.0,19.230926769423814,19.230926769423814,0.0,0.0,0.0,0.014583333333333334
11.483333333333333,96.3611765069814,1.6060196084496898,96.3611765069814,0.6798675896358666,1.6060196084496898,0.03275969637277615,0.014583333333333334,0.0,0.0,0.018176363039442815,0.014583333333333334,0.0,0.0,0.0,0.0,19.230926769423814,19.230926769423814,0.0,0.0,0.0,0.014583333333333334
11.5,100.09760028321202,1.6682933380535336,100.0,0.68,1.6666666666666667,0.034003400340034004,0.014583333333333334,0.0,3.378122161057867e-05,0.019386285785090093,0.014583333333333334,0.0,0.00017122856703862062,0.00017122856703862062,0.0,19.23109799799085,19.23109799799085,0.0016266713868668958,0.0,0.0,0.014583333333333334
11.516666666666666,97.43249495321638,1.6238749158869397,97.43249495321638,0.6799340791783475,1.6238749158869397,0.03312714958399048,0.014583333333333334,0.0,0.0,0.01854381625065715,0.014583333333333334,0.0,0.0,0.0,0.0,19.23109799799085,19.23109799799085,0.0,0.0,0.0,0.014583333333333334
11.533333333333333,103.4362598690244,1.7239376644837399,100.0,0.68,1.6666666666666667,0.034003400340034004,0.014583333333333334,0.0,0.001189351632257992,0.01823071537444268,0.014583333333333334,0.0,0.006028526086007697,0.006028526086007697,0.0,19.23712652407686,19.23712652407686,0.05727099781707312,0.0,0.0,0.014583333333333334
11.55,87.6979603573303,1.4616326726221718,87.6979603573303,0.6784865982063019,1.4616326726221718,0.029753920788316908,0.014583333333333334,0.0,0.0,0.015170587454983574,0.014583333333333334,0.0,0.0,0.0,0.0,19.23712652407686,19.23712652407686,0.0,0.0,0.0,0.014583333333333334
11.566666666666666,94.82121924813966,1.5803536541356609,94.82121924813966,0.6797318022992417,1.5803536541356609,0.03222972210008477,0.014583333333333334,0.0,0.0,0.017646388766751436,0.014583333333333334,0.0,0.0,0.0,0.0,19.23712652407686,19.23712652407686,0.0,0.0,0.0,0.014583333333333334
11.583333333333334,95.11904531710826,1.5853174219518043,95.11904531710826,0.6797617628138356,1.5853174219518043,0.03233237819878319,0.014583333333333334,0.0,0.0,0.01774904486544986,0.014583333333333334,0.0,0.0,0.0,0.0,19.23712652407686,19.23712652407686,0.0,0.0,0.0,0.014583333333333334
11.6,87.57656623230338,1.4596094372050563,87.57656623230338,0.6784565829341966,1.4596094372050563,0.029711420077547207,0.014583333333333334,0.0,0.0,0.015128086744213873,0.014583333333333334,0.0,0.0,0.0,0.0,19.23712652407686,19.23712652407686,0.0,0.0,0.0,0.014583333333333334
11.616666666666667,94.36910281658561,1.5728183802764268,94.36910281658561,0.6796829299690982,1.5728183802764268,0.03207374152461845,0.014583333333333334,0.0,0.0,0.017490408191285115,0.014583333333333334,0.0,0.0,0.0,0.0,19.23712652407686,19.23712652407686,0.0,0.0,0.0,0.014583333333333334
11.633333333333333,94.67858927103406,1.5779764878505675,94.67858927103406,0.6797168258785365,1.5779764878505675,0.0321805331422967,0.014583333333333334,0.0,0.0,0.017597199808963366,0.014583333333333334,0.0,0.0,0.0,0.0,19.23712652407686,19.23712652407686,0.0,0.0,0.0,0.014583333333333334
11.65,98.2895224531921,1.6381587075532018,98.2895224531921,0.6799707426656187,1.6381587075532018,0.033420341823555376,0.014583333333333334,0.0,0.0,0.018837008490222042,0.014583333333333334,0.0,0.0,0.0,0.0,19.23712652407686,19.23712652407686,0.0,0.0,0.0,0.014583333333333334
11.666666666666666,104.88283904957022,1.748047317492837,100.0,0.68,1.6666666666666667,0.034003400340034004,0.014583333333333334,0.0,0.001690038825645694,0.017730028181054975,0.014583333333333334,0.0,0.008566384297491611,0.008566384297491611,0.0,19.24569290837435,19.24569290837435,0.0813806508261703,0.0,0.0,0.014583333333333334
11.683333333333334,98.19867976740723,1.6366446627901203,98.19867976740723,0.6799675524541966,1.6366446627901203,0.03338929689752842,0.014583333333333334,0.0,0.0,0.018805963564195085,0.014583333333333334,0.0,0.0,0.0,0.0,19.24569290837435,19.24569290837435,0.0,0.0,0.0,0.014583333333333334
11.7,94.34942463997034,1.5724904106661723,94.34942463997034,0.6796807099810063,1.5724904106661723,0.03206694865766301,0.014583333333333334,0.0,0.0,0.01748361532432968,0.014583333333333334,0.0,0.0,0.0,0.0,19.24569290837435,19.24569290837435,0.0,0.0,0.0,0.014583333333333334
11.716666666666667,99.24953873407365,1.6541589789012274,99.24953873407365,0.6799943680788835,1.6541589789012274,0.03374793848064661,0.014583333333333334,0.0,0.0,0.019164605147313277,0.014583333333333334,0.0,0.0,0.0,0.0,19.24569290837435,19.24569290837435,0.0,0.0,0.0,0.014583333333333334
11.733333333333333,104.81040458659717,1.746840076443286,100.0,0.68,1.6666666666666667,0.034003400340034004,0.014583333333333334,0.0,0.0016649679491542732,0.017755099057546398,0.014583333333333334,0.0,0.008439306292275722,0.008439306292275722,0.0,19.254132214666626,19.254132214666626,0.08017340977661935,0.0,0.0,0.014583333333333334
11.75,94.77424399920524,1.5795707333200872,94.77424399920524,0.6797269147422016,1.5795707333200872,0.03221352358766096,0.014583333333333334,0.0,0.0,0.01763019025432763,0.014583333333333334,0.0,0.0,0.0,0.0,19.254132214666626,19.254132214666626,0.0,0.0,0.0,0.014583333333333334
11.766666666666666,95.14467537224026,1.5857445895373377,95.14467537224026,0.6797642582275908,1.5857445895373377,0.032341208960253935,0.014583333333333334,0.0,0.0,0.0177578756269206,0.014583333333333334,0.0,0.0,0.0,0.0,19.254132214666626,19.254132214666626,0.0,0.0,0.0,0.014583333333333334
11.783333333333333,102.51185121368876,1.7085308535614792,100.0,0.68,1.6666666666666667,0.034003400340034004,0.014583333333333334,0.0,0.0008693970930196622,0.018550669913681008,0.014583333333333334,0.0,0.0044067565152434126,0.0044067565152434126,0.0,19.25853897118187,19.25853897118187,0.041864186894812416,0.0,0.0,0.014583333333333334
11.8,98.6620315224903,1.6443671920415048,98.6620315224903,0.679982098403532,1.6443671920415048,0.03354756236994618,0.014583333333333334,0.0,0.0,0.018964229036612847,0.014583333333333334,0.0,0.0,0.0,0.0,19.25853897118187,19.25853897118187,0.0,0.0,0.0,0.014583333333333334
11.816666666666666,103.03539258670492,1.7172565431117486,100.0,0.68,1.6666666666666667,0.034003400340034004,0.014583333333333334,0.0,0.0010506042223652535,0.018369462784335416,0.014583333333333334,0.0,0.005325250152113878,0.005325250152113878,0.0,19.263864221333986,19.263864221333986,0.05058987644508184,0.0,0.0,0.014583333333333334
11.833333333333334,99.77012798241398,1.6628354663735663,99.77012798241398,0.6799994715885553,1.6628354663735663,0.03392520967514954,0.014583333333333334,0.0,0.0,0.019341876341816205,0.014583333333333334,0.0,0.0,0.0,0.0,19.263864221333986,19.263864221333986,0.0,0.0,0.0,0.014583333333333334
11.85,103.37269287428407,1.7228782145714012,100.0,0.68,1.6666666666666667,0.034003400340034004,0.014583333333333334,0.0,0.0011673499467528738,0.0182527170599478,0.014583333333333334,0.0,0.005917005042603629,0.005917005042603629,0.0,19.26978122637659,19.26978122637659,0.056211547904734475,0.0,0.0,0.014583333333333334
11.866666666666667,94.72643056532381,1.5787738427553968,94.72643056532381,0.6797218946541765,1.5787738427553968,0.03219703413225782,0.014583333333333334,0.0,0.0,0.01761370079892449,0.014583333333333334,0.0,0.0,0.0,0.0,19.26978122637659,19.26978122637659,0.0,0.0,0.0,0.014583333333333334
11.883333333333333,99.86034803389495,1.6643391338982492,99.86034803389495,0.6799998049732837,1.6643391338982492,0.03395590418422482,0.014583333333333334,0.0,0.0,0.019372570850891484,0.014583333333333334,0.0,0.0,0.0,0.0,19.26978122637659,19.26978122637659,0.0,0.0,0.0,0.014583333333333334
11.9,98.88891577226956,1.6481485962044926,98.88891577226956,0.679987654918389,1.6481485962044926,0.03362498346505034,0.014583333333333334,0.0,0.0,0.01904165013171701,0.014583333333333334,0.0,0.0,0.0,0.0,19.26978122637659,19.26978122637659,0.0,0.0,0.0,0.014583333333333334
11.916666666666666,93.88255261530661,1.5647092102551101,93.88255261530661,0.6796257683749551,1.5647092102551101,0.031905691548244776,0.014583333333333334,0.0,0.0,0.017322358214911442,0.014583333333333334,0.0,0.0,0.0,0.0,19.26978122637659,19.26978122637659,0.0,0.0,0.0,0.014583333333333334
11.933333333333334,92.15874377432066,1.5359790629053443,92.15874377432066,0.6793851470080325,1.5359790629053443,0.031308771720768305,0.014583333333333334,0.0,0.0,0.01672543838743497,0.014583333333333334,0.0,0.0,0.0,0.0,19.26978122637659,19.26978122637659,0.0,0.0,0.0,0.014583333333333334
11.95,103.4136819424887,1.7235613657081448,100.0,0.68,1.6666666666666667,0.034003400340034004,0.014583333333333334,0.0,0.0011815370039115433,0.018238530002789126,0.014583333333333334,0.0,0.005988915688576635,0.005988915688576635,0.0,19.275770142065166,19.275770142065166,0.05689469904147803,0.0,0.0,0.014583333333333334
11.966666666666667,98.23887868169842,1.6373146446949738,98.23887868169842,0.6799689845170223,1.6373146446949738,0.03340303559220193,0.014583333333333334,0.0,0.0,0.018819702258868597,0.014583333333333334,0.0,0.0,0.0,0.0,19.275770142065166,19.275770142065166,0.0,0.0,0.0,0.014583333333333334
11.983333333333333,94.88706303606197,1.5814510506010329,94.88706303606197,0.6797385787560281,1.5814510506010329,0.03225242392762597,0.014583333333333334,0.0,0.0,0.017669090594292638,0.014583333333333334,0.0,0.0,0.0,0.0,19.275770142065166,19.275770142065166,0.0,0.0,0.0,0.014583333333333334
12.0,99.51910531538334,1.658651755256389,99.51910531538334,0.6799976874030231,1.658651755256389,0.033839764709910285,0.014583333333333334,0.0,0.0,0.01925643137657695,0.014583333333333334,0.0,0.0,0.0,0.0,19.275770142065166,19.275770142065166,0.0,0.0,0.0,0.014583333333333334
12.016666666666666,105.63838474259177,1.7606397457098628,100.0,0.68,1.6666666666666667,0.034003400340034004,0.014583333333333334,0.0,0.0019515468423533483,0.017468520164347322,0.014583333333333334,0.0,0.009891903057178533,0.009891903057178533,0.0,19.285662045122343,19.285662045122343,0.09397307904319607,0.0,0.0,0.014583333333333334
12.033333333333333,88.59057594030146,1.4765095990050243,88.59057594030146,0.6786982504262598,1.4765095990050243,0.03006614106157481,0.014583333333333334,0.0,0.0,0.015482807728241475,0.014583333333333334,0.0,0.0,0.0,0.0,19.285662045122343,19.285662045122343,0.0,0.0,0.0,0.014583333333333334
12.05,92.5033325177766,1.54172220862961,92.5033325177766,0.6794379997666098,1.54172220862961,0.03142828243705557,0.014583333333333334,0.0,0.0,0.016844949103722234,0.014583333333333334,0.0,0.0,0.0,0.0,19.285662045122343,19.285662045122343,0.0,0.0,0.0,0.014583333333333334
12.066666666666666,95.36087204428824,1.589347867404804,95.36087204428824,0.6797847849181053,1.589347867404804,0.032415676513766103,0.014583333333333334,0.0,0.0,0.01783234318043277,0.014583333333333334,0.0,0.0,0.0,0.0,19.285662045122343,19.285662045122343,0.0,0.0,0.0,0.014583333333333334
12.083333333333334,107.26248692448483,1.7877081154080805,100.0,0.68,1.6666666666666667,0.034003400340034004,0.014583333333333334,0.0,0.002513677954263898,0.01690638905243677,0.014583333333333334,0.0,0.012741205130675132,0.012741205130675132,0.0,19.298403250253017,19.298403250253017,0.12104144874141376,0.0,0.0,0.014583333333333334
12.1,101.35386414450018,1.689231069075003,100.0,0.68,1.6666666666666667,0.034003400340034004,0.014583333333333334,0.0,0.00046859684409550237,0.018951470162605167,0.014583333333333334,0.0,0.0023752002535090775,0.0023752002535090775,0.0,19.300778450506527,19.300778450506527,0.022564402408336237,0.0,0.0,0.014583333333333334
12.116666666666667,103.75426807301098,1.7292378012168497,100.0,0.68,1.6666666666666667,0.034003400340034004,0.014583333333333334,0.0,0.001299420017915409,0.018120646988785263,0.014583333333333334,0.0,0.006586435215808729,0.006586435215808729,0.0,19.307364885722336,19.307364885722336,0.06257113455018293,0.0,0.0,0.014583333333333334
12.133333333333333,94.20156053952535,1.570026008992089,94.20156053952535,0.6796637809982321,1.570026008992089,0.0320158959957134,0.014583333333333334,0.0,0.0,0.01743256266238007,0.014583333333333334,0.0,0.0,0.0,0.0,19.307364885722336,19.307364885722336,0.0,0.0,0.0,0.014583333333333334
12.15,94.27862670687877,1.571310445114646,94.27862670687877,0.6796726588764076,1.571310445114646,0.03204250669520981,0.014583333333333334,0.0,0.0,0.017459173361876478,0.014583333333333334,0.0,0.0,0.0,0.0,19.307364885722336,19.307364885722336,0.0,0.0,0.0,0.014583333333333334
12.166666666666666,102.07369849945916,1.7012283083243191,100.0,0.68,1.6666666666666667,0.034003400340034004,0.014583333333333334,0.0,0.0007177445214127309,0.01870232248528794,0.014583333333333334,0.0,0.0036380675429107797,0.0036380675429107797,0.0,19.31100295326525,19.31100295326525,0.03456164165765241,0.0,0.0,0.014583333333333334
12.183333333333334,100.09510607506084,1.6682517679176807,100.0,0.68,1.6666666666666667,0.034003400340034004,0.014583333333333334,0.0,3.2917931100296504e-05,0.019387149075600373,0.014583333333333334,0.0,0.0001668527632646279,0.0001668527632646279,0.0,19.311169806028513,19.311169806028513,0.001585101251013965,0.0,0.0,0.014583333333333334
12.2,102.50443760228868,1.7084072933714778,100.0,0.68,1.6666666666666667,0.034003400340034004,0.014583333333333334,0.0,0.0008668311081536462,0.018553235898547023,0.014583333333333334,0.0,0.004393750179453794,0.004393750179453794,0.0,19.315563556207966,19.315563556207966,0.041740626704811046,0.0,0.0,0.014583333333333334
12.216666666666667,98.7909471431048,1.6465157857184134,98.7909471431048,0.6799853819118924,1.6465157857184134,0.03359155911718257,0.014583333333333334,0.0,0.0,0.019008225783849236,0.014583333333333334,0.0,0.0,0.0,0.0,19.315563556207966,19.315563556207966,0.0,0.0,0.0,0.014583333333333334
12.233333333333333,101.06943453106432,1.6844905755177386,100.0,0.68,1.6666666666666667,0.034003400340034004,0.014583333333333334,0.0,0.0003701506153769227,0.019049916391323748,0.014583333333333334,0.0,0.0018762009316917766,0.0018762009316917766,0.0,19.317439757139656,19.317439757139656,0.01782390885107188,0.0,0.0,0.014583333333333334
12.25,100.42400971756496,1.6737334952927492,100.0,0.68,1.6666666666666667,0.034003400340034004,0.014583333333333334,0.0,0.0001467574249040417,0.019273309581796627,0.014583333333333334,0.0,0.0007438766974823613,0.0007438766974823613,0.0,19.318183633837137,19.318183633837137,0.007066828626082433,0.0,0.0,0.014583333333333334
12.266666666666666,103.45898825395672,1.7243164708992786,100.0,0.68,1.6666666666666667,0.034003400340034004,0.014583333333333334,0.0,0.0011972183369742236,0.018222848669726448,0.014583333333333334,0.0,0.006068400445538095,0.006068400445538095,0.0,19.324252034282676,19.324252034282676,0.0576498042326119,0.0,0.0,0.014583333333333334
12.283333333333333,103.54917851873056,1.7258196419788425,100.0,0.68,1.6666666666666667,0.034003400340034004,0.014583333333333334,0.0,0.0012284348173078235,0.018191632189392848,0.014583333333333334,0.0,0.00622662898022903,0.00622662898022903,0.0,19.330478663262905,19.330478663262905,0.05915297531217578,0.0,0.0,0.014583333333333334
12.3,91.41955150660952,1.5236591917768254,91.41955150660952,0.6792637590365228,1.5236591917768254,0.031052099312837585,0.014583333333333334,0.0,0.0,0.016468765979504252,0.014583333333333334,0.0,0.0,0.0,0.0,19.330478663262905,19.330478663262905,0.0,0.0,0.0,0.014583333333333334
12.316666666666666,88.2460208735563,1.4707670145592717,88.2460208735563,0.6786184397469514,1.4707670145592717,0.029945683067851624,0.014583333333333334,0.0,0.0,0.01536234973451829,0.014583333333333334,0.0,0.0,0.0,0.0,19.330478663262905,19.330478663262905,0.0,0.0,0.0,0.014583333333333334
12.333333333333334,104.33032922068153,1.7388388203446923,100.0,0.68,1.6666666666666667,0.034003400340034004,0.014583333333333334,0.0,0.0014988051902763433,0.01792126181642433,0.014583333333333334,0.0,0.0075970688082132145,0.0075970688082132145,0.0,19.33807573207112,19.33807573207112,0.07217215367802554,0.0,0.0,0.014583333333333334
12.35,105.18422088440103,1.7530703480733505,100.0,0.68,1.6666666666666667,0.034003400340034004,0.014583333333333334,0.0,0.0017943525245076775,0.017625714482192995,0.014583333333333334,0.0,0.00909512435859829,0.00909512435859829,0.0,19.347170856429717,19.347170856429717,0.08640368140668375,0.0,0.0,0.014583333333333334
12.366666666666667,94.15537526338345,1.5692562543897242,94.15537526338345,0.6796584036168813,1.5692562543897242,0.03199994601633143,0.014583333333333334,0.0,0.0,0.017416612682998097,0.014583333333333334,0.0,0.0,0.0,0.0,19.347170856429717,19.347170856429717,0.0,0.0,0.0,0.014583333333333334
12.383333333333333,89.92637866363116,1.4987729777271859,89.92637866363116,0.6789852215317146,1.4987729777271859,0.030532394308666094,0.014583333333333334,0.0,0.0,0.01594906097533276,0.014583333333333334,0.0,0.0,0.0,0.0,19.347170856429717,19.347170856429717,0.0,0.0,0.0,0.014583333333333334
12.4,99.5610802706484,1.65935133784414,99.5610802706484,0.6799980734947119,1.65935133784414,0.03385405679522616,0.014583333333333334,0.0,0.0,0.01927072346189283,0.014583333333333334,0.0,0.0,0.0,0.0,19.347170856429717,19.347170856429717,0.0,0.0,0.0,0.014583333333333334
12.416666666666666,103.59894273782545,1.7266490456304242,100.0,0.68,1.6666666666666667,0.034003400340034004,0.014583333333333334,0.0,0.0012456591127524427,0.018174407893948228,0.014583333333333334,0.0,0.0063139346277639435,0.0063139346277639435,0.0,19.35348479105748,19.35348479105748,0.059982378963757466,0.0,0.0,0.014583333333333334
12.433333333333334,107.79965020886692,1.7966608368144488,100.0,0.68,1.6666666666666667,0.034003400340034004,0.014583333333333334,0.0,0.002699599873274726,0.016720467133425943,0.014583333333333334,0.0,0.013683596857661266,0.013683596857661266,0.0,19.36716838791514,19.36716838791514,0.12999417014778203,0.0,0.0,0.014583333333333334
12.45,101.37564085255391,1.6895940142092318,100.0,0.68,1.6666666666666667,0.034003400340034004,0.014583333333333334,0.0,0.00047613415624770127,0.01894393285045297,0.014583333333333334,0.0,0.0024134050044805357,0.0024134050044805357,0.0,19.36958179291962,19.36958179291962,0.02292734754256509,0.0,0.0,0.014583333333333334
12.466666666666667,96.9010602094624,1.6150176701577066,96.9010602094624,0.6799039657217463,1.6150176701577066,0.03294500205973357,0.014583333333333334,0.0,0.0,0.01836166872640024,0.014583333333333334,0.0,0.0,0.0,0.0,19.36958179291962,19.36958179291962,0.0,0.0,0.0,0.014583333333333334
12.483333333333333,94.23952000404437,1.5706586667340727,94.23952000404437,0.679668168702162,1.5706586667340727,0.03202900389064886,0.014583333333333334,0.0,0.0,0.017445670557315527,0.014583333333333334,0.0,0.0,0.0,0.0,19.36958179291962,19.36958179291962,0.0,0.0,0.0,0.014583333333333334
12.5,98.60641122929778,1.6434401871549629,98.60641122929778,0.6799805791033817,1.6434401871549629,0.033528575163018354,0.014583333333333334,0.0,0.0,0.01894524182968502,0.014583333333333334,0.0,0.0,0.0,0.0,19.36958179291962,19.36958179291962,0.0,0.0,0.0,0.014583333333333334
12.516666666666666,96.97900830303954,1.616316805050659,96.97900830303954,0.679908736091669,1.616316805050659,0.03297173465483703,0.014583333333333334,0.0,0.0,0.018388401321503694,0.014583333333333334,0.0,0.0,0.0,0.0,19.36958179291962,19.36958179291962,0.0,0.0,0.0,0.014583333333333334
12.533333333333333,93.35955449865361,1.55599257497756,93.35955449865361,0.6795590448354365,1.55599257497756,0.03172483732441591,0.014583333333333334,0.0,0.0,0.017141503991082576,0.014583333333333334,0.0,0.0,0.0,0.0,19.36958179291962,19.36958179291962,0.0,0.0,0.0,0.014583333333333334
12.55,108.31133100283867,1.8051888500473112,100.0,0.68,1.6666666666666667,0.034003400340034004,0.014583333333333334,0.0,0.002876701841897997,0.016543365164802672,0.014583333333333334,0.0,0.014581282461120471,0.014581282461120471,0.0,19.38416307538074,19.38416307538074,0.13852218338064448,0.0,0.0,0.014583333333333334
12.566666666666666,106.89969437943728,1.7816615729906213,100.0,0.68,1.6666666666666667,0.034003400340034004,0.014583333333333334,0.0,0.0023881088989334462,0.017031958107767226,0.014583333333333334,0.0,0.012104726981468904,0.012104726981468904,0.0,19.39626780236221,19.39626780236221,0.1149949063239546,0.0,0.0,0.014583333333333334
12.583333333333334,103.59784141737798,1.726630690289633,100.0,0.68,1.6666666666666667,0.034003400340034004,0.014583333333333334,0.0,0.0012452779258452314,0.01817478908085544,0.014583333333333334,0.0,0.006312002486628016,0.006312002486628016,0.0,19.402579804848838,19.402579804848838,0.059964023622966156,0.0,0.0,0.014583333333333334
12.6,93.40774629644999,1.5567957716074998,93.40774629644999,0.6795654219110804,1.5567957716074998,0.0317415114119963,0.014583333333333334,0.0,0.0,0.017158178078662965,0.014583333333333334,0.0,0.0,0.0,0.0,19.402579804848838,19.402579804848838,0.0,0.0,0.0,0.014583333333333334
12.616666666666667,101.98047783959444,1.6996746306599073,100.0,0.68,1.6666666666666667,0.034003400340034004,0.014583333333333334,0.0,0.0006854791665803741,0.018734587840120297,0.014583333333333334,0.0,0.003474522525604271,0.003474522525604271,0.0,19.40605432737444,19.40605432737444,0.033007963993240574,0.0,0.0,0.014583333333333334
12.633333333333333,100.80368638666909,1.680061439777818,100.0,0.68,1.6666666666666667,0.034003400340034004,0.014583333333333334,0.0,0.00027817038065860165,0.019141896626042067,0.014583333333333334,0.0,0.001409976116963287,0.001409976116963287,0.0,19.407464303491405,19.407464303491405,0.013394773111151226,0.0,0.0,0.014583333333333334
12.65,99.71563170503917,1.6619271950839862,99.71563170503917,0.6799991913467283,1.6619271950839862,0.03390666512854026,0.014583333333333334,0.0,0.0,0.019323331795206924,0.014583333333333334,0.0,0.0,0.0,0.0,19.407464303491405,19.407464303491405,0.0,0.0,0.0,0.014583333333333334
12.666666666666666,103.51888315944633,1.7253147193241054,100.0,0.68,1.6666666666666667,0.034003400340034004,0.014583333333333334,0.0,0.001217949046036756,0.018202117960663913,0.014583333333333334,0.0,0.006173479227098807,0.006173479227098807,0.0,19.413637782718503,19.413637782718503,0.058648052657438665,0.0,0.0,0.014583333333333334
12.683333333333334,100.39324476744942,1.6732207461241568,100.0,0.68,1.6666666666666667,0.034003400340034004,0.014583333333333334,0.0,0.00013610911976097277,0.019283957886939696,0.014583333333333334,0.0,0.0006899031007884307,0.0006899031007884307,0.0,19.41432768581929,19.41432768581929,0.006554079457490092,0.0,0.0,0.014583333333333334
12.7,100.76540693575807,1.679423448929301,100.0,0.68,1.6666666666666667,0.034003400340034004,0.014583333333333334,0.0,0.000264921171006746,0.019155145835693926,0.014583333333333334,0.0,0.0013428191855404436,0.0013428191855404436,0.0,19.415670505004833,19.415670505004833,0.012756782262634214,0.0,0.0,0.014583333333333334
12.716666666666667,100.12503295735638,1.668750549289273,100.0,0.68,1.6666666666666667,0.034003400340034004,0.014583333333333334,0.0,4.327616582737196e-05,0.0193767908408733,0.014583333333333334,0.0,0.0002193560655374916,0.0002193560655374916,0.0,19.415889861070372,19.415889861070372,0.00208388262260617,0.0,0.0,0.014583333333333334
12.733333333333333,98.54782202942822,1.6424637004904703,98.54782202942822,0.6799789117914179,1.6424637004904703,0.033508571248617315,0.014583333333333334,0.0,0.0,0.01892523791528398,0.014583333333333334,0.0,0.0,0.0,0.0,19.415889861070372,19.415889861070372,0.0,0.0,0.0,0.014583333333333334
12.75,88.12679783426807,1.4687799639044679,88.12679783426807,0.6785902707033167,1.4687799639044679,0.02990398419770599,0.014583333333333334,0.0,0.0,0.015320650864372655,0.014583333333333334,0.0,0.0,0.0,0.0,19.415889861070372,19.415889861070372,0.0,0.0,0.0,0.014583333333333334
12.766666666666666,97.01516453038307,1.6169194088397179,97.01516453038307,0.6799109075721932,1.6169194088397179,0.03298413269532873,0.014583333333333334,0.0,0.0,0.018400799361995398,0.014583333333333334,0.0,0.0,0.0,0.0,19.415889861070372,19.415889861070372,0.0,0.0,0.0,0.014583333333333334
12.783333333333333,93.78128883903159,1.5630214806505265,93.78128883903159,0.6796132763149645,1.5630214806505265,0.031870691551622296,0.014583333333333334,0.0,0.0,0.017287358218288962,0.014583333333333334,0.0,0.0,0.0,0.0,19.415889861070372,19.415889861070372,0.0,0.0,0.0,0.014583333333333334
12.8,90.15026511119584,1.5025044185199306,90.15026511119584,0.6790298272262028,1.5025044185199306,0.03061042051347719,0.014583333333333334,0.0,0.0,0.016027087180143857,0.014583333333333334,0.0,0.0,0.0,0.0,19.415889861070372,19.415889861070372,0.0,0.0,0.0,0.014583333333333334
12.816666666666666,104.2463965405884,1.7374399423431401,100.0,0.68,1.6666666666666667,0.034003400340034004,0.014583333333333334,0.0,0.0014697545730723272,0.017950312433628345,0.014583333333333334,0.0,0.007449818492260358,0.007449818492260358,0.0,19.423339679562634,19.423339679562634,0.0707732756764734,0.0,0.0,0.014583333333333334
12.833333333333334,104.30334188028318,1.738389031338053,100.0,0.68,1.6666666666666667,0.034003400340034004,0.014583333333333334,0.0,0.0014894643841160105,0.01793060262258466,0.014583333333333334,0.0,0.007549722596988028,0.007549722596988028,0.0,19.43088940215962,19.43088940215962,0.07172236467138626,0.0,0.0,0.014583333333333334
12.85,102.35814873563888,1.7059691455939812,100.0,0.68,1.6666666666666667,0.034003400340034004,0.014583333333333334,0.0,0.0008161978880356036,0.018603869118665066,0.014583333333333334,0.0,0.004137103044980465,0.004137103044980465,0.0,19.4350265052046,19.4350265052046,0.03930247892731442,0.0,0.0,0.014583333333333334
12.866666666666667,96.9030649488177,1.615051082480295,96.9030649488177,0.6799040899328876,1.615051082480295,0.03294568966183289,0.014583333333333334,0.0,0.0,0.018362356328499554,0.014583333333333334,0.0,0.0,0.0,0.0,19.4350265052046,19.4350265052046,0.0,0.0,0.0,0.014583333333333334
12.883333333333333,101.96711895143915,1.6994519825239858,100.0,0.68,1.6666666666666667,0.034003400340034004,0.014583333333333334,0.0,0.0006808554140010442,0.018739211592699628,0.014583333333333334,0.0,0.0034510858797177925,0.0034510858797177925,0.0,19.438477591084318,19.438477591084318,0.03278531585731903,0.0,0.0,0.014583333333333334
12.9,95.40589927849345,1.5900983213082243,95.40589927849345,0.6797889423856066,1.5900983213082243,0.03243118080201759,0.014583333333333334,0.0,0.0,0.017847847468684255,0.014583333333333334,0.0,0.0,0.0,0.0,19.438477591084318,19.438477591084318,0.0,0.0,0.0,0.014583333333333334
12.916666666666666,96.14224264461058,1.6023707107435097,96.14224264461058,0.6798511770818695,1.6023707107435097,0.03268447686230083,0.014583333333333334,0.0,0.0,0.0181011435289675,0.014583333333333334,0.0,0.0,0.0,0.0,19.438477591084318,19.438477591084318,0.0,0.0,0.0,0.014583333333333334
12.933333333333334,89.808781174749,1.49681301957915,89.808781174749,0.6789613905885585,1.49681301957915,0.03049139661639721,0.014583333333333334,0.0,0.0,0.015908063283063878,0.014583333333333334,0.0,0.0,0.0,0.0,19.438477591084318,19.438477591084318,0.0,0.0,0.0,0.014583333333333334
12.95,96.70801069945847,1.6118001783243079,96.70801069945847,0.6798916280644512,1.6118001783243079,0.032878771297794374,0.014583333333333334,0.0,0.0,0.01829543796446104,0.014583333333333334,0.0,0.0,0.0,0.0,19.438477591084318,19.438477591084318,0.0,0.0,0.0,0.014583333333333334
12.966666666666667,94.93142355356756,1.5821903925594591,94.93142355356756,0.6797430953280668,1.5821903925594591,0.03226771661676255,0.014583333333333334,0.0,0.0,0.01768438328342922,0.014583333333333334,0.0,0.0,0.0,0.0,19.438477591084318,19.438477591084318,0.0,0.0,0.0,0.014583333333333334
12.983333333333333,88.31004218434855,1.4718340364058091,88.31004218434855,0.678633448862683,1.4718340364058091,0.029968071055492287,0.014583333333333334,0.0,0.0,0.015384737722158953,0.014583333333333334,0.0,0.0,0.0,0.0,19.438477591084318,19.438477591084318,0.0,0.0,0.0,0.014583333333333334
13.0,94.03537617882422,1.5672562696470704,94.03537617882422,0.6796442326267187,1.5672562696470704,0.031958496391050015,0.014583333333333334,0.0,0.0,0.01737516305771668,0.014583333333333334,0.0,0.0,0.0,0.0,19.438477591084318,19.438477591084318,0.0,0.0,0.0,0.014583333333333334
13.016666666666666,93.71280454836017,1.5618800758060027,93.71280454836017,0.6796047117335289,1.5618800758060027,0.03184701646206063,0.014583333333333334,0.0,0.0,0.017263683128727298,0.014583333333333334,0.0,0.0,0.0,0.0,19.438477591084318,19.438477591084318,0.0,0.0,0.0,0.014583333333333334
13.033333333333333,102.33537543449673,1.7055895905749454,100.0,0.68,1.6666666666666667,0.034003400340034004,0.014583333333333334,0.0,0.0008083156370075395,0.01861175136969313,0.014583333333333334,0.0,0.004097149885081966,0.004097149885081966,0.0,19.442574740969402,19.442574740969402,0.03892292390827867,0.0,0.0,0.014583333333333334
13.049999999999999,97.89104087391752,1.6315173478986253,97.89104087391752,0.6799555229140452,1.6315173478986253,0.033284105353547734,0.014583333333333334,0.0,0.0,0.0187007720202144,0.014583333333333334,0.0,0.0,0.0,0.0,19.442574740969402,19.442574740969402,0.0,0.0,0.0,0.014583333333333334
13.066666666666666,93.55763746806731,1.5592939578011218,93.55763746806731,0.6795849596500716,1.5592939578011218,0.03179336097794407,0.014583333333333334,0.0,0.0,0.01721002764461074,0.014583333333333334,0.0,0.0,0.0,0.0,19.442574740969402,19.442574740969402,0.0,0.0,0.0,0.014583333333333334
13.083333333333334,94.46446283235836,1.5744077138726393,94.46446283235836,0.6796935782826566,1.5744077138726393,0.03210665504704204,0.014583333333333334,0.0,0.0,0.017523321713708708,0.014583333333333334,0.0,0.0,0.0,0.0,19.442574740969402,19.442574740969402,0.0,0.0,0.0,0.014583333333333334
13.1,93.30648717305941,1.5551081195509902,93.30648717305941,0.6795519688603558,1.5551081195509902,0.03170647418036607,0.014583333333333334,0.0,0.0,0.017123140847032734,0.014583333333333334,0.0,0.0,0.0,0.0,19.442574740969402,19.442574740969402,0.0,0.0,0.0,0.014583333333333334
13.116666666666667,91.95222173574368,1.5325370289290612,91.95222173574368,0.6793523326500936,1.5325370289290612,0.0312371018744555,0.014583333333333334,0.0,0.0,0.016653768541122167,0.014583333333333334,0.0,0.0,0.0,0.0,19.442574740969402,19.442574740969402,0.0,0.0,0.0,0.014583333333333334
13.133333333333333,87.66962621593242,1.461160436932207,87.66962621593242,0.6784796188234519,1.461160436932207,0.029744001688859052,0.014583333333333334,0.0,0.0,0.015160668355525719,0.014583333333333334,0.0,0.0,0.0,0.0,19.442574740969402,19.442574740969402,0.0,0.0,0.0,0.014583333333333334
13.15,91.7758998458237,1.5295983307637284,91.7758998458237,0.6793236417665408,1.5295983307637284,0.031175886843517485,0.014583333333333334,0.0,0.0,0.01659255351018415,0.014583333333333334,0.0,0.0,0.0,0.0,19.442574740969402,19.442574740969402,0.0,0.0,0.0,0.014583333333333334
13.166666666666666,88.81818787955761,1.4803031313259603,88.81818787955761,0.6787496707770313,1.4803031313259603,0.03014567245837696,0.014583333333333334,0.0,0.0,0.015562339125043626,0.014583333333333334,0.0,0.0,0.0,0.0,19.442574740969402,19.442574740969402,0.0,0.0,0.0,0.014583333333333334
13.183333333333334,86.28864892617675,1.4381441487696125,86.28864892617675,0.6781199885173037,1.4381441487696125,0.029259954804976812,0.014583333333333334,0.0,0.0,0.014676621471643479,0.014583333333333334,0.0,0.0,0.0,0.0,19.442574740969402,19.442574740969402,0.0,0.0,0.0,0.014583333333333334
13.2,94.16993897839092,1.569498982973182,94.16993897839092,0.6796601038848432,1.569498982973182,0.03200497575201646,0.014583333333333334,0.0,0.0,0.017421642418683127,0.014583333333333334,0.0,0.0,0.0,0.0,19.442574740969402,19.442574740969402,0.0,0.0,0.0,0.014583333333333334
13.216666666666667,93.39216238019816,1.5565360396699692,93.39216238019816,0.6795633648199033,1.5565360396699692,0.031736119669414066,0.014583333333333334,0.0,0.0,0.017152786336080732,0.014583333333333334,0.0,0.0,0.0,0.0,19.442574740969402,19.442574740969402,0.0,0.0,0.0,0.014583333333333334
13.233333333333333,83.2117506245119,1.3868625104085315,83.2117506245119,0.6771815468290643,1.3868625104085315,0.02817754875600626,0.014583333333333334,0.0,0.0,0.013594215422672928,0.014583333333333334,0.0,0.0,0.0,0.0,19.442574740969402,19.442574740969402,0.0,0.0,0.0,0.014583333333333334
13.25,90.58748912798671,1.5097914854664451,90.58748912798671,0.6791140463908424,1.5097914854664451,0.0307626944164884,0.014583333333333334,0.0,0.0,0.016179361083155066,0.014583333333333334,0.0,0.0,0.0,0.0,19.442574740969402,19.442574740969402,0.0,0.0,0.0,0.014583333333333334
13.266666666666666,95.44199370762043,1.590699895127007,95.44199370762043,0.6797922457863863,1.590699895127007,0.03244360798321504,0.014583333333333334,0.0,0.0,0.01786027464988171,0.014583333333333334,0.0,0.0,0.0,0.0,19.442574740969402,19.442574740969402,0.0,0.0,0.0,0.014583333333333334
13.283333333333333,95.48482857011092,1.5914138095018486,95.48482857011092,0.6797961322695871,1.5914138095018486,0.03245835441163416,0.014583333333333334,0.0,0.0,0.017875021078300826,0.014583333333333334,0.0,0.0,0.0,0.0,19.442574740969402,19.442574740969402,0.0,0.0,0.0,0.014583333333333334
13.299999999999999,95.08509225102657,1.5847515375171095,95.08509225102657,0.6797584368181908,1.5847515375171095,0.0323206789045261,0.014583333333333334,0.0,0.0,0.017737345571192765,0.014583333333333334,0.0,0.0,0.0,0.0,19.442574740969402,19.442574740969402,0.0,0.0,0.0,0.014583333333333334
13.316666666666666,90.38255530225054,1.5063759217041757,90.38255530225054,0.6790750475748574,1.5063759217041757,0.030691338154721956,0.014583333333333334,0.0,0.0,0.016108004821388622,0.014583333333333334,0.0,0.0,0.0,0.0,19.442574740969402,19.442574740969402,0.0,0.0,0.0,0.014583333333333334
13.333333333333334,86.16423189966372,1.436070531661062,86.16423189966372,0.6780857152107372,1.436070531661062,0.0292162890355372,0.014583333333333334,0.0,0.0,0.014632955702203868,0.014583333333333334,0.0,0.0,0.0,0.0,19.442574740969402,19.442574740969402,0.0,0.0,0.0,0.014583333333333334
13.35,84.85972789144776,1.414328798190796,84.85972789144776,0.67770772160479,1.414328798190796,0.028757922214879245,0.014583333333333334,0.0,0.0,0.014174588881545911,0.014583333333333334,0.0,0.0,0.0,0.0,19.442574740969402,19.442574740969402,0.0,0.0,0.0,0.014583333333333334
13.366666666666667,91.01610128299488,1.516935021383248,91.01610128299488,0.679192895638426,1.516935021383248,0.030911835873646144,0.014583333333333334,0.0,0.0,0.01632850254031281,0.014583333333333334,0.0,0.0,0.0,0.0,19.442574740969402,19.442574740969402,0.0,0.0,0.0,0.014583333333333334
13.383333333333333,90.91705033877894,1.5152841723129822,90.91705033877894,0.6791750002545173,1.5152841723129822,0.030877381581648235,0.014583333333333334,0.0,0.0,0.016294048248314902,0.014583333333333334,0.0,0.0,0.0,0.0,19.442574740969402,19.442574740969402,0.0,0.0,0.0,0.014583333333333334
13.4,94.69982442320398,1.5783304070533997,94.69982442320398,0.6797190813885514,1.5783304070533997,0.032187857618060464,0.014583333333333334,0.0,0.0,0.01760452428472713,0.014583333333333334,0.0,0.0,0.0,0.0,19.442574740969402,19.442574740969402,0.0,0.0,0.0,0.014583333333333334
13.416666666666666,93.59773204992837,1.5599622008321394,93.59773204992837,0.6795901096509549,1.5599622008321394,0.031807227216167376,0.014583333333333334,0.0,0.0,0.017223893882834043,0.014583333333333334,0.0,0.0,0.0,0.0,19.442574740969402,19.442574740969402,0.0,0.0,0.0,0.014583333333333334
13.433333333333334,87.8762652229628,1.4646044203827133,87.8762652229628,0.6785301505505607,1.4646044203827133,0.02981632936871584,0.014583333333333334,0.0,0.0,0.015232996035382508,0.014583333333333334,0.0,0.0,0.0,0.0,19.442574740969402,19.442574740969402,0.0,0.0,0.0,0.014583333333333334
13.45,82.71433951853051,1.3785723253088418,82.71433951853051,0.6770120594171937,1.3785723253088418,0.028002102880674725,0.014583333333333334,0.0,0.0,0.013418769547341391,0.014583333333333334,0.0,0.0,0.0,0.0,19.442574740969402,19.442574740969402,0.0,0.0,0.0,0.014583333333333334
13.466666666666667,86.53599193714639,1.4422665322857733,86.53599193714639,0.6781872048688342,1.4422665322857733,0.029346735919794625,0.014583333333333334,0.0,0.0,0.014763402586461291,0.014583333333333334,0.0,0.0,0.0,0.0,19.442574740969402,19.442574740969402,0.0,0.0,0.0,0.014583333333333334
13.483333333333333,88.62656388502496,1.4771093980837493,88.62656388502496,0.6787064495093859,1.4771093980837493,0.03007871812512354,0.014583333333333334,0.0,0.0,0.015495384791790207,0.014583333333333334,0.0,0.0,0.0,0.0,19.442574740969402,19.442574740969402,0.0,0.0,0.0,0.014583333333333334
13.5,86.52380028873378,1.442063338145563,86.52380028873378,0.6781839204134207,1.442063338145563,0.02934245929036971,0.014583333333333334,0.0,0.0,0.014759125957036375,0.014583333333333334,0.0,0.0,0.0,0.0,19.442574740969402,19.442574740969402,0.0,0.0,0.0,0.014583333333333334
13.516666666666666,84.61937246046566,1.4103228743410943,84.61937246046566,0.6776343629649012,1.4103228743410943,0.028673364612329905,0.014583333333333334,0.0,0.0,0.014090031278996572,0.014583333333333334,0.0,0.0,0.0,0.0,19.442574740969402,19.442574740969402,0.0,0.0,0.0,0.014583333333333334
13.533333333333333,87.9632440657673,1.4660540677627882,87.9632440657673,0.6785511650657972,1.4660540677627882,0.02984676554845158,0.014583333333333334,0.0,0.0,0.015263432215118247,0.014583333333333334,0.0,0.0,0.0,0.0,19.442574740969402,19.442574740969402,0.0,0.0,0.0,0.014583333333333334
13.549999999999999,84.408284892287,1.4068047482047834,84.408284892287,0.6775689841999992,1.4068047482047834,0.028599077834048928,0.014583333333333334,0.0,0.0,0.014015744500715594,0.014583333333333334,0.0,0.0,0.0,0.0,19.442574740969402,19.442574740969402,0.0,0.0,0.0,0.014583333333333334
13.566666666666666,83.60249137360113,1.3933748562266854,83.60249137360113,0.6773112171084718,1.3933748562266854,0.028315284121189267,0.014583333333333334,0.0,0.0,0.013731950787855933,0.014583333333333334,0.0,0.0,0.0,0.0,19.442574740969402,19.442574740969402,0.0,0.0,0.0,0.014583333333333334
13.583333333333334,87.37317916458777,1.4562196527431295,87.37317916458777,0.678405633955904,1.4562196527431295,0.029640192520199497,0.014583333333333334,0.0,0.0,0.015056859186866164,0.014583333333333334,0.0,0.0,0.0,0.0,19.442574740969402,19.442574740969402,0.0,0.0,0.0,0.014583333333333334
13.6,84.02783972829509,1.400463995471585,84.02783972829509,0.6774489009625497,1.400463995471585,0.028465130350130406,0.014583333333333334,0.0,0.0,0.013881797016797072,0.014583333333333334,0.0,0.0,0.0,0.0,19.442574740969402,19.442574740969402,0.0,0.0,0.0,0.014583333333333334
13.616666666666667,86.51016436728885,1.4418360727881474,86.51016436728885,0.6781802433460244,1.4418360727881474,0.029337675928849147,0.014583333333333334,0.0,0.0,0.014754342595515814,0.014583333333333334,0.0,0.0,0.0,0.0,19.442574740969402,19.442574740969402,0.0,0.0,0.0,0.014583333333333334
13.633333333333333,86.34383615102396,1.4390639358503994,86.34383615102396,0.6781350918892992,1.4390639358503994,0.029279320563230942,0.014583333333333334,0.0,0.0,0.014695987229897609,0.014583333333333334,0.0,0.0,0.0,0.0,19.442574740969402,19.442574740969402,0.0,0.0,0.0,0.014583333333333334
13.65,80.05476554543621,1.3342460924239368,80.05476554543621,0.6760218762255249,1.3342460924239368,0.027062092611671317,0.014583333333333334,0.0,0.0,0.012478759278337984,0.014583333333333334,0.0,0.0,0.0,0.0,19.442574740969402,19.442574740969402,0.0,0.0,0.0,0.014583333333333334
13.666666666666666,82.56403569506992,1.3760672615844987,82.56403569506992,0.6769598714875721,1.3760672615844987,0.02794906440325525,0.014583333333333334,0.0,0.0,0.013365731069921918,0.014583333333333334,0.0,0.0,0.0,0.0,19.442574740969402,19.442574740969402,0.0,0.0,0.0,0.014583333333333334
13.683333333333334,90.36655154378596,1.5061091923964327,90.36655154378596,0.6790719667084147,1.5061091923964327,0.030685764517199753,0.014583333333333334,0.0,0.0,0.01610243118386642,0.014583333333333334,0.0,0.0,0.0,0.0,19.442574740969402,19.442574740969402,0.0,0.0,0.0,0.014583333333333334
13.7,79.12850969929544,1.3188084949882573,79.12850969929544,0.675643808926276,1.3188084949882573,0.026734017245670438,0.014583333333333334,0.0,0.0,0.012150683912337104,0.014583333333333334,0.0,0.0,0.0,0.0,19.442574740969402,19.442574740969402,0.0,0.0,0.0,0.014583333333333334
13.716666666666667,74.85203397878591,1.2475338996464318,74.85203397878591,0.6736757980499587,1.2475338996464318,0.025215523415502164,0.014583333333333334,0.0,0.0,0.01063219008216883,0.014583333333333334,0.0,0.0,0.0,0.0,19.442574740969402,19.442574740969402,0.0,0.0,0.0,0.014583333333333334
13.733333333333333,75.64590575600536,1.2607650959334227,75.64590575600536,0.6740687809355463,1.2607650959334227,0.025497821520009883,0.014583333333333334,0.0,0.0,0.01091448818667655,0.014583333333333334,0.0,0.0,0.0,0.0,19.442574740969402,19.442574740969402,0.0,0.0,0.0,0.014583333333333334
13.75,83.22888126548338,1.3871480210913896,83.22888126548338,0.6771872957639276,1.3871480210913896,0.028183588875702426,0.014583333333333334,0.0,0.0,0.013600255542369093,0.014583333333333334,0.0,0.0,0.0,0.0,19.442574740969402,19.442574740969402,0.0,0.0,0.0,0.014583333333333334
13.766666666666666,82.93079975986912,1.3821799959978187,82.93079975986912,0.6770864240316232,1.3821799959978187,0.02807846717246344,0.014583333333333334,0.0,0.0,0.013495133839130105,0.014583333333333334,0.0,0.0,0.0,0.0,19.442574740969402,19.442574740969402,0.0,0.0,0.0,0.014583333333333334
13.783333333333333,82.0103461738123,1.3668391028968716,82.0103461738123,0.6767637235521393,1.3668391028968716,0.027753588982092785,0.014583333333333334,0.0,0.0,0.013170255648759451,0.014583333333333334,0.0,0.0,0.0,0.0,19.442574740969402,19.442574740969402,0.0,0.0,0.0,0.014583333333333334
13.799999999999999,87.17540183693703,1.4529233639489505,87.17540183693703,0.6783552968195596,1.4529233639489505,0.029570904884718374,0.014583333333333334,0.0,0.0,0.01498757155138504,0.014583333333333334,0.0,0.0,0.0,0.0,19.442574740969402,19.442574740969402,0.0,0.0,0.0,0.014583333333333334
13.816666666666666,70.9324170456921,1.1822069507615351,70.9324170456921,0.6715507562119444,1.1822069507615351,0.023819741127600536,0.014583333333333334,0.0,0.0,0.009236407794267203,0.014583333333333334,0.0,0.0,0.0,0.0,19.442574740969402,19.442574740969402,0.0,0.0,0.0,0.014583333333333334
13.833333333333334,83.17499249226915,1.3862498748711525,83.17499249226915,0.677169191223648,1.3862498748711525,0.028164587656777127,0.014583333333333334,0.0,0.0,0.013581254323443794,0.014583333333333334,0.0,0.0,0.0,0.0,19.442574740969402,19.442574740969402,0.0,0.0,0.0,0.014583333333333334
13.85,87.58726739711945,1.4597877899519909,87.58726739711945,0.6784592406932939,1.4597877899519909,0.029715166983023383,0.014583333333333334,0.0,0.0,0.015131833649690049,0.014583333333333334,0.0,0.0,0.0,0.0,19.442574740969402,19.442574740969402,0.0,0.0,0.0,0.014583333333333334
13.866666666666667,76.36288945812726,1.272714824302121,76.36288945812726,0.674412870052313,1.272714824302121,0.025752632985770137,0.014583333333333334,0.0,0.0,0.011169299652436803,0.014583333333333334,0.0,0.0,0.0,0.0,19.442574740969402,19.442574740969402,0.0,0.0,0.0,0.014583333333333334
13.883333333333333,79.0752847911322,1.3179214131855368,79.0752847911322,0.6756215629342778,1.3179214131855368,0.026715155265555488,0.014583333333333334,0.0,0.0,0.012131821932222155,0.014583333333333334,0.0,0.0,0.0,0.0,19.442574740969402,19.442574740969402,0.0,0.0,0.0,0.014583333333333334
13.9,77.26146665182078,1.2876911108636797,77.26146665182078,0.6748295910117375,1.2876911108636797,0.026071769147722378,0.014583333333333334,0.0,0.0,0.011488435814389044,0.014583333333333334,0.0,0.0,0.0,0.0,19.442574740969402,19.442574740969402,0.0,0.0,0.0,0.014583333333333334
13.916666666666666,76.38378141401449,1.2730630235669083,76.38378141401449,0.6744227421969896,1.2730630235669083,0.02576005566587414,0.014583333333333334,0.0,0.0,0.011176722332540807,0.014583333333333334,0.0,0.0,0.0,0.0,19.442574740969402,19.442574740969402,0.0,0.0,0.0,0.014583333333333334
13.933333333333334,78.33387805480272,1.305564634246712,78.33387805480272,0.6753057915985584,1.305564634246712,0.026452305994991248,0.014583333333333334,0.0,0.0,0.011868972661657914,0.014583333333333334,0.0,0.0,0.0,0.0,19.442574740969402,19.442574740969402,0.0,0.0,0.0,0.014583333333333334
13.95,84.96480629448652,1.4160801049081087,84.96480629448652,0.677739429502377,1.4160801049081087,0.02879487916081871,0.014583333333333334,0.0,0.0,0.014211545827485378,0.014583333333333334,0.0,0.0,0.0,0.0,19.442574740969402,19.442574740969402,0.0,0.0,0.0,0.014583333333333334
13.966666666666667,86.22936491879801,1.437156081979967,86.22936491879801,0.6781036960946037,1.437156081979967,0.02923914944660831,0.014583333333333334,0.0,0.0,0.014655816113274975,0.014583333333333334,0.0,0.0,0.0,0.0,19.442574740969402,19.442574740969402,0.0,0.0,0.0,0.014583333333333334
13.983333333333333,77.32070986782296,1.2886784977970493,77.32070986782296,0.6748564979910054,1.2886784977970493,0.02609280102189098,0.014583333333333334,0.0,0.0,0.011509467688557647,0.014583333333333334,0.0,0.0,0.0,0.0,19.442574740969402,19.442574740969402,0.0,0.0,0.0,0.014583333333333334
14.0,85.76627131460475,1.4294378552434126,85.76627131460475,0.6779740096771056,1.4294378552434126,0.029076559085017058,0.014583333333333334,0.0,0.0,0.014493225751683724,0.014583333333333334,0.0,0.0,0.0,0.0,19.442574740969402,19.442574740969402,0.0,0.0,0.0,0.014583333333333334
14.016666666666666,78.10963937659955,1.3018273229433257,78.10963937659955,0.6752081211177748,1.3018273229433257,0.026372768699200293,0.014583333333333334,0.0,0.0,0.01178943536586696,0.014583333333333334,0.0,0.0,0.0,0.0,19.442574740969402,19.442574740969402,0.0,0.0,0.0,0.014583333333333334
14.033333333333333,84.43988257329832,1.4073313762216386,84.43988257329832,0.6775788274566726,1.4073313762216386,0.028610199332230527,0.014583333333333334,0.0,0.0,0.014026865998897194,0.014583333333333334,0.0,0.0,0.0,0.0,19.442574740969402,19.442574740969402,0.0,0.0,0.0,0.014583333333333334
14.049999999999999,76.93197951042342,1.282199658507057,76.93197951042342,0.6746786643069248,1.282199658507057,0.025954778067096798,0.014583333333333334,0.0,0.0,0.011371444733763465,0.014583333333333334,0.0,0.0,0.0,0.0,19.442574740969402,19.442574740969402,0.0,0.0,0.0,0.014583333333333334
14.066666666666666,77.45475998313732,1.290912666385622,77.45475998313732,0.6749171215258206,1.290912666385622,0.02614038586673285,0.014583333333333334,0.0,0.0,0.011557052533399517,0.014583333333333334,0.0,0.0,0.0,0.0,19.442574740969402,19.442574740969402,0.0,0.0,0.0,0.014583333333333334
14.083333333333334,78.00650632925522,1.3001084388209203,78.00650632925522,0.6751628623615491,1.3001084388209203,0.026336181666208745,0.014583333333333334,0.0,0.0,0.011752848332875411,0.014583333333333334,0.0,0.0,0.0,0.0,19.442574740969402,19.442574740969402,0.0,0.0,0.0,0.014583333333333334
14.1,88.38199399632447,1.4730332332720744,88.38199399632447,0.6786502193649856,1.4730332332720744,0.029993229129673185,0.014583333333333334,0.0,0.0,0.015409895796339852,0.014583333333333334,0.0,0.0,0.0,0.0,19.442574740969402,19.442574740969402,0.0,0.0,0.0,0.014583333333333334
14.116666666666667,79.14452733447183,1.3190754555745305,79.14452733447183,0.6756504925989741,1.3190754555745305,0.026739693409365373,0.014583333333333334,0.0,0.0,0.01215636007603204,0.014583333333333334,0.0,0.0,0.0,0.0,19.442574740969402,19.442574740969402,0.0,0.0,0.0,0.014583333333333334
14.133333333333333,72.89179345155084,1.214863224192514,72.89179345155084,0.6726514513772662,1.214863224192514,0.024517837113050098,0.014583333333333334,0.0,0.0,0.009934503779716764,0.014583333333333334,0.0,0.0,0.0,0.0,19.442574740969402,19.442574740969402,0.0,0.0,0.0,0.014583333333333334
14.15,78.85690541322519,1.3142817568870866,78.85690541322519,0.675529695512947,1.3142817568870866,0.026637754426887324,0.014583333333333334,0.0,0.0,0.01205442109355399,0.014583333333333334,0.0,0.0,0.0,0.0,19.442574740969402,19.442574740969402,0.0,0.0,0.0,0.014583333333333334
14.166666666666666,73.50562752523979,1.2250937920873297,73.50562752523979,0.6729804822716867,1.2250937920873297,0.024736399970806504,0.014583333333333334,0.0,0.0,0.01015306663747317,0.014583333333333334,0.0,0.0,0.0,0.0,19.442574740969402,19.442574740969402,0.0,0.0,0.0,0.014583333333333334
14.183333333333334,72.68089649938445,1.2113482749897408,72.68089649938445,0.6725366658392266,1.2113482749897408,0.02444272817376834,0.014583333333333334,0.0,0.0,0.009859394840435007,0.014583333333333334,0.0,0.0,0.0,0.0,19.442574740969402,19.442574740969402,0.0,0.0,0.0,0.014583333333333334
14.2,77.51760937804777,1.291960156300796,77.51760937804777,0.6749454211192196,1.291960156300796,0.02616269402231304,0.014583333333333334,0.0,0.0,0.011579360688979707,0.014583333333333334,0.0,0.0,0.0,0.0,19.442574740969402,19.442574740969402,0.0,0.0,0.0,0.014583333333333334
14.216666666666667,73.9056827627631,1.2317613793793851,73.9056827627631,0.6731908660792245,1.2317613793793851,0.02487880317393785,0.014583333333333334,0.0,0.0,0.010295469840604518,0.014583333333333334,0.0,0.0,0.0,0.0,19.442574740969402,19.442574740969402,0.0,0.0,0.0,0.014583333333333334
14.233333333333333,74.45410717712731,1.2409017862854552,74.45410717712731,0.673474073598823,1.2409017862854552,0.025073962824654118,0.014583333333333334,0.0,0.0,0.010490629491320784,0.014583333333333334,0.0,0.0,0.0,0.0,19.442574740969402,19.442574740969402,0.0,0.0,0.0,0.014583333333333334
14.25,73.12105149173334,1.218684191528889,73.12105149173334,0.6727752212708995,1.218684191528889,0.02459947574603047,0.014583333333333334,0.0,0.0,0.010016142412697136,0.014583333333333334,0.0,0.0,0.0,0.0,19.442574740969402,19.442574740969402,0.0,0.0,0.0,0.014583333333333334
14.266666666666666,73.93058684963947,1.2321764474939911,73.93058684963947,0.6732038569799581,1.2321764474939911,0.024887666874671997,0.014583333333333334,0.0,0.0,0.010304333541338664,0.014583333333333334,0.0,0.0,0.0,0.0,19.442574740969402,19.442574740969402,0.0,0.0,0.0,0.014583333333333334
14.283333333333333,73.87957188193985,1.231326198032331,73.87957188193985,0.6731772323492926,1.231326198032331,0.024869509814298876,0.014583333333333334,0.0,0.0,0.010286176480965543,0.014583333333333334,0.0,0.0,0.0,0.0,19.442574740969402,19.442574740969402,0.0,0.0,0.0,0.014583333333333334
14.299999999999999,65.0054841253056,1.0834247354217599,65.0054841253056,0.6677538385869577,1.0834247354217599,0.02170600137707589,0.014583333333333334,0.0,0.0,0.007122668043742557,0.014583333333333334,0.0,0.0,0.0,0.0,19.442574740969402,19.442574740969402,0.0,0.0,0.0,0.014583333333333334
14.316666666666666,73.99517023444159,1.233252837240693,73.99517023444159,0.6732374882886433,1.233252837240693,0.024910652342297245,0.014583333333333334,0.0,0.0,0.010327319008963911,0.014583333333333334,0.0,0.0,0.0,0.0,19.442574740969402,19.442574740969402,0.0,0.0,0.0,0.014583333333333334
14.333333333333334,67.74138737464891,1.1290231229108152,67.74138737464891,0.6695938191148755,1.1290231229108152,0.022681875329698658,0.014583333333333334,0.0,0.0,0.008098541996365324,0.014583333333333334,0.0,0.0,0.0,0.0,19.442574740969402,19.442574740969402,0.0,0.0,0.0,0.014583333333333334
14.35,65.75786170439869,1.0959643617399781,65.75786170439869,0.6682747596494492,1.0959643617399781,0.021974357048489226,0.014583333333333334,0.0,0.0,0.007391023715155893,0.014583333333333334,0.0,0.0,0.0,0.0,19.442574740969402,19.442574740969402,0.0,0.0,0.0,0.014583333333333334
14.366666666666667,70.29040028958691,1.1715066714931153,70.29040028958691,0.6711733968504703,1.1715066714931153,0.023590882452415907,0.014583333333333334,0.0,0.0,0.009007549119082574,0.014583333333333334,0.0,0.0,0.0,0.0,19.442574740969402,19.442574740969402,0.0,0.0,0.0,0.014583333333333334
14.383333333333333,70.41701364198741,1.1736168940331235,70.41701364198741,0.6712484691814165,1.1736168940331235,0.02363601990774626,0.014583333333333334,0.0,0.0,0.009052686574412928,0.014583333333333334,0.0,0.0,0.0,0.0,19.442574740969402,19.442574740969402,0.0,0.0,0.0,0.014583333333333334
14.4,67.3288832066417,1.1221480534440285,67.3288832066417,0.6693259812747475,1.1221480534440285,0.022534738884097575,0.014583333333333334,0.0,0.0,0.007951405550764241,0.014583333333333334,0.0,0.0,0.0,0.0,19.442574740969402,19.442574740969402,0.0,0.0,0.0,0.014583333333333334
14.416666666666666,72.2532698896673,1.2042211648277883,72.2532698896673,0.6723011896818436,1.2042211648277883,0.024290408693482674,0.014583333333333334,0.0,0.0,0.00970707536014934,0.014583333333333334,0.0,0.0,0.0,0.0,19.442574740969402,19.442574740969402,0.0,0.0,0.0,0.014583333333333334
14.433333333333334,64.36278742913403,1.0727131238189005,64.36278742913403,0.6672998908017892,1.0727131238189005,0.021476788190399,0.014583333333333334,0.0,0.0,0.006893454857065665,0.014583333333333334,0.0,0.0,0.0,0.0,19.442574740969402,19.442574740969402,0.0,0.0,0.0,0.014583333333333334
14.45,67.21734820629591,1.1202891367715986,67.21734820629591,0.6692529774137276,1.1202891367715986,0.022494954705930003,0.014583333333333334,0.0,0.0,0.00791162137259667,0.014583333333333334,0.0,0.0,0.0,0.0,19.442574740969402,19.442574740969402,0.0,0.0,0.0,0.014583333333333334
14.466666666666667,66.23733683800745,1.1039556139667908,66.23733683800745,0.6686008257620983,1.1039556139667908,0.02214538359144616,0.014583333333333334,0.0,0.0,0.007562050258112827,0.014583333333333334,0.0,0.0,0.0,0.0,19.442574740969402,19.442574740969402,0.0,0.0,0.0,0.014583333333333334
14.483333333333333,67.69261052827909,1.128210175471318,67.69261052827909,0.6695623258552255,1.128210175471318,0.022664477321995436,0.014583333333333334,0.0,0.0,0.008081143988662103,0.014583333333333334,0.0,0.0,0.0,0.0,19.442574740969402,19.442574740969402,0.0,0.0,0.0,0.014583333333333334
14.5,68.40800826574383,1.1401334710957305,68.40800826574383,0.670019460582627,1.1401334710957305,0.022919640362909072,0.014583333333333334,0.0,0.0,0.008336307029575739,0.014583333333333334,0.0,0.0,0.0,0.0,19.442574740969402,19.442574740969402,0.0,0.0,0.0,0.014583333333333334
14.516666666666666,63.70204499007244,1.0617007498345405,63.70204499007244,0.6668245846209728,1.0617007498345405,0.02124116896190198,0.014583333333333334,0.0,0.0,0.006657835628568646,0.014583333333333334,0.0,0.0,0.0,0.0,19.442574740969402,19.442574740969402,0.0,0.0,0.0,0.014583333333333334
14.533333333333333,69.11211072262792,1.1518685120437986,69.11211072262792,0.670459382959888,1.1518685120437986,0.023170748629937284,0.014583333333333334,0.0,0.0,0.00858741529660395,0.014583333333333334,0.0,0.0,0.0,0.0,19.442574740969402,19.442574740969402,0.0,0.0,0.0,0.014583333333333334
14.549999999999999,66.51848691534852,1.108641448589142,66.51848691534852,0.6687898828156231,1.108641448589142,0.022245670101604408,0.014583333333333334,0.0,0.0,0.007662336768271074,0.014583333333333334,0.0,0.0,0.0,0.0,19.442574740969402,19.442574740969402,0.0,0.0,0.0,0.014583333333333334
14.566666666666666,59.685276254185126,0.9947546042364187,59.685276254185126,0.6637472304929863,0.9947546042364187,0.019809949402402334,0.014583333333333334,0.0,0.0,0.005226616069069,0.014583333333333334,0.0,0.0,0.0,0.0,19.442574740969402,19.442574740969402,0.0,0.0,0.0,0.014583333333333334
14.583333333333334,59.11421421526955,0.9852369035878258,59.11421421526955,0.6632835252076513,0.9852369035878258,0.019606702867578877,0.014583333333333334,0.0,0.0,0.005023369534245543,0.014583333333333334,0.0,0.0,0.0,0.0,19.442574740969402,19.442574740969402,0.0,0.0,0.0,0.014583333333333334
14.6,65.1008738495328,1.08501456415888,65.1008738495328,0.6678205099393378,1.08501456415888,0.021740023388184565,0.014583333333333334,0.0,0.0,0.0071566900548512315,0.014583333333333334,0.0,0.0,0.0,0.0,19.442574740969402,19.442574740969402,0.0,0.0,0.0,0.014583333333333334
14.616666666666667,64.03377780441207,1.0672296300735344,64.03377780441207,0.6670643086097761,1.0672296300735344,0.02135945980536662,0.014583333333333334,0.0,0.0,0.006776126472033288,0.014583333333333334,0.0,0.0,0.0,0.0,19.442574740969402,19.442574740969402,0.0,0.0,0.0,0.014583333333333334
14.633333333333333,64.0233992280625,1.0670566538010418,64.0233992280625,0.6670568419689663,1.0670566538010418,0.021355758826477514,0.014583333333333334,0.0,0.0,0.00677242549314418,0.014583333333333334,0.0,0.0,0.0,0.0,19.442574740969402,19.442574740969402,0.0,0.0,0.0,0.014583333333333334
14.65,63.87263774583225,1.0645439624305375,63.87263774583225,0.6669481369655614,1.0645439624305375,0.02130199857368688,0.014583333333333334,0.0,0.0,0.006718665240353545,0.014583333333333334,0.0,0.0,0.0,0.0,19.442574740969402,19.442574740969402,0.0,0.0,0.0,0.014583333333333334
14.666666666666666,64.28391217910614,1.0713985363184357,64.28391217910614,0.667243610707702,1.0713985363184357,0.021448659702372037,0.014583333333333334,0.0,0.0,0.006865326369038704,0.014583333333333334,0.0,0.0,0.0,0.0,19.442574740969402,19.442574740969402,0.0,0.0,0.0,0.014583333333333334
14.683333333333334,66.16402695104567,1.102733782517428,66.16402695104567,0.6685512692783044,1.102733782517428,0.022119234022745037,0.014583333333333334,0.0,0.0,0.007535900689411703,0.014583333333333334,0.0,0.0,0.0,0.0,19.442574740969402,19.442574740969402,0.0,0.0,0.0,0.014583333333333334
14.7,59.28624374245721,0.9881040623742868,59.28624374245721,0.663423900514014,0.9881040623742868,0.019667922327455505,0.014583333333333334,0.0,0.0,0.005084588994122171,0.014583333333333334,0.0,0.0,0.0,0.0,19.442574740969402,19.442574740969402,0.0,0.0,0.0,0.014583333333333334
14.716666666666667,58.720354259019444,0.9786725709836573,58.720354259019444,0.6629599084749915,0.9786725709836573,0.019466566999289236,0.014583333333333334,0.0,0.0,0.004883233665955902,0.014583333333333334,0.0,0.0,0.0,0.0,19.442574740969402,19.442574740969402,0.0,0.0,0.0,0.014583333333333334
14.733333333333333,58.588308058176885,0.9764718009696147,58.588308058176885,0.6628507177051555,0.9764718009696147,0.019419592982044855,0.014583333333333334,0.0,0.0,0.004836259648711521,0.014583333333333334,0.0,0.0,0.0,0.0,19.442574740969402,19.442574740969402,0.0,0.0,0.0,0.014583333333333334
14.75,62.46574165331753,1.041095694221959,62.46574165331753,0.665911794503645,1.041095694221959,0.02080041710139102,0.014583333333333334,0.0,0.0,0.006217083768057685,0.014583333333333334,0.0,0.0,0.0,0.0,19.442574740969402,19.442574740969402,0.0,0.0,0.0,0.014583333333333334
14.766666666666666,64.98320186454718,1.0830533644091198,64.98320186454718,0.6677382384834095,1.0830533644091198,0.02169805417744002,0.014583333333333334,0.0,0.0,0.007114720844106685,0.014583333333333334,0.0,0.0,0.0,0.0,19.442574740969402,19.442574740969402,0.0,0.0,0.0,0.014583333333333334
14.783333333333333,59.462599588116476,0.9910433264686079,59.462599588116476,0.6635671916784663,0.9910433264686079,0.0197306881781116,0.014583333333333334,0.0,0.0,0.005147354844778268,0.014583333333333334,0.0,0.0,0.0,0.0,19.442574740969402,19.442574740969402,0.0,0.0,0.0,0.014583333333333334
14.799999999999999,52.8190693776809,0.8803178229613483,52.8190693776809,0.6577395978561191,0.8803178229613483,0.017372333959201066,0.014583333333333334,0.0,0.0,0.0027890006258677325,0.014583333333333334,0.0,0.0,0.0,0.0,19.442574740969402,19.442574740969402,0.0,0.0,0.0,0.014583333333333334
14.816666666666666,54.85773135906488,0.9142955226510813,54.85773135906488,0.6596217558194966,0.9142955226510813,0.01809448598826914,0.014583333333333334,0.0,0.0,0.003511152654935807,0.014583333333333334,0.0,0.0,0.0,0.0,19.442574740969402,19.442574740969402,0.0,0.0,0.0,0.014583333333333334
14.833333333333334,57.08155801124493,0.9513593001874154,57.08155801124493,0.6615800733725787,0.9513593001874154,0.01888389905855612,0.014583333333333334,0.0,0.0,0.004300565725222787,0.014583333333333334,0.0,0.0,0.0,0.0,19.442574740969402,19.442574740969402,0.0,0.0,0.0,0.014583333333333334
14.85,57.50751863922956,0.9584586439871593,57.50751863922956,0.6619438902780458,0.9584586439871593,0.019035278832027623,0.014583333333333334,0.0,0.0,0.0044519454986942895,0.014583333333333334,0.0,0.0,0.0,0.0,19.442574740969402,19.442574740969402,0.0,0.0,0.0,0.014583333333333334
14.866666666666667,57.55152687778968,0.9591921146298279,57.55152687778968,0.6619812712959299,0.9591921146298279,0.019050921555946138,0.014583333333333334,0.0,0.0,0.004467588222612805,0.014583333333333334,0.0,0.0,0.0,0.0,19.442574740969402,19.442574740969402,0.0,0.0,0.0,0.014583333333333334
14.883333333333333,58.45698863125146,0.974283143854191,58.45698863125146,0.6627417820641603,0.974283143854191,0.019372881697959775,0.014583333333333334,0.0,0.0,0.004789548364626441,0.014583333333333334,0.0,0.0,0.0,0.0,19.442574740969402,19.442574740969402,0.0,0.0,0.0,0.014583333333333334
14.9,57.03388459504462,0.9505647432507436,57.03388459504462,0.6615391292700806,0.9505647432507436,0.018866959872935338,0.014583333333333334,0.0,0.0,0.004283626539602004,0.014583333333333334,0.0,0.0,0.0,0.0,19.442574740969402,19.442574740969402,0.0,0.0,0.0,0.014583333333333334
14.916666666666666,60.547163295843596,1.00911938826406,60.547163295843596,0.6644347367599518,1.00911938826406,0.02011683093611144,0.014583333333333334,0.0,0.0,0.005533497602778107,0.014583333333333334,0.0,0.0,0.0,0.0,19.442574740969402,19.442574740969402,0.0,0.0,0.0,0.014583333333333334
14.933333333333334,55.18926335124484,0.9198210558540807,55.18926335124484,0.6599199788099591,0.9198210558540807,0.018212069957641137,0.014583333333333334,0.0,0.0,0.003628736624307804,0.014583333333333334,0.0,0.0,0.0,0.0,19.442574740969402,19.442574740969402,0.0,0.0,0.0,0.014583333333333334
14.95,54.26536883714804,0.9044228139524673,54.26536883714804,0.6590834351239789,0.9044228139524673,0.01788449129985861,0.014583333333333334,0.0,0.0,0.0033011579665252755,0.014583333333333334,0.0,0.0,0.0,0.0,19.442574740969402,19.442574740969402,0.0,0.0,0.0,0.014583333333333334
14.966666666666667,57.648445688501305,0.9608074281416884,57.648445688501305,0.6620634584740018,0.9608074281416884,0.019085373201410058,0.014583333333333334,0.0,0.0,0.004502039868076724,0.014583333333333334,0.0,0.0,0.0,0.0,19.442574740969402,19.442574740969402,0.0,0.0,0.0,0.014583333333333334
14.983333333333333,51.598389556187605,0.8599731592697935,51.598389556187605,0.6565728410644543,0.8599731592697935,0.016940744687096995,0.014583333333333334,0.0,0.0,0.002357411353763661,0.014583333333333334,0.0,0.0,0.0,0.0,19.442574740969402,19.442574740969402,0.0,0.0,0.0,0.014583333333333334
15.0,56.55944865274509,0.9426574775457515,56.55944865274509,0.6611291849864651,0.9426574775457515,0.018698420937630356,0.014583333333333334,0.0,0.0,0.004115087604297022,0.014583333333333334,0.0,0.0,0.0,0.0,19.442574740969402,19.442574740969402,0.0,0.0,0.0,0.014583333333333334
15.016666666666666,55.34905193930688,0.922484198988448,55.34905193930688,0.6600629283728129,0.922484198988448,0.01826875552841175,0.014583333333333334,0.0,0.0,0.003685422195078416,0.014583333333333334,0.0,0.0,0.0,0.0,19.442574740969402,19.442574740969402,0.0,0.0,0.0,0.014583333333333334
15.033333333333333,54.25147216595116,0.9041912027658526,54.25147216595116,0.6590707220101726,0.9041912027658526,0.017879566421906294,0.014583333333333334,0.0,0.0,0.0032962330885729606,0.014583333333333334,0.0,0.0,0.0,0.0,19.442574740969402,19.442574740969402,0.0,0.0,0.0,0.014583333333333334
15.049999999999999,58.54913928371763,0.9758189880619604,58.54913928371763,0.6628182614587936,0.9758189880619604,0.019405659920963332,0.014583333333333334,0.0,0.0,0.0048223265876299985,0.014583333333333334,0.0,0.0,0.0,0.0,19.442574740969402,19.442574740969402,0.0,0.0,0.0,0.014583333333333334
15.066666666666666,52.153741627356276,0.8692290271226045,52.153741627356276,0.6571073555973822,0.8692290271226045,0.017137017324363034,0.014583333333333334,0.0,0.0,0.0025536839910297003,0.014583333333333334,0.0,0.0,0.0,0.0,19.442574740969402,19.442574740969402,0.0,0.0,0.0,0.014583333333333334
15.083333333333334,58.91719134270234,0.9819531890450389,58.91719134270234,0.6631220283282787,0.9819531890450389,0.019536597373026342,0.014583333333333334,0.0,0.0,0.004953264039693008,0.014583333333333334,0.0,0.0,0.0,0.0,19.442574740969402,19.442574740969402,0.0,0.0,0.0,0.014583333333333334
15.1,52.403195079417415,0.873386584656957,52.403195079417415,0.6573454416135202,0.873386584656957,0.017225223228042347,0.014583333333333334,0.0,0.0,0.002641889894709013,0.014583333333333334,0.0,0.0,0.0,0.0,19.442574740969402,19.442574740969402,0.0,0.0,0.0,0.014583333333333334
15.116666666666667,49.22845822217779,0.8204743037029631,49.22845822217779,0.6542225054550286,0.8204743037029631,0.0161047931182125,0.014583333333333334,0.0,0.0,0.001521459784879168,0.014583333333333334,0.0,0.0,0.0,0.0,19.442574740969402,19.442574740969402,0.0,0.0,0.0,0.014583333333333334
15.133333333333333,52.35369013656063,0.8725615022760105,52.35369013656063,0.6572982915639712,0.8725615022760105,0.017207716313546773,0.014583333333333334,0.0,0.0,0.0026243829802134397,0.014583333333333334,0.0,0.0,0.0,0.0,19.442574740969402,19.442574740969402,0.0,0.0,0.0,0.014583333333333334
15.15,48.97103067583558,0.8161838445972597,48.97103067583558,0.653960442897135,0.8161838445972597,0.0160141598709364,0.014583333333333334,0.0,0.0,0.0014308265376030659,0.014583333333333334,0.0,0.0,0.0,0.0,19.442574740969402,19.442574740969402,0.0,0.0,0.0,0.014583333333333334
15.166666666666666,49.4109053386784,0.8235150889779733,49.4109053386784,0.6544074350134784,0.8235150889779733,0.016169048817070868,0.014583333333333334,0.0,0.0,0.001585715483737534,0.014583333333333334,0.0,0.0,0.0,0.0,19.442574740969402,19.442574740969402,0.0,0.0,0.0,0.014583333333333334
15.183333333333334,51.93589985913027,0.8655983309855044,51.93589985913027,0.6568984227764845,0.8655983309855044,0.01706001135260532,0.014583333333333334,0.0,0.0,0.0024766780192719863,0.014583333333333334,0.0,0.0,0.0,0.0,19.442574740969402,19.442574740969402,0.0,0.0,0.0,0.014583333333333334
15.2,51.9120650889105,0.865201084815175,51.9120650889105,0.6568755051598683,0.865201084815175,0.017051587148299855,0.014583333333333334,0.0,0.0,0.0024682538149665215,0.014583333333333334,0.0,0.0,0.0,0.0,19.442574740969402,19.442574740969402,0.0,0.0,0.0,0.014583333333333334
15.216666666666667,48.53445923081117,0.8089076538468528,48.53445923081117,0.6535129811333497,0.8089076538468528,0.015860535623373553,0.014583333333333334,0.0,0.0,0.0012772022900402191,0.014583333333333334,0.0,0.0,0.0,0.0,19.442574740969402,19.442574740969402,0.0,0.0,0.0,0.014583333333333334
15.233333333333333,52.128895423549935,0.8688149237258322,52.128895423549935,0.6570835734663059,0.8688149237258322,0.017128233266205394,0.014583333333333334,0.0,0.0,0.0025448999328720606,0.014583333333333334,0.0,0.0,0.0,0.0,19.442574740969402,19.442574740969402,0.0,0.0,0.0,0.014583333333333334
15.25,52.11071655222624,0.8685119425371041,52.11071655222624,0.6570661653085879,0.8685119425371041,0.017121806528879915,0.014583333333333334,0.0,0.0,0.002538473195546582,0.014583333333333334,0.0,0.0,0.0,0.0,19.442574740969402,19.442574740969402,0.0,0.0,0.0,0.014583333333333334
15.266666666666666,52.35073998643508,0.8725123331072513,52.35073998643508,0.6572954802015969,0.8725123331072513,0.017206673056452036,0.014583333333333334,0.0,0.0,0.0026233397231187026,0.014583333333333334,0.0,0.0,0.0,0.0,19.442574740969402,19.442574740969402,0.0,0.0,0.0,0.014583333333333334
15.283333333333333,49.70811244205301,0.8284685407008835,49.70811244205301,0.6547072604585882,0.8284685407008835,0.016273758435595552,0.014583333333333334,0.0,0.0,0.0016904251022622184,0.014583333333333334,0.0,0.0,0.0,0.0,19.442574740969402,19.442574740969402,0.0,0.0,0.0,0.014583333333333334
15.299999999999999,51.28217866393958,0.8547029777323264,51.28217866393958,0.656265738842677,0.8547029777323264,0.01682905134031027,0.014583333333333334,0.0,0.0,0.002245718006976937,0.014583333333333334,0.0,0.0,0.0,0.0,19.442574740969402,19.442574740969402,0.0,0.0,0.0,0.014583333333333334
15.316666666666666,43.11675039221675,0.7186125065369459,43.11675039221675,0.6476429591405863,0.7186125065369459,0.013963526258896538,0.013963526258896538,0.0,0.0,0.0,0.014583333333333334,0.0006198070744367953,0.0,0.0,0.0,19.442574740969402,19.442574740969402,0.0,0.0,0.0,0.013963526258896538
15.333333333333334,46.42544105340841,0.7737573508901402,46.42544105340841,0.6512976663367819,0.7737573508901402,0.015119902698640228,0.014583333333333334,0.0,0.0,0.0005365693653068947,0.014583333333333334,0.0,0.0,0.0,0.0,19.442574740969402,19.442574740969402,0.0,0.0,0.0,0.014583333333333334
15.35,44.73129424658244,0.745521570776374,44.73129424658244,0.6494537016434215,0.745521570776374,0.014526905004372464,0.014526905004372464,0.0,0.0,0.0,0.014583333333333334,5.642832896086969e-05,0.0,0.0,0.0,19.442574740969402,19.442574740969402,0.0,0.0,0.0,0.014526905004372464
15.366666666666667,46.61751974873966,0.7769586624789944,46.61751974873966,0.6515031080222381,0.7769586624789944,0.015187248227118687,0.014583333333333334,0.0,0.0,0.0006039148937853536,0.014583333333333334,0.0,0.0,0.0,0.0,19.442574740969402,19.442574740969402,0.0,0.0,0.0,0.014583333333333334
15.383333333333333,44.6121288244744,0.7435354804079066,44.6121288244744,0.6493218372664339,0.7435354804079066,0.01448526325266254,0.01448526325266254,0.0,0.0,0.0,0.014583333333333334,9.807008067079341e-05,0.0,0.0,0.0,19.442574740969402,19.442574740969402,0.0,0.0,0.0,0.01448526325266254
15.4,45.12933391293092,0.7521555652155153,45.12933391293092,0.6498921000316137,0.7521555652155153,0.014666065401391436,0.014583333333333334,0.0,0.0,8.273206805810285e-05,0.014583333333333334,0.0,0.0,0.0,0.0,19.442574740969402,19.442574740969402,0.0,0.0,0.0,0.014583333333333334
15.416666666666666,49.33402997824969,0.8222338329708281,49.33402997824969,0.654329594817551,0.8222338329708281,0.01614197212040456,0.014583333333333334,0.0,0.0,0.0015586387870712252,0.014583333333333334,0.0,0.0,0.0,0.0,19.442574740969402,19.442574740969402,0.0,0.0,0.0,0.014583333333333334
15.433333333333334,44.294838158121685,0.7382473026353614,44.294838158121685,0.6489693494417015,0.7382473026353614,0.014374433594910333,0.014374433594910333,0.0,0.0,0.0,0.014583333333333334,0.00020889973842300007,0.0,0.0,0.0,19.442574740969402,19.442574740969402,0.0,0.0,0.0,0.014374433594910333
15.45,45.17309506277721,0.7528849177129534,45.17309506277721,0.6499401049500474,0.7528849177129534,0.014681371210130955,0.014583333333333334,0.0,0.0,9.803787679762109e-05,0.014583333333333334,0.0,0.0,0.0,0.0,19.442574740969402,19.442574740969402,0.0,0.0,0.0,0.014583333333333334
15.466666666666667,43.33194501894985,0.7221990836491642,43.33194501894985,0.6478873154466468,0.7221990836491642,0.014038512616966257,0.014038512616966257,0.0,0.0,0.0,0.014583333333333334,0.0005448207163670764,0.0,0.0,0.0,19.442574740969402,19.442574740969402,0.0,0.0,0.0,0.014038512616966257
15.483333333333333,43.58935884281979,0.7264893140469966,43.58935884281979,0.6481783956423585,0.7264893140469966,0.014128253166225615,0.014128253166225615,0.0,0.0,0.0,0.014583333333333334,0.00045508016710771836,0.0,0.0,0.0,19.442574740969402,19.442574740969402,0.0,0.0,0.0,0.014128253166225615
15.5,43.02201508562648,0.7170335847604413,43.02201508562648,0.6475350923509743,0.7170335847604413,0.01393052530832891,0.01393052530832891,0.0,0.0,0.0,0.014583333333333334,0.0006528080250044234,0.0,0.0,0.0,19.442574740969402,19.442574740969402,0.0,0.0,0.0,0.01393052530832891
15.516666666666666,43.54823283540466,0.7258038805900777,43.54823283540466,0.6481319798399432,0.7258038805900777,0.014113912574328256,0.014113912574328256,0.0,0.0,0.0,0.014583333333333334,0.00046942075900507745,0.0,0.0,0.0,19.442574740969402,19.442574740969402,0.0,0.0,0.0,0.014113912574328256
15.533333333333333,44.635636261688695,0.7439272710281449,44.635636261688695,0.6493478722785196,0.7439272710281449,0.014493477064869233,0.014493477064869233,0.0,0.0,0.0,0.014583333333333334,8.985626846410091e-05,0.0,0.0,0.0,19.442574740969402,19.442574740969402,0.0,0.0,0.0,0.014493477064869233
15.549999999999999,45.203107055622965,0.7533851175937161,45.203107055622965,0.6499730052364249,0.7533851175937161,0.01469186885636919,0.014583333333333334,0.0,0.0,0.00010853552303585583,0.014583333333333334,0.0,0.0,0.0,0.0,19.442574740969402,19.442574740969402,0.0,0.0,0.0,0.014583333333333334
15.566666666666666,41.98853471596931,0.6998089119328218,41.98853471596931,0.6463466989559971,0.6998089119328218,0.01357093249708273,0.01357093249708273,0.0,0.0,0.0,0.014583333333333334,0.0010124008362506036,0.0,0.0,0.0,19.442574740969402,19.442574740969402,0.0,0.0,0.0,0.01357093249708273
15.583333333333334,42.140747482079966,0.7023457913679995,42.140747482079966,0.6465230689806757,0.7023457913679995,0.013623845080135024,0.013623845080135024,0.0,0.0,0.0,0.014583333333333334,0.0009594882531983092,0.0,0.0,0.0,19.442574740969402,19.442574740969402,0.0,0.0,0.0,0.013623845080135024
15.6,38.188553238003664,0.6364758873000611,38.188553238003664,0.641793450491889,0.6364758873000611,0.012255807256681454,0.012255807256681454,0.0,0.0,0.0,0.014583333333333334,0.002327526076651879,0.0,0.0,0.0,19.442574740969402,19.442574740969402,0.0,0.0,0.0,0.012255807256681454
15.616666666666667,39.930521256169094,0.6655086876028182,39.930521256169094,0.6439165772344445,0.6655086876028182,0.012857248012031022,0.012857248012031022,0.0,0.0,0.0,0.014583333333333334,0.0017260853213023116,0.0,0.0,0.0,19.442574740969402,19.442574740969402,0.0,0.0,0.0,0.012857248012031022
15.633333333333333,41.55990510559369,0.6926650850932282,41.55990510559369,0.6458475530873279,0.6926650850932282,0.013422023711865802,0.013422023711865802,0.0,0.0,0.0,0.014583333333333334,0.0011613096214675312,0.0,0.0,0.0,19.442574740969402,19.442574740969402,0.0,0.0,0.0,0.013422023711865802
15.65,40.982004022606425,0.6830334003767737,40.982004022606425,0.6451687615081236,0.6830334003767737,0.0132214765373467,0.0132214765373467,0.0,0.0,0.0,0.014583333333333334,0.001361856795986634,0.0,0.0,0.0,19.442574740969402,19.442574740969402,0.0,0.0,0.0,0.0132214765373467
15.666666666666666,39.280419791805336,0.6546736631967556,39.280419791805336,0.6431313257934062,0.6546736631967556,0.012632497478960555,0.012632497478960555,0.0,0.0,0.0,0.014583333333333334,0.0019508358543727788,0.0,0.0,0.0,19.442574740969402,19.442574740969402,0.0,0.0,0.0,0.012632497478960555
15.683333333333334,40.16211090532729,0.6693685150887881,40.16211090532729,0.6441942702869365,0.6693685150887881,0.012937394603380503,0.012937394603380503,0.0,0.0,0.0,0.014583333333333334,0.0016459387299528304,0.0,0.0,0.0,19.442574740969402,19.442574740969402,0.0,0.0,0.0,0.012937394603380503
15.7,38.98036118463731,0.6496726864106218,38.98036118463731,0.6427660367884269,0.6496726864106218,0.01252887902351773,0.01252887902351773,0.0,0.0,0.0,0.014583333333333334,0.0020544543098156044,0.0,0.0,0.0,19.442574740969402,19.442574740969402,0.0,0.0,0.0,0.01252887902351773
15.716666666666667,39.89519152105294,0.6649198586842158,39.89519152105294,0.643874119977091,0.6649198586842158,0.012845025168484582,0.012845025168484582,0.0,0.0,0.0,0.014583333333333334,0.0017383081648487519,0.0,0.0,0.0,19.442574740969402,19.442574740969402,0.0,0.0,0.0,0.012845025168484582
15.733333333333333,37.76531760981495,0.6294219601635825,37.76531760981495,0.641268443077928,0.6294219601635825,0.012110064219416686,0.012110064219416686,0.0,0.0,0.0,0.014583333333333334,0.002473269113916647,0.0,0.0,0.0,19.442574740969402,19.442574740969402,0.0,0.0,0.0,0.012110064219416686
15.75,36.162866324020925,0.602714438733682,36.162866324020925,0.6392482036403518,0.602714438733682,0.011559679636021877,0.011559679636021877,0.0,0.0,0.0,0.014583333333333334,0.0030236536973114563,0.0,0.0,0.0,19.442574740969402,19.442574740969402,0.0,0.0,0.0,0.011559679636021877
15.766666666666666,37.02067155047676,0.617011192507946,37.02067155047676,0.6403360418804708,0.617011192507946,0.011854020546249245,0.011854020546249245,0.0,0.0,0.0,0.014583333333333334,0.0027293127870840882,0.0,0.0,0.0,19.442574740969402,19.442574740969402,0.0,0.0,0.0,0.011854020546249245
15.783333333333333,30.72630267999527,0.5121050446665878,30.72630267999527,0.6320115485961637,0.5121050446665878,0.009710660135722705,0.009710660135722705,0.0,0.0,0.0,0.014583333333333334,0.0048726731976106285,0.0,0.0,0.0,19.442574740969402,19.442574740969402,0.0,0.0,0.0,0.009710660135722705
15.799999999999999,36.27609863113885,0.6046016438523142,36.27609863113885,0.6393926439433166,0.6046016438523142,0.011598495157371939,0.011598495157371939,0.0,0.0,0.0,0.014583333333333334,0.002984838175961395,0.0,0.0,0.0,19.442574740969402,19.442574740969402,0.0,0.0,0.0,0.011598495157371939
15.816666666666666,28.769375149092436,0.4794895858182073,28.769375149092436,0.6292619808334927,0.4794895858182073,0.009052642261055989,0.009052642261055989,0.0,0.0,0.0,0.014583333333333334,0.005530691072277345,0.0,0.0,0.0,19.442574740969402,19.442574740969402,0.0,0.0,0.0,0.009052642261055989
15.833333333333334,31.78571575927904,0.5297619293213173,31.78571575927904,0.6334681142552613,0.5297619293213173,0.010068625573699487,0.010068625573699487,0.0,0.0,0.0,0.014583333333333334,0.004514707759633847,0.0,0.0,0.0,19.442574740969402,19.442574740969402,0.0,0.0,0.0,0.010068625573699487
15.85,35.15506088736736,0.5859176814561227,35.15506088736736,0.6379513387147897,0.5859176814561227,0.011214730550903065,0.011214730550903065,0.0,0.0,0.0,0.014583333333333334,0.003368602782430268,0.0,0.0,0.0,19.442574740969402,19.442574740969402,0.0,0.0,0.0,0.011214730550903065
15.866666666666667,34.785965696349926,0.5797660949391654,34.785965696349926,0.6374712972984236,0.5797660949391654,0.011088636203735699,0.011088636203735699,0.0,0.0,0.0,0.014583333333333334,0.0034946971295976344,0.0,0.0,0.0,19.442574740969402,19.442574740969402,0.0,0.0,0.0,0.011088636203735699
15.883333333333333,31.62065645081717,0.5270109408469528,31.62065645081717,0.6332426537578283,0.5270109408469528,0.010012775479788008,0.010012775479788008,0.0,0.0,0.0,0.014583333333333334,0.004570557853545326,0.0,0.0,0.0,19.442574740969402,19.442574740969402,0.0,0.0,0.0,0.010012775479788008
15.9,31.988919950440685,0.5331486658406781,31.988919950440685,0.6337449299049244,0.5331486658406781,0.01013742165802894,0.01013742165802894,0.0,0.0,0.0,0.014583333333333334,0.004445911675304394,0.0,0.0,0.0,19.442574740969402,19.442574740969402,0.0,0.0,0.0,0.01013742165802894
15.916666666666666,35.014458001054535,0.5835743000175756,35.014458001054535,0.637768793311033,0.5835743000175756,0.011166680981984397,0.011166680981984397,0.0,0.0,0.0,0.014583333333333334,0.003416652351348937,0.0,0.0,0.0,19.442574740969402,19.442574740969402,0.0,0.0,0.0,0.011166680981984397
15.933333333333334,31.58544606154883,0.5264241010258138,31.58544606154883,0.6331944880940276,0.5264241010258138,0.010000865261608125,0.010000865261608125,0.0,0.0,0.0,0.014583333333333334,0.004582468071725208,0.0,0.0,0.0,19.442574740969402,19.442574740969402,0.0,0.0,0.0,0.010000865261608125
15.95,35.55499929527424,0.592583321587904,35.55499929527424,0.638468418841679,0.592583321587904,0.01135150724170955,0.01135150724170955,0.0,0.0,0.0,0.014583333333333334,0.0032318260916237834,0.0,0.0,0.0,19.442574740969402,19.442574740969402,0.0,0.0,0.0,0.01135150724170955
15.966666666666667,31.568605332982873,0.5261434222163812,31.568605332982873,0.6331714422392695,0.5261434222163812,0.00999516920100363,0.00999516920100363,0.0,0.0,0.0,0.014583333333333334,0.004588164132329703,0.0,0.0,0.0,19.442574740969402,19.442574740969402,0.0,0.0,0.0,0.00999516920100363
15.983333333333333,31.8106073106187,0.5301767885103117,31.8106073106187,0.6335020672465336,0.5301767885103117,0.010077050450867408,0.010077050450867408,0.0,0.0,0.0,0.014583333333333334,0.004506282882465925,0.0,0.0,0.0,19.442574740969402,19.442574740969402,0.0,0.0,0.0,0.010077050450867408
16.0,33.26686768711288,0.5544477947852147,33.26686768711288,0.635466890517107,0.5544477947852147,0.010571053588545678,0.010571053588545678,0.0,0.0,0.0,0.014583333333333334,0.004012279744787656,0.0,0.0,0.0,19.442574740969402,19.442574740969402,0.0,0.0,0.0,0.010571053588545678
16.016666666666666,30.582781762231207,0.5097130293705201,30.582781762231207,0.6318124981212998,0.5097130293705201,0.00966225809815673,0.00966225809815673,0.0,0.0,0.0,0.014583333333333334,0.004921075235176604,0.0,0.0,0.0,19.442574740969402,19.442574740969402,0.0,0.0,0.0,0.00966225809815673
16.03333333333333,28.48695466491745,0.4747825777486242,28.48695466491745,0.6288588434690243,0.4747825777486242,0.00895803248551581,0.00895803248551581,0.0,0.0,0.0,0.014583333333333334,0.005625300847817524,0.0,0.0,0.0,19.442574740969402,19.442574740969402,0.0,0.0,0.0,0.00895803248551581
16.05,29.434978388254375,0.49058297313757293,29.434978388254375,0.6302057772493388,0.49058297313757293,0.009275974314175086,0.009275974314175086,0.0,0.0,0.0,0.014583333333333334,0.005307359019158247,0.0,0.0,0.0,19.442574740969402,19.442574740969402,0.0,0.0,0.0,0.009275974314175086
16.066666666666666,29.15393108960146,0.48589885149335765,29.15393108960146,0.6298083451994306,0.48589885149335765,0.00918161270907097,0.00918161270907097,0.0,0.0,0.0,0.014583333333333334,0.005401720624262363,0.0,0.0,0.0,19.442574740969402,19.442574740969402,0.0,0.0,0.0,0.00918161270907097
16.083333333333332,26.849414093543388,0.44749023489238976,26.849414093543388,0.6264899178154212,0.44749023489238976,0.008411284742902394,0.008411284742902394,0.0,0.0,0.0,0.014583333333333334,0.00617204859043094,0.0,0.0,0.0,19.442574740969402,19.442574740969402,0.0,0.0,0.0,0.008411284742902394
16.1,28.06310835295634,0.46771847254927235,28.06310835295634,0.628250836201615,0.46771847254927235,0.008816217266307306,0.008816217266307306,0.0,0.0,0.0,0.014583333333333334,0.005767116067026028,0.0,0.0,0.0,19.442574740969402,19.442574740969402,0.0,0.0,0.0,0.008816217266307306
16.116666666666667,26.9984971701626,0.44997495283604333,26.9984971701626,0.6267078058458525,0.44997495283604333,0.00846093055437947,0.00846093055437947,0.0,0.0,0.0,0.014583333333333334,0.006122402778953864,0.0,0.0,0.0,19.442574740969402,19.442574740969402,0.0,0.0,0.0,0.00846093055437947
16.133333333333333,28.930632981110314,0.4821772163518386,28.930632981110314,0.6294914507153436,0.4821772163518386,0.009106703733069457,0.009106703733069457,0.0,0.0,0.0,0.014583333333333334,0.005476629600263877,0.0,0.0,0.0,19.442574740969402,19.442574740969402,0.0,0.0,0.0,0.009106703733069457
16.15,27.314673521100787,0.4552445586850131,27.314673521100787,0.6271684331465583,0.4552445586850131,0.008566307127782061,0.008566307127782061,0.0,0.0,0.0,0.014583333333333334,0.006017026205551272,0.0,0.0,0.0,19.442574740969402,19.442574740969402,0.0,0.0,0.0,0.008566307127782061
16.166666666666668,26.50359944466206,0.44172665741103434,26.50359944466206,0.6259827910540933,0.44172665741103434,0.008296228199494587,0.008296228199494587,0.0,0.0,0.0,0.014583333333333334,0.006287105133838747,0.0,0.0,0.0,19.442574740969402,19.442574740969402,0.0,0.0,0.0,0.008296228199494587
16.183333333333334,26.36065400299848,0.43934423338330797,26.36065400299848,0.625772467211339,0.43934423338330797,0.008248710617442152,0.008248710617442152,0.0,0.0,0.0,0.014583333333333334,0.006334622715891181,0.0,0.0,0.0,19.442574740969402,19.442574740969402,0.0,0.0,0.0,0.008248710617442152
16.2,26.411782171470406,0.44019636952450675,26.411782171470406,0.6258477419682088,0.44019636952450675,0.00826570368705418,0.00826570368705418,0.0,0.0,0.0,0.014583333333333334,0.006317629646279153,0.0,0.0,0.0,19.442574740969402,19.442574740969402,0.0,0.0,0.0,0.00826570368705418
16.216666666666665,26.534708817897176,0.44224514696495293,26.534708817897176,0.6260285099152885,0.44224514696495293,0.008306572768428961,0.008306572768428961,0.0,0.0,0.0,0.014583333333333334,0.0062767605649043726,0.0,0.0,0.0,19.442574740969402,19.442574740969402,0.0,0.0,0.0,0.008306572768428961
16.233333333333334,24.09499422723706,0.40158323712061766,24.09499422723706,0.6223843009863683,0.40158323712061766,0.007498922961990958,0.007498922961990958,0.0,0.0,0.0,0.014583333333333334,0.0070844103713423754,0.0,0.0,0.0,19.442574740969402,19.442574740969402,0.0,0.0,0.0,0.007498922961990958
16.25,23.68491812794001,0.3947486354656668,23.68491812794001,0.6217600827886078,0.3947486354656668,0.00736390471850654,0.00736390471850654,0.0,0.0,0.0,0.014583333333333334,0.007219428614826794,0.0,0.0,0.0,19.442574740969402,19.442574740969402,0.0,0.0,0.0,0.00736390471850654
16.266666666666666,25.97048704268519,0.43284145071141983,25.97048704268519,0.6251963121130276,0.43284145071141983,0.0081191382752605,0.0081191382752605,0.0,0.0,0.0,0.014583333333333334,0.006464195058072834,0.0,0.0,0.0,19.442574740969402,19.442574740969402,0.0,0.0,0.0,0.0081191382752605
16.28333333333333,23.737896599249257,0.39563160998748764,23.737896599249257,0.6218409158489321,0.39563160998748764,0.007381335814383644,0.007381335814383644,0.0,0.0,0.0,0.014583333333333334,0.0072019975189496896,0.0,0.0,0.0,19.442574740969402,19.442574740969402,0.0,0.0,0.0,0.007381335814383644
16.3,22.174963672842644,0.3695827278807107,22.174963672842644,0.6194326372067664,0.3695827278807107,0.006868634977414322,0.006868634977414322,0.0,0.0,0.0,0.014583333333333334,0.007714698355919011,0.0,0.0,0.0,19.442574740969402,19.442574740969402,0.0,0.0,0.0,0.006868634977414322
16.316666666666666,24.016694967381426,0.4002782494563571,24.016694967381426,0.6222653735632004,0.4002782494563571,0.007473126145430063,0.007473126145430063,0.0,0.0,0.0,0.014583333333333334,0.0071102071879032705,0.0,0.0,0.0,19.442574740969402,19.442574740969402,0.0,0.0,0.0,0.007473126145430063
16.333333333333332,23.662422145079535,0.39437370241799224,23.662422145079535,0.6217257420724396,0.39437370241799224,0.007356504134103861,0.007356504134103861,0.0,0.0,0.0,0.014583333333333334,0.007226829199229473,0.0,0.0,0.0,19.442574740969402,19.442574740969402,0.0,0.0,0.0,0.007356504134103861
16.35,21.017648077844946,0.3502941346307491,21.017648077844946,0.6176178808484485,0.3502941346307491,0.006491086741802711,0.006491086741802711,0.0,0.0,0.0,0.014583333333333334,0.008092246591530622,0.0,0.0,0.0,19.442574740969402,19.442574740969402,0.0,0.0,0.0,0.006491086741802711
16.366666666666667,22.651167430991485,0.3775194571831914,22.651167430991485,0.6201715810021149,0.3775194571831914,0.007024507609371738,0.007024507609371738,0.0,0.0,0.0,0.014583333333333334,0.0075588257239615955,0.0,0.0,0.0,19.442574740969402,19.442574740969402,0.0,0.0,0.0,0.007024507609371738
16.383333333333333,22.84084367570715,0.3806807279284525,22.84084367570715,0.6204646459532335,0.3806807279284525,0.007086676659926387,0.007086676659926387,0.0,0.0,0.0,0.014583333333333334,0.0074966566734069465,0.0,0.0,0.0,19.442574740969402,19.442574740969402,0.0,0.0,0.0,0.007086676659926387
16.4,22.074310831846585,0.3679051805307764,22.074310831846585,0.6192758696766835,0.3679051805307764,0.006835727591711784,0.006835727591711784,0.0,0.0,0.0,0.014583333333333334,0.007747605741621549,0.0,0.0,0.0,19.442574740969402,19.442574740969402,0.0,0.0,0.0,0.006835727591711784
16.416666666666668,21.981904115626733,0.3663650685937789,21.981904115626733,0.6191317671457675,0.3663650685937789,0.006805528122980698,0.006805528122980698,0.0,0.0,0.0,0.014583333333333334,0.007777805210352636,0.0,0.0,0.0,19.442574740969402,19.442574740969402,0.0,0.0,0.0,0.006805528122980698
16.433333333333334,19.47927176187511,0.32465452936458516,19.47927176187511,0.6151641232400205,0.32465452936458516,0.005992073774751472,0.005992073774751472,0.0,0.0,0.0,0.014583333333333334,0.008591259558581862,0.0,0.0,0.0,19.442574740969402,19.442574740969402,0.0,0.0,0.0,0.005992073774751472
16.45,20.934652085753612,0.34891086809589356,20.934652085753612,0.6174867075919918,0.34891086809589356,0.006464081103618273,0.006464081103618273,0.0,0.0,0.0,0.014583333333333334,0.00811925222971506,0.0,0.0,0.0,19.442574740969402,19.442574740969402,0.0,0.0,0.0,0.006464081103618273
16.466666666666665,19.93292776092031,0.3322154626820052,19.93292776092031,0.61589263943062,0.3322154626820052,0.006138885633689913,0.006138885633689913,0.0,0.0,0.0,0.014583333333333334,0.00844444769964342,0.0,0.0,0.0,19.442574740969402,19.442574740969402,0.0,0.0,0.0,0.006138885633689913
16.483333333333334,19.406390066051934,0.3234398344341989,19.406390066051934,0.6150467003781463,0.3234398344341989,0.005968514939682208,0.005968514939682208,0.0,0.0,0.0,0.014583333333333334,0.008614818393651125,0.0,0.0,0.0,19.442574740969402,19.442574740969402,0.0,0.0,0.0,0.005968514939682208
16.5,20.385972695800994,0.33976621159668324,20.385972695800994,0.6166160665640625,0.33976621159668324,0.006285787727156309,0.006285787727156309,0.0,0.0,0.0,0.014583333333333334,0.008297545606177025,0.0,0.0,0.0,19.442574740969402,19.442574740969402,0.0,0.0,0.0,0.006285787727156309
16.516666666666666,20.60589349738385,0.3434315582897308,20.60589349738385,0.6169657585265125,0.3434315582897308,0.006357201075972576,0.006357201075972576,0.0,0.0,0.0,0.014583333333333334,0.008226132257360758,0.0,0.0,0.0,19.442574740969402,19.442574740969402,0.0,0.0,0.0,0.006357201075972576
16.53333333333333,20.530169455766806,0.34216949092944676,20.530169455766806,0.6168454603327087,0.34216949092944676,0.00633260417474297,0.00633260417474297,0.0,0.0,0.0,0.014583333333333334,0.008250729158590365,0.0,0.0,0.0,19.442574740969402,19.442574740969402,0.0,0.0,0.0,0.00633260417474297
16.55,19.710871890370555,0.32851453150617593,19.710871890370555,0.6155365590739551,0.32851453150617593,0.006066987828655984,0.006066987828655984,0.0,0.0,0.0,0.014583333333333334,0.00851634550467735,0.0,0.0,0.0,19.442574740969402,19.442574740969402,0.0,0.0,0.0,0.006066987828655984
16.566666666666666,18.052561241276447,0.3008760206879408,18.052561241276447,0.6128461728088526,0.3008760206879408,0.005532274760532903,0.005532274760532903,0.0,0.0,0.0,0.014583333333333334,0.00905105857280043,0.0,0.0,0.0,19.442574740969402,19.442574740969402,0.0,0.0,0.0,0.005532274760532903
16.583333333333332,18.125495031411788,0.30209158385686313,18.125495031411788,0.6129656543614863,0.30209158385686313,0.00555570853213081,0.00555570853213081,0.0,0.0,0.0,0.014583333333333334,0.009027624801202522,0.0,0.0,0.0,19.442574740969402,19.442574740969402,0.0,0.0,0.0,0.00555570853213081
16.6,18.14260470147209,0.3023767450245349,18.14260470147209,0.6129936683494055,0.3023767450245349,0.005561207025386814,0.005561207025386814,0.0,0.0,0.0,0.014583333333333334,0.00902212630794652,0.0,0.0,0.0,19.442574740969402,19.442574740969402,0.0,0.0,0.0,0.005561207025386814
16.616666666666667,17.23993760596528,0.2873322934327547,17.23993760596528,0.6115077207253549,0.2873322934327547,0.00527170464590017,0.00527170464590017,0.0,0.0,0.0,0.014583333333333334,0.009311628687433165,0.0,0.0,0.0,19.442574740969402,19.442574740969402,0.0,0.0,0.0,0.00527170464590017
16.633333333333333,16.9115443179335,0.28185907196555837,16.9115443179335,0.6109630853236928,0.28185907196555837,0.005166681315168026,0.005166681315168026,0.0,0.0,0.0,0.014583333333333334,0.009416652018165307,0.0,0.0,0.0,19.442574740969402,19.442574740969402,0.0,0.0,0.0,0.005166681315168026
16.65,17.147788366367276,0.2857964727727879,17.147788366367276,0.6113551102741575,0.2857964727727879,0.005242218245663757,0.005242218245663757,0.0,0.0,0.0,0.014583333333333334,0.009341115087669577,0.0,0.0,0.0,19.442574740969402,19.442574740969402,0.0,0.0,0.0,0.005242218245663757
16.666666666666668,16.091578415867627,0.26819297359779376,16.091578415867627,0.6095937678725951,0.26819297359779376,0.004905153474120448,0.004905153474120448,0.0,0.0,0.0,0.014583333333333334,0.009678179859212885,0.0,0.0,0.0,19.442574740969402,19.442574740969402,0.0,0.0,0.0,0.004905153474120448
16.683333333333334,15.235062586263993,0.25391770977106654,15.235062586263993,0.6081490538524542,0.25391770977106654,0.004633057754385124,0.004633057754385124,0.0,0.0,0.0,0.014583333333333334,0.00995027557894821,0.0,0.0,0.0,19.442574740969402,19.442574740969402,0.0,0.0,0.0,0.004633057754385124
16.7,15.165167129540306,0.2527527854923384,15.165167129540306,0.6080305113184118,0.2527527854923384,0.004610903252327015,0.004610903252327015,0.0,0.0,0.0,0.014583333333333334,0.009972430081006319,0.0,0.0,0.0,19.442574740969402,19.442574740969402,0.0,0.0,0.0,0.004610903252327015
16.716666666666665,15.643459634919921,0.26072432724866534,15.643459634919921,0.6088397409763462,0.26072432724866534,0.0047626562216714526,0.0047626562216714526,0.0,0.0,0.0,0.014583333333333334,0.009820677111661881,0.0,0.0,0.0,19.442574740969402,19.442574740969402,0.0,0.0,0.0,0.0047626562216714526
16.733333333333334,14.844181425100045,0.24740302375166742,14.844181425100045,0.6074848656283873,0.24740302375166742,0.004509258705065659,0.004509258705065659,0.0,0.0,0.0,0.014583333333333334,0.010074074628267675,0.0,0.0,0.0,19.442574740969402,19.442574740969402,0.0,0.0,0.0,0.004509258705065659
16.75,14.770461709944554,0.24617436183240923,14.770461709944554,0.6073592580286398,0.24617436183240923,0.004485936926138793,0.004485936926138793,0.0,0.0,0.0,0.014583333333333334,0.01009739640719454,0.0,0.0,0.0,19.442574740969402,19.442574740969402,0.0,0.0,0.0,0.004485936926138793
16.766666666666666,14.683246949846241,0.24472078249743734,14.683246949846241,0.6072105164897909,0.24472078249743734,0.004458356817763418,0.004458356817763418,0.0,0.0,0.0,0.014583333333333334,0.010124976515569916,0.0,0.0,0.0,19.442574740969402,19.442574740969402,0.0,0.0,0.0,0.004458356817763418
16.78333333333333,13.633106758967973,0.22721844598279953,13.633106758967973,0.6054075975189218,0.22721844598279953,0.00412720592542543,0.00412720592542543,0.0,0.0,0.0,0.014583333333333334,0.010456127407907904,0.0,0.0,0.0,19.442574740969402,19.442574740969402,0.0,0.0,0.0,0.00412720592542543
16.8,14.095772370563976,0.2349295395093996,14.095772370563976,0.6062046367539005,0.2349295395093996,0.00427288857368907,0.00427288857368907,0.0,0.0,0.0,0.014583333333333334,0.010310444759644263,0.0,0.0,0.0,19.442574740969402,19.442574740969402,0.0,0.0,0.0,0.00427288857368907
16.816666666666666,13.524794890326792,0.2254132481721132,13.524794890326792,0.6052203890123995,0.2254132481721132,0.0040931501274309905,0.0040931501274309905,0.0,0.0,0.0,0.014583333333333334,0.010490183205902344,0.0,0.0,0.0,19.442574740969402,19.442574740969402,0.0,0.0,0.0,0.0040931501274309905
16.833333333333332,12.166452529610766,0.20277420882684608,12.166452529610766,0.6028526793876688,0.20277420882684608,0.003667656018661232,0.003667656018661232,0.0,0.0,0.0,0.014583333333333334,0.010915677314672101,0.0,0.0,0.0,19.442574740969402,19.442574740969402,0.0,0.0,0.0,0.003667656018661232
16.85,13.576473368362638,0.2262745561393773,13.576473368362638,0.6053097404455068,0.2262745561393773,0.004109396725056968,0.004109396725056968,0.0,0.0,0.0,0.014583333333333334,0.010473936608276366,0.0,0.0,0.0,19.442574740969402,19.442574740969402,0.0,0.0,0.0,0.004109396725056968
16.866666666666667,12.052526825546003,0.20087544709243338,12.052526825546003,0.602652419622287,0.20087544709243338,0.0036321054375326634,0.0036321054375326634,0.0,0.0,0.0,0.014583333333333334,0.01095122789580067,0.0,0.0,0.0,19.442574740969402,19.442574740969402,0.0,0.0,0.0,0.0036321054375326634
16.883333333333333,11.06510815045311,0.1844184691742185,11.06510815045311,0.6009058501170941,0.1844184691742185,0.0033248765975525617,0.0033248765975525617,0.0,0.0,0.0,0.014583333333333334,0.011258456735780771,0.0,0.0,0.0,19.442574740969402,19.442574740969402,0.0,0.0,0.0,0.0033248765975525617
16.9,11.15254179560505,0.1858756965934175,11.15254179560505,0.6010612917061829,0.1858756965934175,0.0033520157903158135,0.0033520157903158135,0.0,0.0,0.0,0.014583333333333334,0.011231317543017521,0.0,0.0,0.0,19.442574740969402,19.442574740969402,0.0,0.0,0.0,0.0033520157903158135
16.916666666666668,10.888296998709585,0.18147161664515973,10.888296998709585,0.6005910438820982,0.18147161664515973,0.0032700338336600194,0.0032700338336600194,0.0,0.0,0.0,0.014583333333333334,0.011313299499673314,0.0,0.0,0.0,19.442574740969402,19.442574740969402,0.0,0.0,0.0,0.0032700338336600194
16.933333333333334,11.212596188534922,0.18687660314224872,11.212596188534922,0.6011679692441985,0.18687660314224872,0.0033706639066990595,0.0033706639066990595,0.0,0.0,0.0,0.014583333333333334,0.011212669426634275,0.0,0.0,0.0,19.442574740969402,19.442574740969402,0.0,0.0,0.0,0.0033706639066990595
16.95,10.746303140058536,0.17910505233430893,10.746303140058536,0.6003377759683368,0.17910505233430893,0.003226028466338782,0.003226028466338782,0.0,0.0,0.0,0.014583333333333334,0.011357304866994551,0.0,0.0,0.0,19.442574740969402,19.442574740969402,0.0,0.0,0.0,0.003226028466338782
16.966666666666665,10.431613691494592,0.17386022819157654,10.431613691494592,0.5997750417409035,0.17386022819157654,0.0031286236309836725,0.0031286236309836725,0.0,0.0,0.0,0.014583333333333334,0.011454709702349661,0.0,0.0,0.0,19.442574740969402,19.442574740969402,0.0,0.0,0.0,0.0031286236309836725
16.983333333333334,10.647920045338864,0.17746533408898107,10.647920045338864,0.6001620580777585,0.17746533408898107,0.0031955583601650126,0.0031955583601650126,0.0,0.0,0.0,0.014583333333333334,0.01138777497316832,0.0,0.0,0.0,19.442574740969402,19.442574740969402,0.0,0.0,0.0,0.0031955583601650126
17.0,10.21908199042512,0.17031803317375202,10.21908199042512,0.5993938676135799,0.17031803317375202,0.0030629338322338204,0.0030629338322338204,0.0,0.0,0.0,0.014583333333333334,0.011520399501099513,0.0,0.0,0.0,19.442574740969402,19.442574740969402,0.0,0.0,0.0,0.0030629338322338204
17.016666666666666,9.925997469269094,0.16543329115448488,0.0,0.0,0.0,0.0,0.0,0.005548440837733649,0.0,0.0,0.014583333333333334,0.009034892495599686,0.0,0.0,0.03676295358988553,19.405811787379516,19.405811787379516,0.0,0.16543329115448488,0.0,0.005548440837733649
17.03333333333333,9.692342455464155,0.16153904092440258,0.0,0.0,0.0,0.0,0.0,0.005417832198697595,0.0,0.0,0.014583333333333334,0.00916550113463574,0.0,0.0,0.035897564649867236,19.369914222729648,19.369914222729648,0.0,0.16153904092440258,0.0,0.005417832198697595
17.05,9.51101467960181,0.15851691132669685,0.0,0.0,0.0,0.0,0.0,0.0053164734748287965,0.0,0.0,0.014583333333333334,0.009266859858504537,0.0,0.0,0.03522598029482152,19.334688242434826,19.334688242434826,0.0,0.15851691132669682,2.7755575615628914e-17,0.0053164734748287965
17.066666666666666,8.014525718974774,0.13357542864957955,0.0,0.0,0.0,0.0,0.0,0.004479965054585159,0.0,0.0,0.014583333333333334,0.010103368278748175,0.0,0.0,0.029683428588795455,19.30500481384603,19.30500481384603,0.0,0.13357542864957955,0.0,0.004479965054585159
17.083333333333332,8.535306550258253,0.1422551091709709,0.0,0.0,0.0,0.0,0.0,0.004771071478977076,0.0,0.0,0.014583333333333334,0.009812261854356259,0.0,0.0,0.031612246482437975,19.27339256736359,19.27339256736359,0.0,0.1422551091709709,0.0,0.004771071478977076
17.1,7.512552418488463,0.12520920697480772,0.0,0.0,0.0,0.0,0.0,0.004199371676590346,0.0,0.0,0.014583333333333334,0.010383961656742987,0.0,0.0,0.02782426821662394,19.245568299146967,19.245568299146967,0.0,0.12520920697480772,0.0,0.004199371676590346
17.116666666666667,8.187445613798827,0.1364574268966471,0.0,0.0,0.0,0.0,0.0,0.004576623935374602,0.0,0.0,0.014583333333333334,0.010006709397958731,0.0,0.0,0.03032387264369936,19.21524442650327,19.21524442650327,0.0,0.1364574268966471,0.0,0.004576623935374602
17.133333333333333,7.914965766380516,0.13191609610634192,0.0,0.0,0.0,0.0,0.0,0.004424312964355734,0.0,0.0,0.014583333333333334,0.0101590203689776,0.0,0.0,0.029314688023631536,19.185929738479636,19.185929738479636,0.0,0.13191609610634192,0.0,0.004424312964355734
17.15,8.064645919745182,0.13441076532908636,0.0,0.0,0.0,0.0,0.0,0.004507981278608076,0.0,0.0,0.014583333333333334,0.010075352054725258,0.0,0.0,0.02986905896201919,19.156060679517616,19.156060679517616,0.0,0.13441076532908636,0.0,0.004507981278608076
17.166666666666668,7.854615868767102,0.1309102644794517,0.0,0.0,0.0,0.0,0.0,0.004390578537411944,0.0,0.0,0.014583333333333334,0.01019275479592139,0.0,0.0,0.0290911698843226,19.126969509633295,19.126969509633295,0.0,0.1309102644794517,0.0,0.004390578537411944
17.183333333333334,7.240532197069738,0.12067553661782897,0.0,0.0,0.0,0.0,0.0,0.004047317627626323,0.0,0.0,0.014583333333333334,0.01053601570570701,0.0,0.0,0.026816785915073103,19.10015272371822,19.10015272371822,0.0,0.12067553661782897,0.0,0.004047317627626323
17.2,6.7513515283673184,0.11252252547278864,0.0,0.0,0.0,0.0,0.0,0.003773875083674292,0.0,0.0,0.014583333333333334,0.010809458249659041,0.0,0.0,0.025005005660619698,19.0751477180576,19.0751477180576,0.0,0.11252252547278864,0.0,0.003773875083674292
17.216666666666665,6.846726617239573,0.11411211028732621,0.0,0.0,0.0,0.0,0.0,0.003827187915925121,0.0,0.0,0.014583333333333334,0.010756145417408212,0.0,0.0,0.025358246730516936,19.049789471327085,19.049789471327085,0.0,0.11411211028732621,0.0,0.003827187915925121
17.233333333333334,6.277640306071153,0.10462733843451921,0.0,0.0,0.0,0.0,0.0,0.0035090796614290045,0.0,0.0,0.014583333333333334,0.01107425367190433,0.0,0.0,0.02325051965211538,19.02653895167497,19.02653895167497,0.0,0.10462733843451921,0.0,0.0035090796614290045
17.25,6.213989160974341,0.10356648601623902,0.0,0.0,0.0,0.0,0.0,0.0034734999009145514,0.0,0.0,0.014583333333333334,0.011109833432418783,0.0,0.0,0.023014774670275337,19.003524177004692,19.003524177004692,0.0,0.10356648601623902,0.0,0.0034734999009145514
17.266666666666666,6.279434435687932,0.10465724059479886,0.0,0.0,0.0,0.0,0.0,0.0035100825452262997,0.0,0.0,0.014583333333333334,0.011073250788107034,0.0,0.0,0.02325716457662197,18.98026701242807,18.98026701242807,0.0,0.10465724059479886,0.0,0.0035100825452262997
17.28333333333333,5.597127729048253,0.09328546215080422,0.0,0.0,0.0,0.0,0.0,0.0031286862768210542,0.0,0.0,0.014583333333333334,0.01145464705651228,0.0,0.0,0.020730102700178714,18.95953690972789,18.95953690972789,0.0,0.09328546215080422,0.0,0.0031286862768210542
17.3,5.7574220184368095,0.09595703364061349,0.0,0.0,0.0,0.0,0.0,0.0032182876880698977,0.0,0.0,0.014583333333333334,0.011365045645263435,0.0,0.0,0.021323785253469663,18.938213124474423,18.938213124474423,0.0,0.09595703364061349,0.0,0.0032182876880698977
17.316666666666666,5.494722566842939,0.09157870944738232,0.0,0.0,0.0,0.0,0.0,0.0030714437693819966,0.0,0.0,0.014583333333333334,0.011511889563951338,0.0,0.0,0.020350824321640516,18.917862300152784,18.917862300152784,0.0,0.09157870944738232,0.0,0.0030714437693819966
17.333333333333332,4.85506579363859,0.08091776322730984,0.0,0.0,0.0,0.0,0.0,0.0027138879898678516,0.0,0.0,0.014583333333333334,0.011869445343465481,0.0,0.0,0.01798172516162441,18.89988057499116,18.89988057499116,0.0,0.08091776322730984,0.0,0.0027138879898678516
17.35,5.123677126203595,0.08539461877005991,0.0,0.0,0.0,0.0,0.0,0.0028640365358145866,0.0,0.0,0.014583333333333334,0.011719296797518746,0.0,0.0,0.018976581948902203,18.880903993042256,18.880903993042256,0.0,0.08539461877005991,0.0,0.0028640365358145866
17.366666666666667,4.840006660538679,0.08066677767564465,0.0,0.0,0.0,0.0,0.0,0.0027054702253730386,0.0,0.0,0.014583333333333334,0.011877863107960296,0.0,0.0,0.017925950594587698,18.86297804244767,18.86297804244767,0.0,0.08066677767564465,0.0,0.0027054702253730386
17.383333333333333,4.493970266587559,0.07489950444312599,0.0,0.0,0.0,0.0,0.0,0.002512042565786716,0.0,0.0,0.014583333333333334,0.012071290767546618,0.0,0.0,0.016644334320694662,18.846333708126974,18.846333708126974,0.0,0.07489950444312599,0.0,0.002512042565786716
17.4,4.1066507794078815,0.06844417965679803,0.0,0.0,0.0,0.0,0.0,0.002295538454580649,0.0,0.0,0.014583333333333334,0.012287794878752685,0.0,0.0,0.015209817701510673,18.831123890425463,18.831123890425463,0.0,0.06844417965679803,0.0,0.002295538454580649
17.416666666666668,3.896396333543285,0.06493993889238808,0.0,0.0,0.0,0.0,0.0,0.0021780102809777512,0.0,0.0,0.014583333333333334,0.012405323052355583,0.0,0.0,0.014431097531641797,18.81669279289382,18.81669279289382,0.0,0.06493993889238808,0.0,0.0021780102809777512
17.433333333333334,3.772754533160818,0.06287924221934697,0.0,0.0,0.0,0.0,0.0,0.002108896903040984,0.0,0.0,0.014583333333333334,0.012474436430292349,0.0,0.0,0.01397316493763266,18.80271962795619,18.80271962795619,0.0,0.06287924221934697,0.0,0.002108896903040984
17.45,3.7864791381364338,0.06310798563560722,0.0,0.0,0.0,0.0,0.0,0.0021165686920943485,0.0,0.0,0.014583333333333334,0.012466764641238985,0.0,0.0,0.014023996807912716,18.788695631148276,18.788695631148276,0.0,0.06310798563560722,0.0,0.0021165686920943485
17.466666666666665,3.3325812139457613,0.05554302023242935,0.0,0.0,0.0,0.0,0.0,0.0018628485207423902,0.0,0.0,0.014583333333333334,0.012720484812590943,0.0,0.0,0.0123428933849843,18.77635273776329,18.77635273776329,0.0,0.05554302023242935,0.0,0.0018628485207423902
17.483333333333334,3.389610093078995,0.056493501551316584,0.0,0.0,0.0,0.0,0.0,0.0018947265625102482,0.0,0.0,0.014583333333333334,0.012688606770823086,0.0,0.0,0.01255411145584813,18.76379862630744,18.76379862630744,0.0,0.056493501551316584,0.0,0.0018947265625102482
17.5,2.9433928649483034,0.04905654774913839,0.0,0.0,0.0,0.0,0.0,0.0016452997518823234,0.0,0.0,0.014583333333333334,0.01293803358145101,0.0,0.0,0.010901455055364086,18.752897171252076,18.752897171252076,0.0,0.04905654774913838,6.938893903907228e-18,0.0016452997518823234
17.516666666666666,2.933194198525239,0.04888656997542065,0.0,0.0,0.0,0.0,0.0,0.0016395988943667592,0.0,0.0,0.014583333333333334,0.012943734438966575,0.0,0.0,0.010863682216760144,18.742033489035315,18.742033489035315,0.0,0.04888656997542065,0.0,0.0016395988943667592
17.53333333333333,2.8079868458474513,0.04679978076412419,0.0,0.0,0.0,0.0,0.0,0.0015696104029398002,0.0,0.0,0.014583333333333334,0.013013722930393533,0.0,0.0,0.010399951280916486,18.731633537754398,18.731633537754398,0.0,0.04679978076412419,0.0,0.0015696104029398002
17.55,2.9470767869540113,0.04911794644923352,0.0,0.0,0.0,0.0,0.0,0.0016473589931185596,0.0,0.0,0.014583333333333334,0.012935974340214774,0.0,0.0,0.010915099210940783,18.720718438543457,18.720718438543457,0.0,0.04911794644923352,0.0,0.0016473589931185596
17.566666666666666,2.2938878030129515,0.03823146338354919,0.0,0.0,0.0,0.0,0.0,0.0012822389692139806,0.0,0.0,0.014583333333333334,0.013301094364119352,0.0,0.0,0.008495880751899821,18.712222557791556,18.712222557791556,0.0,0.03823146338354919,0.0,0.0012822389692139806
17.583333333333332,2.4749451754065133,0.04124908625677522,0.0,0.0,0.0,0.0,0.0,0.001383446542767307,0.0,0.0,0.014583333333333334,0.013199886790566027,0.0,0.0,0.009166463612616716,18.70305609417894,18.70305609417894,0.0,0.04124908625677522,0.0,0.001383446542767307
17.6,2.1674067417459026,0.03612344569576505,0.0,0.0,0.0,0.0,0.0,0.0012115384992907637,0.0,0.0,0.014583333333333334,0.01337179483404257,0.0,0.0,0.008027432376836677,18.695028661802105,18.695028661802105,0.0,0.03612344569576505,0.0,0.0012115384992907637
17.616666666666667,2.042796481281827,0.03404660802136378,0.0,0.0,0.0,0.0,0.0,0.0011418837708768123,0.0,0.0,0.014583333333333334,0.013441449562456522,0.0,0.0,0.007565912893636395,18.68746274890847,18.68746274890847,0.0,0.03404660802136378,0.0,0.0011418837708768123
17.633333333333333,1.8673950369553547,0.03112325061592258,0.0,0.0,0.0,0.0,0.0,0.0010438377518533837,0.0,0.0,0.014583333333333334,0.01353949558147995,0.0,0.0,0.006916277914649462,18.68054647099382,18.68054647099382,0.0,0.031123250615922582,0.0,0.0010438377518533837
17.65,1.7538006907842436,0.029230011513070725,0.0,0.0,0.0,0.0,0.0,0.0009803407067269095,0.0,0.0,0.014583333333333334,0.013602992626606424,0.0,0.0,0.006495558114015716,18.674050912879807,18.674050912879807,0.0,0.029230011513070725,0.0,0.0009803407067269095
17.666666666666668,1.5673034745994325,0.026121724576657207,0.0,0.0,0.0,0.0,0.0,0.0008760923655796252,0.0,0.0,0.014583333333333334,0.013707240967753708,0.0,0.0,0.005804827683701602,18.668246085196106,18.668246085196106,0.0,0.026121724576657207,0.0,0.0008760923655796252
17.683333333333334,1.5531165553680069,0.025885275922800113,0.0,0.0,0.0,0.0,0.0,0.0008681621517881172,0.0,0.0,0.014583333333333334,0.013715171181545216,0.0,0.0,0.0057522835384000255,18.662493801657707,18.662493801657707,0.0,0.025885275922800113,0.0,0.0008681621517881172
17.7,1.2908227054417303,0.02151371175736217,0.0,0.0,0.0,0.0,0.0,0.0007215449565971036,0.0,0.0,0.014583333333333334,0.01386178837673623,0.0,0.0,0.004780824834969371,18.657712976822737,18.657712976822737,0.0,0.02151371175736217,0.0,0.0007215449565971036
17.716666666666665,1.2667501620523176,0.02111250270087196,0.0,0.0,0.0,0.0,0.0,0.0007080888698689486,0.0,0.0,0.014583333333333334,0.013875244463464385,0.0,0.0,0.004691667266860436,18.653021309555875,18.653021309555875,0.0,0.02111250270087196,0.0,0.0007080888698689486
17.733333333333334,1.0468177113608372,0.017446961856013955,0.0,0.0,0.0,0.0,0.0,0.0005851508785247591,0.0,0.0,0.014583333333333334,0.013998182454808574,0.0,0.0,0.0038771026346697676,18.649144206921207,18.649144206921207,0.0,0.017446961856013955,0.0,0.0005851508785247591
17.75,0.9665118213604628,0.016108530356007712,0.0,0.0,0.0,0.0,0.0,0.0005402614373408259,0.0,0.0,0.014583333333333334,0.014043071895992508,0.0,0.0,0.003579673412446158,18.64556453350876,18.64556453350876,0.0,0.016108530356007712,0.0,0.0005402614373408259
17.766666666666666,0.8160627692587651,0.01360104615431275,0.0,0.0,0.0,0.0,0.0,0.0004561633235478506,0.0,0.0,0.014583333333333334,0.014127170009785483,0.0,0.0,0.003022454700958389,18.642542078807804,18.642542078807804,0.0,0.01360104615431275,0.0,0.0004561633235478506
17.78333333333333,0.7776197307726129,0.012960328846210215,0.0,0.0,0.0,0.0,0.0,0.0004346744076657433,0.0,0.0,0.014583333333333334,0.014148658925667591,0.0,0.0,0.002880073076935603,18.63966200573087,18.63966200573087,0.0,0.012960328846210215,0.0,0.0004346744076657433
17.8,0.71163759610979,0.011860626601829833,0.0,0.0,0.0,0.0,0.0,0.0003977916690132817,0.0,0.0,0.014583333333333334,0.014185541664320052,0.0,0.0,0.0026356948004066295,18.637026310930462,18.637026310930462,0.0,0.011860626601829833,0.0,0.0003977916690132817
17.816666666666666,0.5702832171005052,0.00950472028500842,0.0,0.0,0.0,0.0,0.0,0.0003187773017906647,0.0,0.0,0.014583333333333334,0.014264556031542669,0.0,0.0,0.0021121600633352048,18.63491415086713,18.63491415086713,0.0,0.00950472028500842,0.0,0.0003187773017906647
17.833333333333332,0.4821240024182354,0.008035400040303923,0.0,0.0,0.0,0.0,0.0,0.0002694980038178381,0.0,0.0,0.014583333333333334,0.014313835329515495,0.0,0.0,0.0017856444534008718,18.633128506413726,18.633128506413726,0.0,0.008035400040303923,0.0,0.0002694980038178381
17.85,0.3844216507114658,0.006407027511857763,0.0,0.0,0.0,0.0,0.0,0.0002148842765999151,0.0,0.0,0.014583333333333334,0.014368449056733418,0.0,0.0,0.0014237838915239472,18.6317047225222,18.6317047225222,0.0,0.006407027511857762,8.673617379884035e-19,0.0002148842765999151
17.866666666666667,0.32944641845685146,0.005490773640947524,0.0,0.0,0.0,0.0,0.0,0.00018415418376544103,0.0,0.0,0.014583333333333334,0.014399179149567893,0.0,0.0,0.001220171920210561,18.63048455060199,18.63048455060199,0.0,0.005490773640947524,0.0,0.00018415418376544103
17.883333333333333,0.24445520153375508,0.004074253358895918,0.0,0.0,0.0,0.0,0.0,0.00013664573534151537,0.0,0.0,0.014583333333333334,0.014446687597991819,0.0,0.0,0.000905389635310204,18.62957916096668,18.62957916096668,0.0,0.004074253358895918,0.0,0.00013664573534151537
17.9,0.1950620482486426,0.0032510341374773766,0.0,0.0,0.0,0.0,0.0,0.00010903591681798353,0.0,0.0,0.014583333333333334,0.01447429741651535,0.0,0.0,0.0007224520305505281,18.62885670893613,18.62885670893613,0.0,0.0032510341374773766,0.0,0.00010903591681798353
17.916666666666668,0.15162711213331057,0.0025271185355551762,0.0,0.0,0.0,0.0,0.0,8.475662659321923e-05,0.0,0.0,0.014583333333333334,0.014498576706740113,0.0,0.0,0.0005615818967900392,18.62829512703934,18.62829512703934,0.0,0.0025271185355551762,0.0,8.475662659321923e-05
17.933333333333334,0.10936822005018067,0.001822803667503011,0.0,0.0,0.0,0.0,0.0,6.113472226397275e-05,0.0,0.0,0.014583333333333334,0.01452219861106936,0.0,0.0,0.0004050674816673358,18.62789005955767,18.62789005955767,0.0,0.001822803667503011,0.0,6.113472226397275e-05
17.95,0.07175544344005627,0.0011959240573342711,0.0,0.0,0.0,0.0,0.0,4.0109906731802934e-05,0.0,0.0,0.014583333333333334,0.014543223426601531,0.0,0.0,0.00026576090162983804,18.62762429865604,18.62762429865604,0.0,0.0011959240573342711,0.0,4.0109906731802934e-05
17.966666666666665,0.030655125781357477,0.0005109187630226246,0.0,0.0,0.0,0.0,0.0,1.7135623124803195e-05,0.0,0.0,0.014583333333333334,0.01456619771020853,0.0,0.0,0.0001135375028939166,18.627510761153147,18.627510761153147,0.0,0.0005109187630226246,0.0,1.7135623124803195e-05
17.983333333333334,0.010418057991029551,0.0001736342998504925,0.0,0.0,0.0,0.0,0.0,5.823493163912942e-06,0.0,0.0,0.014583333333333334,0.01457750984016942,0.0,0.0,3.8585399966776113e-05,18.62747217575318,18.62747217575318,0.0,0.0001736342998504925,0.0,5.823493163912942e-06
18.0,9.013209604835901e-26,1.5022016008059835e-27,0.0,0.0,0.0,0.0,0.0,5.038210054491092e-29,0.0,0.0,0.014583333333333334,0.014583333333333334,0.0,0.0,3.3382257795688523e-28,18.62747217575318,18.62747217575318,0.0,1.5022016008059835e-27,0.0,5.038210054491092e-29
18.016666666666666,0.0,0.0,0.0,0.0,0.0,0.0,0.0,0.0,0.0,0.0,0.011666666666666665,0.011666666666666665,0.0,0.0,0.0,18.62747217575318,18.62747217575318,0.0,0.0,0.0,0.0
18.03333333333333,0.0,0.0,0.0,0.0,0.0,0.0,0.0,0.0,0.0,0.0,0.011666666666666665,0.011666666666666665,0.0,0.0,0.0,18.62747217575318,18.62747217575318,0.0,0.0,0.0,0.0
18.05,0.0,0.0,0.0,0.0,0.0,0.0,0.0,0.0,0.0,0.0,0.011666666666666665,0.011666666666666665,0.0,0.0,0.0,18.62747217575318,18.62747217575318,0.0,0.0,0.0,0.0
18.066666666666666,0.0,0.0,0.0,0.0,0.0,0.0,0.0,0.0,0.0,0.0,0.011666666666666665,0.011666666666666665,0.0,0.0,0.0,18.62747217575318,18.62747217575318,0.0,0.0,0.0,0.0
18.083333333333332,0.0,0.0,0.0,0.0,0.0,0.0,0.0,0.0,0.0,0.0,0.011666666666666665,0.011666666666666665,0.0,0.0,0.0,18.62747217575318,18.62747217575318,0.0,0.0,0.0,0.0
18.1,0.0,0.0,0.0,0.0,0.0,0.0,0.0,0.0,0.0,0.0,0.011666666666666665,0.011666666666666665,0.0,0.0,0.0,18.62747217575318,18.62747217575318,0.0,0.0,0.0,0.0
18.116666666666667,0.0,0.0,0.0,0.0,0.0,0.0,0.0,0.0,0.0,0.0,0.011666666666666665,0.011666666666666665,0.0,0.0,0.0,18.62747217575318,18.62747217575318,0.0,0.0,0.0,0.0
18.133333333333333,0.0,0.0,0.0,0.0,0.0,0.0,0.0,0.0,0.0,0.0,0.011666666666666665,0.011666666666666665,0.0,0.0,0.0,18.62747217575318,18.62747217575318,0.0,0.0,0.0,0.0
18.15,0.0,0.0,0.0,0.0,0.0,0.0,0.0,0.0,0.0,0.0,0.011666666666666665,0.011666666666666665,0.0,0.0,0.0,18.62747217575318,18.62747217575318,0.0,0.0,0.0,0.0
18.166666666666668,0.0,0.0,0.0,0.0,0.0,0.0,0.0,0.0,0.0,0.0,0.011666666666666665,0.011666666666666665,0.0,0.0,0.0,18.62747217575318,18.62747217575318,0.0,0.0,0.0,0.0
18.183333333333334,0.0,0.0,0.0,0.0,0.0,0.0,0.0,0.0,0.0,0.0,0.011666666666666665,0.011666666666666665,0.0,0.0,0.0,18.62747217575318,18.62747217575318,0.0,0.0,0.0,0.0
18.2,0.0,0.0,0.0,0.0,0.0,0.0,0.0,0.0,0.0,0.0,0.011666666666666665,0.011666666666666665,0.0,0.0,0.0,18.62747217575318,18.62747217575318,0.0,0.0,0.0,0.0
18.216666666666665,0.0,0.0,0.0,0.0,0.0,0.0,0.0,0.0,0.0,0.0,0.011666666666666665,0.011666666666666665,0.0,0.0,0.0,18.62747217575318,18.62747217575318,0.0,0.0,0.0,0.0
18.233333333333334,0.0,0.0,0.0,0.0,0.0,0.0,0.0,0.0,0.0,0.0,0.011666666666666665,0.011666666666666665,0.0,0.0,0.0,18.62747217575318,18.62747217575318,0.0,0.0,0.0,0.0
18.25,0.0,0.0,0.0,0.0,0.0,0.0,0.0,0.0,0.0,0.0,0.011666666666666665,0.011666666666666665,0.0,0.0,0.0,18.62747217575318,18.62747217575318,0.0,0.0,0.0,0.0
18.266666666666666,0.0,0.0,0.0,0.0,0.0,0.0,0.0,0.0,0.0,0.0,0.011666666666666665,0.011666666666666665,0.0,0.0,0.0,18.62747217575318,18.62747217575318,0.0,0.0,0.0,0.0
18.28333333333333,0.0,0.0,0.0,0.0,0.0,0.0,0.0,0.0,0.0,0.0,0.011666666666666665,0.011666666666666665,0.0,0.0,0.0,18.62747217575318,18.62747217575318,0.0,0.0,0.0,0.0
18.3,0.0,0.0,0.0,0.0,0.0,0.0,0.0,0.0,0.0,0.0,0.011666666666666665,0.011666666666666665,0.0,0.0,0.0,18.62747217575318,18.62747217575318,0.0,0.0,0.0,0.0
18.316666666666666,0.0,0.0,0.0,0.0,0.0,0.0,0.0,0.0,0.0,0.0,0.011666666666666665,0.011666666666666665,0.0,0.0,0.0,18.62747217575318,18.62747217575318,0.0,0.0,0.0,0.0
18.333333333333332,0.0,0.0,0.0,0.0,0.0,0.0,0.0,0.0,0.0,0.0,0.011666666666666665,0.011666666666666665,0.0,0.0,0.0,18.62747217575318,18.62747217575318,0.0,0.0,0.0,0.0
18.35,0.0,0.0,0.0,0.0,0.0,0.0,0.0,0.0,0.0,0.0,0.011666666666666665,0.011666666666666665,0.0,0.0,0.0,18.62747217575318,18.62747217575318,0.0,0.0,0.0,0.0
18.366666666666667,0.0,0.0,0.0,0.0,0.0,0.0,0.0,0.0,0.0,0.0,0.011666666666666665,0.011666666666666665,0.0,0.0,0.0,18.62747217575318,18.62747217575318,0.0,0.0,0.0,0.0
18.383333333333333,0.0,0.0,0.0,0.0,0.0,0.0,0.0,0.0,0.0,0.0,0.011666666666666665,0.011666666666666665,0.0,0.0,0.0,18.62747217575318,18.62747217575318,0.0,0.0,0.0,0.0
18.4,0.0,0.0,0.0,0.0,0.0,0.0,0.0,0.0,0.0,0.0,0.011666666666666665,0.011666666666666665,0.0,0.0,0.0,18.62747217575318,18.62747217575318,0.0,0.0,0.0,0.0
18.416666666666668,0.0,0.0,0.0,0.0,0.0,0.0,0.0,0.0,0.0,0.0,0.011666666666666665,0.011666666666666665,0.0,0.0,0.0,18.62747217575318,18.62747217575318,0.0,0.0,0.0,0.0
18.433333333333334,0.0,0.0,0.0,0.0,0.0,0.0,0.0,0.0,0.0,0.0,0.011666666666666665,0.011666666666666665,0.0,0.0,0.0,18.62747217575318,18.62747217575318,0.0,0.0,0.0,0.0
18.45,0.0,0.0,0.0,0.0,0.0,0.0,0.0,0.0,0.0,0.0,0.011666666666666665,0.011666666666666665,0.0,0.0,0.0,18.62747217575318,18.62747217575318,0.0,0.0,0.0,0.0
18.466666666666665,0.0,0.0,0.0,0.0,0.0,0.0,0.0,0.0,0.0,0.0,0.011666666666666665,0.011666666666666665,0.0,0.0,0.0,18.62747217575318,18.62747217575318,0.0,0.0,0.0,0.0
18.483333333333334,0.0,0.0,0.0,0.0,0.0,0.0,0.0,0.0,0.0,0.0,0.011666666666666665,0.011666666666666665,0.0,0.0,0.0,18.62747217575318,18.62747217575318,0.0,0.0,0.0,0.0
18.5,0.0,0.0,0.0,0.0,0.0,0.0,0.0,0.0,0.0,0.0,0.011666666666666665,0.011666666666666665,0.0,0.0,0.0,18.62747217575318,18.62747217575318,0.0,0.0,0.0,0.0
18.516666666666666,0.0,0.0,0.0,0.0,0.0,0.0,0.0,0.0,0.0,0.0,0.011666666666666665,0.011666666666666665,0.0,0.0,0.0,18.62747217575318,18.62747217575318,0.0,0.0,0.0,0.0
18.53333333333333,0.0,0.0,0.0,0.0,0.0,0.0,0.0,0.0,0.0,0.0,0.011666666666666665,0.011666666666666665,0.0,0.0,0.0,18.62747217575318,18.62747217575318,0.0,0.0,0.0,0.0
18.55,0.0,0.0,0.0,0.0,0.0,0.0,0.0,0.0,0.0,0.0,0.011666666666666665,0.011666666666666665,0.0,0.0,0.0,18.62747217575318,18.62747217575318,0.0,0.0,0.0,0.0
18.566666666666666,0.0,0.0,0.0,0.0,0.0,0.0,0.0,0.0,0.0,0.0,0.011666666666666665,0.011666666666666665,0.0,0.0,0.0,18.62747217575318,18.62747217575318,0.0,0.0,0.0,0.0
18.583333333333332,0.0,0.0,0.0,0.0,0.0,0.0,0.0,0.0,0.0,0.0,0.011666666666666665,0.011666666666666665,0.0,0.0,0.0,18.62747217575318,18.62747217575318,0.0,0.0,0.0,0.0
18.6,0.0,0.0,0.0,0.0,0.0,0.0,0.0,0.0,0.0,0.0,0.011666666666666665,0.011666666666666665,0.0,0.0,0.0,18.62747217575318,18.62747217575318,0.0,0.0,0.0,0.0
18.616666666666667,0.0,0.0,0.0,0.0,0.0,0.0,0.0,0.0,0.0,0.0,0.011666666666666665,0.011666666666666665,0.0,0.0,0.0,18.62747217575318,18.62747217575318,0.0,0.0,0.0,0.0
18.633333333333333,0.0,0.0,0.0,0.0,0.0,0.0,0.0,0.0,0.0,0.0,0.011666666666666665,0.011666666666666665,0.0,0.0,0.0,18.62747217575318,18.62747217575318,0.0,0.0,0.0,0.0
18.65,0.0,0.0,0.0,0.0,0.0,0.0,0.0,0.0,0.0,0.0,0.011666666666666665,0.011666666666666665,0.0,0.0,0.0,18.62747217575318,18.62747217575318,0.0,0.0,0.0,0.0
18.666666666666668,0.0,0.0,0.0,0.0,0.0,0.0,0.0,0.0,0.0,0.0,0.011666666666666665,0.011666666666666665,0.0,0.0,0.0,18.62747217575318,18.62747217575318,0.0,0.0,0.0,0.0
18.683333333333334,0.0,0.0,0.0,0.0,0.0,0.0,0.0,0.0,0.0,0.0,0.011666666666666665,0.011666666666666665,0.0,0.0,0.0,18.62747217575318,18.62747217575318,0.0,0.0,0.0,0.0
18.7,0.0,0.0,0.0,0.0,0.0,0.0,0.0,0.0,0.0,0.0,0.011666666666666665,0.011666666666666665,0.0,0.0,0.0,18.62747217575318,18.62747217575318,0.0,0.0,0.0,0.0
18.716666666666665,0.0,0.0,0.0,0.0,0.0,0.0,0.0,0.0,0.0,0.0,0.011666666666666665,0.011666666666666665,0.0,0.0,0.0,18.62747217575318,18.62747217575318,0.0,0.0,0.0,0.0
18.733333333333334,0.0,0.0,0.0,0.0,0.0,0.0,0.0,0.0,0.0,0.0,0.011666666666666665,0.011666666666666665,0.0,0.0,0.0,18.62747217575318,18.62747217575318,0.0,0.0,0.0,0.0
18.75,0.0,0.0,0.0,0.0,0.0,0.0,0.0,0.0,0.0,0.0,0.011666666666666665,0.011666666666666665,0.0,0.0,0.0,18.62747217575318,18.62747217575318,0.0,0.0,0.0,0.0
18.766666666666666,0.0,0.0,0.0,0.0,0.0,0.0,0.0,0.0,0.0,0.0,0.011666666666666665,0.011666666666666665,0.0,0.0,0.0,18.62747217575318,18.62747217575318,0.0,0.0,0.0,0.0
18.78333333333333,0.0,0.0,0.0,0.0,0.0,0.0,0.0,0.0,0.0,0.0,0.011666666666666665,0.011666666666666665,0.0,0.0,0.0,18.62747217575318,18.62747217575318,0.0,0.0,0.0,0.0
18.8,0.0,0.0,0.0,0.0,0.0,0.0,0.0,0.0,0.0,0.0,0.011666666666666665,0.011666666666666665,0.0,0.0,0.0,18.62747217575318,18.62747217575318,0.0,0.0,0.0,0.0
18.816666666666666,0.0,0.0,0.0,0.0,0.0,0.0,0.0,0.0,0.0,0.0,0.011666666666666665,0.011666666666666665,0.0,0.0,0.0,18.62747217575318,18.62747217575318,0.0,0.0,0.0,0.0
18.833333333333332,0.0,0.0,0.0,0.0,0.0,0.0,0.0,0.0,0.0,0.0,0.011666666666666665,0.011666666666666665,0.0,0.0,0.0,18.62747217575318,18.62747217575318,0.0,0.0,0.0,0.0
18.85,0.0,0.0,0.0,0.0,0.0,0.0,0.0,0.0,0.0,0.0,0.011666666666666665,0.011666666666666665,0.0,0.0,0.0,18.62747217575318,18.62747217575318,0.0,0.0,0.0,0.0
18.866666666666667,0.0,0.0,0.0,0.0,0.0,0.0,0.0,0.0,0.0,0.0,0.011666666666666665,0.011666666666666665,0.0,0.0,0.0,18.62747217575318,18.62747217575318,0.0,0.0,0.0,0.0
18.883333333333333,0.0,0.0,0.0,0.0,0.0,0.0,0.0,0.0,0.0,0.0,0.011666666666666665,0.011666666666666665,0.0,0.0,0.0,18.62747217575318,18.62747217575318,0.0,0.0,0.0,0.0
18.9,0.0,0.0,0.0,0.0,0.0,0.0,0.0,0.0,0.0,0.0,0.011666666666666665,0.011666666666666665,0.0,0.0,0.0,18.62747217575318,18.62747217575318,0.0,0.0,0.0,0.0
18.916666666666668,0.0,0.0,0.0,0.0,0.0,0.0,0.0,0.0,0.0,0.0,0.011666666666666665,0.011666666666666665,0.0,0.0,0.0,18.62747217575318,18.62747217575318,0.0,0.0,0.0,0.0
18.933333333333334,0.0,0.0,0.0,0.0,0.0,0.0,0.0,0.0,0.0,0.0,0.011666666666666665,0.011666666666666665,0.0,0.0,0.0,18.62747217575318,18.62747217575318,0.0,0.0,0.0,0.0
18.95,0.0,0.0,0.0,0.0,0.0,0.0,0.0,0.0,0.0,0.0,0.011666666666666665,0.011666666666666665,0.0,0.0,0.0,18.62747217575318,18.62747217575318,0.0,0.0,0.0,0.0
18.966666666666665,0.0,0.0,0.0,0.0,0.0,0.0,0.0,0.0,0.0,0.0,0.011666666666666665,0.011666666666666665,0.0,0.0,0.0,18.62747217575318,18.62747217575318,0.0,0.0,0.0,0.0
18.983333333333334,0.0,0.0,0.0,0.0,0.0,0.0,0.0,0.0,0.0,0.0,0.011666666666666665,0.011666666666666665,0.0,0.0,0.0,18.62747217575318,18.62747217575318,0.0,0.0,0.0,0.0
19.0,0.0,0.0,0.0,0.0,0.0,0.0,0.0,0.0,0.0,0.0,0.011666666666666665,0.011666666666666665,0.0,0.0,0.0,18.62747217575318,18.62747217575318,0.0,0.0,0.0,0.0
19.016666666666666,0.0,0.0,0.0,0.0,0.0,0.0,0.0,0.0,0.0,0.0,0.011666666666666665,0.011666666666666665,0.0,0.0,0.0,18.62747217575318,18.62747217575318,0.0,0.0,0.0,0.0
19.03333333333333,0.0,0.0,0.0,0.0,0.0,0.0,0.0,0.0,0.0,0.0,0.011666666666666665,0.011666666666666665,0.0,0.0,0.0,18.62747217575318,18.62747217575318,0.0,0.0,0.0,0.0
19.05,0.0,0.0,0.0,0.0,0.0,0.0,0.0,0.0,0.0,0.0,0.011666666666666665,0.011666666666666665,0.0,0.0,0.0,18.62747217575318,18.62747217575318,0.0,0.0,0.0,0.0
19.066666666666666,0.0,0.0,0.0,0.0,0.0,0.0,0.0,0.0,0.0,0.0,0.011666666666666665,0.011666666666666665,0.0,0.0,0.0,18.62747217575318,18.62747217575318,0.0,0.0,0.0,0.0
19.083333333333332,0.0,0.0,0.0,0.0,0.0,0.0,0.0,0.0,0.0,0.0,0.011666666666666665,0.011666666666666665,0.0,0.0,0.0,18.62747217575318,18.62747217575318,0.0,0.0,0.0,0.0
19.1,0.0,0.0,0.0,0.0,0.0,0.0,0.0,0.0,0.0,0.0,0.011666666666666665,0.011666666666666665,0.0,0.0,0.0,18.62747217575318,18.62747217575318,0.0,0.0,0.0,0.0
19.116666666666667,0.0,0.0,0.0,0.0,0.0,0.0,0.0,0.0,0.0,0.0,0.011666666666666665,0.011666666666666665,0.0,0.0,0.0,18.62747217575318,18.62747217575318,0.0,0.0,0.0,0.0
19.133333333333333,0.0,0.0,0.0,0.0,0.0,0.0,0.0,0.0,0.0,0.0,0.011666666666666665,0.011666666666666665,0.0,0.0,0.0,18.62747217575318,18.62747217575318,0.0,0.0,0.0,0.0
19.15,0.0,0.0,0.0,0.0,0.0,0.0,0.0,0.0,0.0,0.0,0.011666666666666665,0.011666666666666665,0.0,0.0,0.0,18.62747217575318,18.62747217575318,0.0,0.0,0.0,0.0
19.166666666666668,0.0,0.0,0.0,0.0,0.0,0.0,0.0,0.0,0.0,0.0,0.011666666666666665,0.011666666666666665,0.0,0.0,0.0,18.62747217575318,18.62747217575318,0.0,0.0,0.0,0.0
19.183333333333334,0.0,0.0,0.0,0.0,0.0,0.0,0.0,0.0,0.0,0.0,0.011666666666666665,0.011666666666666665,0.0,0.0,0.0,18.62747217575318,18.62747217575318,0.0,0.0,0.0,0.0
19.2,0.0,0.0,0.0,0.0,0.0,0.0,0.0,0.0,0.0,0.0,0.011666666666666665,0.011666666666666665,0.0,0.0,0.0,18.62747217575318,18.62747217575318,0.0,0.0,0.0,0.0
19.216666666666665,0.0,0.0,0.0,0.0,0.0,0.0,0.0,0.0,0.0,0.0,0.011666666666666665,0.011666666666666665,0.0,0.0,0.0,18.62747217575318,18.62747217575318,0.0,0.0,0.0,0.0
19.233333333333334,0.0,0.0,0.0,0.0,0.0,0.0,0.0,0.0,0.0,0.0,0.011666666666666665,0.011666666666666665,0.0,0.0,0.0,18.62747217575318,18.62747217575318,0.0,0.0,0.0,0.0
19.25,0.0,0.0,0.0,0.0,0.0,0.0,0.0,0.0,0.0,0.0,0.011666666666666665,0.011666666666666665,0.0,0.0,0.0,18.62747217575318,18.62747217575318,0.0,0.0,0.0,0.0
19.266666666666666,0.0,0.0,0.0,0.0,0.0,0.0,0.0,0.0,0.0,0.0,0.011666666666666665,0.011666666666666665,0.0,0.0,0.0,18.62747217575318,18.62747217575318,0.0,0.0,0.0,0.0
19.28333333333333,0.0,0.0,0.0,0.0,0.0,0.0,0.0,0.0,0.0,0.0,0.011666666666666665,0.011666666666666665,0.0,0.0,0.0,18.62747217575318,18.62747217575318,0.0,0.0,0.0,0.0
19.3,0.0,0.0,0.0,0.0,0.0,0.0,0.0,0.0,0.0,0.0,0.011666666666666665,0.011666666666666665,0.0,0.0,0.0,18.62747217575318,18.62747217575318,0.0,0.0,0.0,0.0
19.316666666666666,0.0,0.0,0.0,0.0,0.0,0.0,0.0,0.0,0.0,0.0,0.011666666666666665,0.011666666666666665,0.0,0.0,0.0,18.62747217575318,18.62747217575318,0.0,0.0,0.0,0.0
19.333333333333332,0.0,0.0,0.0,0.0,0.0,0.0,0.0,0.0,0.0,0.0,0.011666666666666665,0.011666666666666665,0.0,0.0,0.0,18.62747217575318,18.62747217575318,0.0,0.0,0.0,0.0
19.35,0.0,0.0,0.0,0.0,0.0,0.0,0.0,0.0,0.0,0.0,0.011666666666666665,0.011666666666666665,0.0,0.0,0.0,18.62747217575318,18.62747217575318,0.0,0.0,0.0,0.0
19.366666666666667,0.0,0.0,0.0,0.0,0.0,0.0,0.0,0.0,0.0,0.0,0.011666666666666665,0.011666666666666665,0.0,0.0,0.0,18.62747217575318,18.62747217575318,0.0,0.0,0.0,0.0
19.383333333333333,0.0,0.0,0.0,0.0,0.0,0.0,0.0,0.0,0.0,0.0,0.011666666666666665,0.011666666666666665,0.0,0.0,0.0,18.62747217575318,18.62747217575318,0.0,0.0,0.0,0.0
19.4,0.0,0.0,0.0,0.0,0.0,0.0,0.0,0.0,0.0,0.0,0.011666666666666665,0.011666666666666665,0.0,0.0,0.0,18.62747217575318,18.62747217575318,0.0,0.0,0.0,0.0
19.416666666666668,0.0,0.0,0.0,0.0,0.0,0.0,0.0,0.0,0.0,0.0,0.011666666666666665,0.011666666666666665,0.0,0.0,0.0,18.62747217575318,18.62747217575318,0.0,0.0,0.0,0.0
19.433333333333334,0.0,0.0,0.0,0.0,0.0,0.0,0.0,0.0,0.0,0.0,0.011666666666666665,0.011666666666666665,0.0,0.0,0.0,18.62747217575318,18.62747217575318,0.0,0.0,0.0,0.0
19.45,0.0,0.0,0.0,0.0,0.0,0.0,0.0,0.0,0.0,0.0,0.011666666666666665,0.011666666666666665,0.0,0.0,0.0,18.62747217575318,18.62747217575318,0.0,0.0,0.0,0.0
19.466666666666665,0.0,0.0,0.0,0.0,0.0,0.0,0.0,0.0,0.0,0.0,0.011666666666666665,0.011666666666666665,0.0,0.0,0.0,18.62747217575318,18.62747217575318,0.0,0.0,0.0,0.0
19.483333333333334,0.0,0.0,0.0,0.0,0.0,0.0,0.0,0.0,0.0,0.0,0.011666666666666665,0.011666666666666665,0.0,0.0,0.0,18.62747217575318,18.62747217575318,0.0,0.0,0.0,0.0
19.5,0.0,0.0,0.0,0.0,0.0,0.0,0.0,0.0,0.0,0.0,0.011666666666666665,0.011666666666666665,0.0,0.0,0.0,18.62747217575318,18.62747217575318,0.0,0.0,0.0,0.0
19.516666666666666,0.0,0.0,0.0,0.0,0.0,0.0,0.0,0.0,0.0,0.0,0.011666666666666665,0.011666666666666665,0.0,0.0,0.0,18.62747217575318,18.62747217575318,0.0,0.0,0.0,0.0
19.53333333333333,0.0,0.0,0.0,0.0,0.0,0.0,0.0,0.0,0.0,0.0,0.011666666666666665,0.011666666666666665,0.0,0.0,0.0,18.62747217575318,18.62747217575318,0.0,0.0,0.0,0.0
19.55,0.0,0.0,0.0,0.0,0.0,0.0,0.0,0.0,0.0,0.0,0.011666666666666665,0.011666666666666665,0.0,0.0,0.0,18.62747217575318,18.62747217575318,0.0,0.0,0.0,0.0
19.566666666666666,0.0,0.0,0.0,0.0,0.0,0.0,0.0,0.0,0.0,0.0,0.011666666666666665,0.011666666666666665,0.0,0.0,0.0,18.62747217575318,18.62747217575318,0.0,0.0,0.0,0.0
19.583333333333332,0.0,0.0,0.0,0.0,0.0,0.0,0.0,0.0,0.0,0.0,0.011666666666666665,0.011666666666666665,0.0,0.0,0.0,18.62747217575318,18.62747217575318,0.0,0.0,0.0,0.0
19.6,0.0,0.0,0.0,0.0,0.0,0.0,0.0,0.0,0.0,0.0,0.011666666666666665,0.011666666666666665,0.0,0.0,0.0,18.62747217575318,18.62747217575318,0.0,0.0,0.0,0.0
19.616666666666667,0.0,0.0,0.0,0.0,0.0,0.0,0.0,0.0,0.0,0.0,0.011666666666666665,0.011666666666666665,0.0,0.0,0.0,18.62747217575318,18.62747217575318,0.0,0.0,0.0,0.0
19.633333333333333,0.0,0.0,0.0,0.0,0.0,0.0,0.0,0.0,0.0,0.0,0.011666666666666665,0.011666666666666665,0.0,0.0,0.0,18.62747217575318,18.62747217575318,0.0,0.0,0.0,0.0
19.65,0.0,0.0,0.0,0.0,0.0,0.0,0.0,0.0,0.0,0.0,0.011666666666666665,0.011666666666666665,0.0,0.0,0.0,18.62747217575318,18.62747217575318,0.0,0.0,0.0,0.0
19.666666666666668,0.0,0.0,0.0,0.0,0.0,0.0,0.0,0.0,0.0,0.0,0.011666666666666665,0.011666666666666665,0.0,0.0,0.0,18.62747217575318,18.62747217575318,0.0,0.0,0.0,0.0
19.683333333333334,0.0,0.0,0.0,0.0,0.0,0.0,0.0,0.0,0.0,0.0,0.011666666666666665,0.011666666666666665,0.0,0.0,0.0,18.62747217575318,18.62747217575318,0.0,0.0,0.0,0.0
19.7,0.0,0.0,0.0,0.0,0.0,0.0,0.0,0.0,0.0,0.0,0.011666666666666665,0.011666666666666665,0.0,0.0,0.0,18.62747217575318,18.62747217575318,0.0,0.0,0.0,0.0
19.716666666666665,0.0,0.0,0.0,0.0,0.0,0.0,0.0,0.0,0.0,0.0,0.011666666666666665,0.011666666666666665,0.0,0.0,0.0,18.62747217575318,18.62747217575318,0.0,0.0,0.0,0.0
19.733333333333334,0.0,0.0,0.0,0.0,0.0,0.0,0.0,0.0,0.0,0.0,0.011666666666666665,0.011666666666666665,0.0,0.0,0.0,18.62747217575318,18.62747217575318,0.0,0.0,0.0,0.0
19.75,0.0,0.0,0.0,0.0,0.0,0.0,0.0,0.0,0.0,0.0,0.011666666666666665,0.011666666666666665,0.0,0.0,0.0,18.62747217575318,18.62747217575318,0.0,0.0,0.0,0.0
19.766666666666666,0.0,0.0,0.0,0.0,0.0,0.0,0.0,0.0,0.0,0.0,0.011666666666666665,0.011666666666666665,0.0,0.0,0.0,18.62747217575318,18.62747217575318,0.0,0.0,0.0,0.0
19.78333333333333,0.0,0.0,0.0,0.0,0.0,0.0,0.0,0.0,0.0,0.0,0.011666666666666665,0.011666666666666665,0.0,0.0,0.0,18.62747217575318,18.62747217575318,0.0,0.0,0.0,0.0
19.8,0.0,0.0,0.0,0.0,0.0,0.0,0.0,0.0,0.0,0.0,0.011666666666666665,0.011666666666666665,0.0,0.0,0.0,18.62747217575318,18.62747217575318,0.0,0.0,0.0,0.0
19.816666666666666,0.0,0.0,0.0,0.0,0.0,0.0,0.0,0.0,0.0,0.0,0.011666666666666665,0.011666666666666665,0.0,0.0,0.0,18.62747217575318,18.62747217575318,0.0,0.0,0.0,0.0
19.833333333333332,0.0,0.0,0.0,0.0,0.0,0.0,0.0,0.0,0.0,0.0,0.011666666666666665,0.011666666666666665,0.0,0.0,0.0,18.62747217575318,18.62747217575318,0.0,0.0,0.0,0.0
19.85,0.0,0.0,0.0,0.0,0.0,0.0,0.0,0.0,0.0,0.0,0.011666666666666665,0.011666666666666665,0.0,0.0,0.0,18.62747217575318,18.62747217575318,0.0,0.0,0.0,0.0
19.866666666666667,0.0,0.0,0.0,0.0,0.0,0.0,0.0,0.0,0.0,0.0,0.011666666666666665,0.011666666666666665,0.0,0.0,0.0,18.62747217575318,18.62747217575318,0.0,0.0,0.0,0.0
19.883333333333333,0.0,0.0,0.0,0.0,0.0,0.0,0.0,0.0,0.0,0.0,0.011666666666666665,0.011666666666666665,0.0,0.0,0.0,18.62747217575318,18.62747217575318,0.0,0.0,0.0,0.0
19.9,0.0,0.0,0.0,0.0,0.0,0.0,0.0,0.0,0.0,0.0,0.011666666666666665,0.011666666666666665,0.0,0.0,0.0,18.62747217575318,18.62747217575318,0.0,0.0,0.0,0.0
19.916666666666668,0.0,0.0,0.0,0.0,0.0,0.0,0.0,0.0,0.0,0.0,0.011666666666666665,0.011666666666666665,0.0,0.0,0.0,18.62747217575318,18.62747217575318,0.0,0.0,0.0,0.0
19.933333333333334,0.0,0.0,0.0,0.0,0.0,0.0,0.0,0.0,0.0,0.0,0.011666666666666665,0.011666666666666665,0.0,0.0,0.0,18.62747217575318,18.62747217575318,0.0,0.0,0.0,0.0
19.95,0.0,0.0,0.0,0.0,0.0,0.0,0.0,0.0,0.0,0.0,0.011666666666666665,0.011666666666666665,0.0,0.0,0.0,18.62747217575318,18.62747217575318,0.0,0.0,0.0,0.0
19.966666666666665,0.0,0.0,0.0,0.0,0.0,0.0,0.0,0.0,0.0,0.0,0.011666666666666665,0.011666666666666665,0.0,0.0,0.0,18.62747217575318,18.62747217575318,0.0,0.0,0.0,0.0
19.983333333333334,0.0,0.0,0.0,0.0,0.0,0.0,0.0,0.0,0.0,0.0,0.011666666666666665,0.011666666666666665,0.0,0.0,0.0,18.62747217575318,18.62747217575318,0.0,0.0,0.0,0.0
20.0,0.0,0.0,0.0,0.0,0.0,0.0,0.0,0.0,0.0,0.0,0.011666666666666665,0.011666666666666665,0.0,0.0,0.0,18.62747217575318,18.62747217575318,0.0,0.0,0.0,0.0
20.016666666666666,0.0,0.0,0.0,0.0,0.0,0.0,0.0,0.0,0.0,0.0,0.011666666666666665,0.011666666666666665,0.0,0.0,0.0,18.62747217575318,18.62747217575318,0.0,0.0,0.0,0.0
20.03333333333333,0.0,0.0,0.0,0.0,0.0,0.0,0.0,0.0,0.0,0.0,0.011666666666666665,0.011666666666666665,0.0,0.0,0.0,18.62747217575318,18.62747217575318,0.0,0.0,0.0,0.0
20.05,0.0,0.0,0.0,0.0,0.0,0.0,0.0,0.0,0.0,0.0,0.011666666666666665,0.011666666666666665,0.0,0.0,0.0,18.62747217575318,18.62747217575318,0.0,0.0,0.0,0.0
20.066666666666666,0.0,0.0,0.0,0.0,0.0,0.0,0.0,0.0,0.0,0.0,0.011666666666666665,0.011666666666666665,0.0,0.0,0.0,18.62747217575318,18.62747217575318,0.0,0.0,0.0,0.0
20.083333333333332,0.0,0.0,0.0,0.0,0.0,0.0,0.0,0.0,0.0,0.0,0.011666666666666665,0.011666666666666665,0.0,0.0,0.0,18.62747217575318,18.62747217575318,0.0,0.0,0.0,0.0
20.1,0.0,0.0,0.0,0.0,0.0,0.0,0.0,0.0,0.0,0.0,0.011666666666666665,0.011666666666666665,0.0,0.0,0.0,18.62747217575318,18.62747217575318,0.0,0.0,0.0,0.0
20.116666666666667,0.0,0.0,0.0,0.0,0.0,0.0,0.0,0.0,0.0,0.0,0.011666666666666665,0.011666666666666665,0.0,0.0,0.0,18.62747217575318,18.62747217575318,0.0,0.0,0.0,0.0
20.133333333333333,0.0,0.0,0.0,0.0,0.0,0.0,0.0,0.0,0.0,0.0,0.011666666666666665,0.011666666666666665,0.0,0.0,0.0,18.62747217575318,18.62747217575318,0.0,0.0,0.0,0.0
20.15,0.0,0.0,0.0,0.0,0.0,0.0,0.0,0.0,0.0,0.0,0.011666666666666665,0.011666666666666665,0.0,0.0,0.0,18.62747217575318,18.62747217575318,0.0,0.0,0.0,0.0
20.166666666666668,0.0,0.0,0.0,0.0,0.0,0.0,0.0,0.0,0.0,0.0,0.011666666666666665,0.011666666666666665,0.0,0.0,0.0,18.62747217575318,18.62747217575318,0.0,0.0,0.0,0.0
20.183333333333334,0.0,0.0,0.0,0.0,0.0,0.0,0.0,0.0,0.0,0.0,0.011666666666666665,0.011666666666666665,0.0,0.0,0.0,18.62747217575318,18.62747217575318,0.0,0.0,0.0,0.0
20.2,0.0,0.0,0.0,0.0,0.0,0.0,0.0,0.0,0.0,0.0,0.011666666666666665,0.011666666666666665,0.0,0.0,0.0,18.62747217575318,18.62747217575318,0.0,0.0,0.0,0.0
20.216666666666665,0.0,0.0,0.0,0.0,0.0,0.0,0.0,0.0,0.0,0.0,0.011666666666666665,0.011666666666666665,0.0,0.0,0.0,18.62747217575318,18.62747217575318,0.0,0.0,0.0,0.0
20.233333333333334,0.0,0.0,0.0,0.0,0.0,0.0,0.0,0.0,0.0,0.0,0.011666666666666665,0.011666666666666665,0.0,0.0,0.0,18.62747217575318,18.62747217575318,0.0,0.0,0.0,0.0
20.25,0.0,0.0,0.0,0.0,0.0,0.0,0.0,0.0,0.0,0.0,0.011666666666666665,0.011666666666666665,0.0,0.0,0.0,18.62747217575318,18.62747217575318,0.0,0.0,0.0,0.0
20.266666666666666,0.0,0.0,0.0,0.0,0.0,0.0,0.0,0.0,0.0,0.0,0.011666666666666665,0.011666666666666665,0.0,0.0,0.0,18.62747217575318,18.62747217575318,0.0,0.0,0.0,0.0
20.28333333333333,0.0,0.0,0.0,0.0,0.0,0.0,0.0,0.0,0.0,0.0,0.011666666666666665,0.011666666666666665,0.0,0.0,0.0,18.62747217575318,18.62747217575318,0.0,0.0,0.0,0.0
20.3,0.0,0.0,0.0,0.0,0.0,0.0,0.0,0.0,0.0,0.0,0.011666666666666665,0.011666666666666665,0.0,0.0,0.0,18.62747217575318,18.62747217575318,0.0,0.0,0.0,0.0
20.316666666666666,0.0,0.0,0.0,0.0,0.0,0.0,0.0,0.0,0.0,0.0,0.011666666666666665,0.011666666666666665,0.0,0.0,0.0,18.62747217575318,18.62747217575318,0.0,0.0,0.0,0.0
20.333333333333332,0.0,0.0,0.0,0.0,0.0,0.0,0.0,0.0,0.0,0.0,0.011666666666666665,0.011666666666666665,0.0,0.0,0.0,18.62747217575318,18.62747217575318,0.0,0.0,0.0,0.0
20.35,0.0,0.0,0.0,0.0,0.0,0.0,0.0,0.0,0.0,0.0,0.011666666666666665,0.011666666666666665,0.0,0.0,0.0,18.62747217575318,18.62747217575318,0.0,0.0,0.0,0.0
20.366666666666667,0.0,0.0,0.0,0.0,0.0,0.0,0.0,0.0,0.0,0.0,0.011666666666666665,0.011666666666666665,0.0,0.0,0.0,18.62747217575318,18.62747217575318,0.0,0.0,0.0,0.0
20.383333333333333,0.0,0.0,0.0,0.0,0.0,0.0,0.0,0.0,0.0,0.0,0.011666666666666665,0.011666666666666665,0.0,0.0,0.0,18.62747217575318,18.62747217575318,0.0,0.0,0.0,0.0
20.4,0.0,0.0,0.0,0.0,0.0,0.0,0.0,0.0,0.0,0.0,0.011666666666666665,0.011666666666666665,0.0,0.0,0.0,18.62747217575318,18.62747217575318,0.0,0.0,0.0,0.0
20.416666666666668,0.0,0.0,0.0,0.0,0.0,0.0,0.0,0.0,0.0,0.0,0.011666666666666665,0.011666666666666665,0.0,0.0,0.0,18.62747217575318,18.62747217575318,0.0,0.0,0.0,0.0
20.433333333333334,0.0,0.0,0.0,0.0,0.0,0.0,0.0,0.0,0.0,0.0,0.011666666666666665,0.011666666666666665,0.0,0.0,0.0,18.62747217575318,18.62747217575318,0.0,0.0,0.0,0.0
20.45,0.0,0.0,0.0,0.0,0.0,0.0,0.0,0.0,0.0,0.0,0.011666666666666665,0.011666666666666665,0.0,0.0,0.0,18.62747217575318,18.62747217575318,0.0,0.0,0.0,0.0
20.466666666666665,0.0,0.0,0.0,0.0,0.0,0.0,0.0,0.0,0.0,0.0,0.011666666666666665,0.011666666666666665,0.0,0.0,0.0,18.62747217575318,18.62747217575318,0.0,0.0,0.0,0.0
20.483333333333334,0.0,0.0,0.0,0.0,0.0,0.0,0.0,0.0,0.0,0.0,0.011666666666666665,0.011666666666666665,0.0,0.0,0.0,18.62747217575318,18.62747217575318,0.0,0.0,0.0,0.0
20.5,0.0,0.0,0.0,0.0,0.0,0.0,0.0,0.0,0.0,0.0,0.011666666666666665,0.011666666666666665,0.0,0.0,0.0,18.62747217575318,18.62747217575318,0.0,0.0,0.0,0.0
20.516666666666666,0.0,0.0,0.0,0.0,0.0,0.0,0.0,0.0,0.0,0.0,0.011666666666666665,0.011666666666666665,0.0,0.0,0.0,18.62747217575318,18.62747217575318,0.0,0.0,0.0,0.0
20.53333333333333,0.0,0.0,0.0,0.0,0.0,0.0,0.0,0.0,0.0,0.0,0.011666666666666665,0.011666666666666665,0.0,0.0,0.0,18.62747217575318,18.62747217575318,0.0,0.0,0.0,0.0
20.55,0.0,0.0,0.0,0.0,0.0,0.0,0.0,0.0,0.0,0.0,0.011666666666666665,0.011666666666666665,0.0,0.0,0.0,18.62747217575318,18.62747217575318,0.0,0.0,0.0,0.0
20.566666666666666,0.0,0.0,0.0,0.0,0.0,0.0,0.0,0.0,0.0,0.0,0.011666666666666665,0.011666666666666665,0.0,0.0,0.0,18.62747217575318,18.62747217575318,0.0,0.0,0.0,0.0
20.583333333333332,0.0,0.0,0.0,0.0,0.0,0.0,0.0,0.0,0.0,0.0,0.011666666666666665,0.011666666666666665,0.0,0.0,0.0,18.62747217575318,18.62747217575318,0.0,0.0,0.0,0.0
20.6,0.0,0.0,0.0,0.0,0.0,0.0,0.0,0.0,0.0,0.0,0.011666666666666665,0.011666666666666665,0.0,0.0,0.0,18.62747217575318,18.62747217575318,0.0,0.0,0.0,0.0
20.616666666666667,0.0,0.0,0.0,0.0,0.0,0.0,0.0,0.0,0.0,0.0,0.011666666666666665,0.011666666666666665,0.0,0.0,0.0,18.62747217575318,18.62747217575318,0.0,0.0,0.0,0.0
20.633333333333333,0.0,0.0,0.0,0.0,0.0,0.0,0.0,0.0,0.0,0.0,0.011666666666666665,0.011666666666666665,0.0,0.0,0.0,18.62747217575318,18.62747217575318,0.0,0.0,0.0,0.0
20.65,0.0,0.0,0.0,0.0,0.0,0.0,0.0,0.0,0.0,0.0,0.011666666666666665,0.011666666666666665,0.0,0.0,0.0,18.62747217575318,18.62747217575318,0.0,0.0,0.0,0.0
20.666666666666668,0.0,0.0,0.0,0.0,0.0,0.0,0.0,0.0,0.0,0.0,0.011666666666666665,0.011666666666666665,0.0,0.0,0.0,18.62747217575318,18.62747217575318,0.0,0.0,0.0,0.0
20.683333333333334,0.0,0.0,0.0,0.0,0.0,0.0,0.0,0.0,0.0,0.0,0.011666666666666665,0.011666666666666665,0.0,0.0,0.0,18.62747217575318,18.62747217575318,0.0,0.0,0.0,0.0
20.7,0.0,0.0,0.0,0.0,0.0,0.0,0.0,0.0,0.0,0.0,0.011666666666666665,0.011666666666666665,0.0,0.0,0.0,18.62747217575318,18.62747217575318,0.0,0.0,0.0,0.0
20.716666666666665,0.0,0.0,0.0,0.0,0.0,0.0,0.0,0.0,0.0,0.0,0.011666666666666665,0.011666666666666665,0.0,0.0,0.0,18.62747217575318,18.62747217575318,0.0,0.0,0.0,0.0
20.733333333333334,0.0,0.0,0.0,0.0,0.0,0.0,0.0,0.0,0.0,0.0,0.011666666666666665,0.011666666666666665,0.0,0.0,0.0,18.62747217575318,18.62747217575318,0.0,0.0,0.0,0.0
20.75,0.0,0.0,0.0,0.0,0.0,0.0,0.0,0.0,0.0,0.0,0.011666666666666665,0.011666666666666665,0.0,0.0,0.0,18.62747217575318,18.62747217575318,0.0,0.0,0.0,0.0
20.766666666666666,0.0,0.0,0.0,0.0,0.0,0.0,0.0,0.0,0.0,0.0,0.011666666666666665,0.011666666666666665,0.0,0.0,0.0,18.62747217575318,18.62747217575318,0.0,0.0,0.0,0.0
20.78333333333333,0.0,0.0,0.0,0.0,0.0,0.0,0.0,0.0,0.0,0.0,0.011666666666666665,0.011666666666666665,0.0,0.0,0.0,18.62747217575318,18.62747217575318,0.0,0.0,0.0,0.0
20.8,0.0,0.0,0.0,0.0,0.0,0.0,0.0,0.0,0.0,0.0,0.011666666666666665,0.011666666666666665,0.0,0.0,0.0,18.62747217575318,18.62747217575318,0.0,0.0,0.0,0.0
20.816666666666666,0.0,0.0,0.0,0.0,0.0,0.0,0.0,0.0,0.0,0.0,0.011666666666666665,0.011666666666666665,0.0,0.0,0.0,18.62747217575318,18.62747217575318,0.0,0.0,0.0,0.0
20.833333333333332,0.0,0.0,0.0,0.0,0.0,0.0,0.0,0.0,0.0,0.0,0.011666666666666665,0.011666666666666665,0.0,0.0,0.0,18.62747217575318,18.62747217575318,0.0,0.0,0.0,0.0
20.85,0.0,0.0,0.0,0.0,0.0,0.0,0.0,0.0,0.0,0.0,0.011666666666666665,0.011666666666666665,0.0,0.0,0.0,18.62747217575318,18.62747217575318,0.0,0.0,0.0,0.0
20.866666666666667,0.0,0.0,0.0,0.0,0.0,0.0,0.0,0.0,0.0,0.0,0.011666666666666665,0.011666666666666665,0.0,0.0,0.0,18.62747217575318,18.62747217575318,0.0,0.0,0.0,0.0
20.883333333333333,0.0,0.0,0.0,0.0,0.0,0.0,0.0,0.0,0.0,0.0,0.011666666666666665,0.011666666666666665,0.0,0.0,0.0,18.62747217575318,18.62747217575318,0.0,0.0,0.0,0.0
20.9,0.0,0.0,0.0,0.0,0.0,0.0,0.0,0.0,0.0,0.0,0.011666666666666665,0.011666666666666665,0.0,0.0,0.0,18.62747217575318,18.62747217575318,0.0,0.0,0.0,0.0
20.916666666666668,0.0,0.0,0.0,0.0,0.0,0.0,0.0,0.0,0.0,0.0,0.011666666666666665,0.011666666666666665,0.0,0.0,0.0,18.62747217575318,18.62747217575318,0.0,0.0,0.0,0.0
20.933333333333334,0.0,0.0,0.0,0.0,0.0,0.0,0.0,0.0,0.0,0.0,0.011666666666666665,0.011666666666666665,0.0,0.0,0.0,18.62747217575318,18.62747217575318,0.0,0.0,0.0,0.0
20.95,0.0,0.0,0.0,0.0,0.0,0.0,0.0,0.0,0.0,0.0,0.011666666666666665,0.011666666666666665,0.0,0.0,0.0,18.62747217575318,18.62747217575318,0.0,0.0,0.0,0.0
20.966666666666665,0.0,0.0,0.0,0.0,0.0,0.0,0.0,0.0,0.0,0.0,0.011666666666666665,0.011666666666666665,0.0,0.0,0.0,18.62747217575318,18.62747217575318,0.0,0.0,0.0,0.0
20.983333333333334,0.0,0.0,0.0,0.0,0.0,0.0,0.0,0.0,0.0,0.0,0.011666666666666665,0.011666666666666665,0.0,0.0,0.0,18.62747217575318,18.62747217575318,0.0,0.0,0.0,0.0
21.0,0.0,0.0,0.0,0.0,0.0,0.0,0.0,0.0,0.0,0.0,0.011666666666666665,0.011666666666666665,0.0,0.0,0.0,18.62747217575318,18.62747217575318,0.0,0.0,0.0,0.0
21.016666666666666,0.0,0.0,0.0,0.0,0.0,0.0,0.0,0.0,0.0,0.0,0.011666666666666665,0.011666666666666665,0.0,0.0,0.0,18.62747217575318,18.62747217575318,0.0,0.0,0.0,0.0
21.03333333333333,0.0,0.0,0.0,0.0,0.0,0.0,0.0,0.0,0.0,0.0,0.011666666666666665,0.011666666666666665,0.0,0.0,0.0,18.62747217575318,18.62747217575318,0.0,0.0,0.0,0.0
21.05,0.0,0.0,0.0,0.0,0.0,0.0,0.0,0.0,0.0,0.0,0.011666666666666665,0.011666666666666665,0.0,0.0,0.0,18.62747217575318,18.62747217575318,0.0,0.0,0.0,0.0
21.066666666666666,0.0,0.0,0.0,0.0,0.0,0.0,0.0,0.0,0.0,0.0,0.011666666666666665,0.011666666666666665,0.0,0.0,0.0,18.62747217575318,18.62747217575318,0.0,0.0,0.0,0.0
21.083333333333332,0.0,0.0,0.0,0.0,0.0,0.0,0.0,0.0,0.0,0.0,0.011666666666666665,0.011666666666666665,0.0,0.0,0.0,18.62747217575318,18.62747217575318,0.0,0.0,0.0,0.0
21.1,0.0,0.0,0.0,0.0,0.0,0.0,0.0,0.0,0.0,0.0,0.011666666666666665,0.011666666666666665,0.0,0.0,0.0,18.62747217575318,18.62747217575318,0.0,0.0,0.0,0.0
21.116666666666667,0.0,0.0,0.0,0.0,0.0,0.0,0.0,0.0,0.0,0.0,0.011666666666666665,0.011666666666666665,0.0,0.0,0.0,18.62747217575318,18.62747217575318,0.0,0.0,0.0,0.0
21.133333333333333,0.0,0.0,0.0,0.0,0.0,0.0,0.0,0.0,0.0,0.0,0.011666666666666665,0.011666666666666665,0.0,0.0,0.0,18.62747217575318,18.62747217575318,0.0,0.0,0.0,0.0
21.15,0.0,0.0,0.0,0.0,0.0,0.0,0.0,0.0,0.0,0.0,0.011666666666666665,0.011666666666666665,0.0,0.0,0.0,18.62747217575318,18.62747217575318,0.0,0.0,0.0,0.0
21.166666666666668,0.0,0.0,0.0,0.0,0.0,0.0,0.0,0.0,0.0,0.0,0.011666666666666665,0.011666666666666665,0.0,0.0,0.0,18.62747217575318,18.62747217575318,0.0,0.0,0.0,0.0
21.183333333333334,0.0,0.0,0.0,0.0,0.0,0.0,0.0,0.0,0.0,0.0,0.011666666666666665,0.011666666666666665,0.0,0.0,0.0,18.62747217575318,18.62747217575318,0.0,0.0,0.0,0.0
21.2,0.0,0.0,0.0,0.0,0.0,0.0,0.0,0.0,0.0,0.0,0.011666666666666665,0.011666666666666665,0.0,0.0,0.0,18.62747217575318,18.62747217575318,0.0,0.0,0.0,0.0
21.216666666666665,0.0,0.0,0.0,0.0,0.0,0.0,0.0,0.0,0.0,0.0,0.011666666666666665,0.011666666666666665,0.0,0.0,0.0,18.62747217575318,18.62747217575318,0.0,0.0,0.0,0.0
21.233333333333334,0.0,0.0,0.0,0.0,0.0,0.0,0.0,0.0,0.0,0.0,0.011666666666666665,0.011666666666666665,0.0,0.0,0.0,18.62747217575318,18.62747217575318,0.0,0.0,0.0,0.0
21.25,0.0,0.0,0.0,0.0,0.0,0.0,0.0,0.0,0.0,0.0,0.011666666666666665,0.011666666666666665,0.0,0.0,0.0,18.62747217575318,18.62747217575318,0.0,0.0,0.0,0.0
21.266666666666666,0.0,0.0,0.0,0.0,0.0,0.0,0.0,0.0,0.0,0.0,0.011666666666666665,0.011666666666666665,0.0,0.0,0.0,18.62747217575318,18.62747217575318,0.0,0.0,0.0,0.0
21.28333333333333,0.0,0.0,0.0,0.0,0.0,0.0,0.0,0.0,0.0,0.0,0.011666666666666665,0.011666666666666665,0.0,0.0,0.0,18.62747217575318,18.62747217575318,0.0,0.0,0.0,0.0
21.3,0.0,0.0,0.0,0.0,0.0,0.0,0.0,0.0,0.0,0.0,0.011666666666666665,0.011666666666666665,0.0,0.0,0.0,18.62747217575318,18.62747217575318,0.0,0.0,0.0,0.0
21.316666666666666,0.0,0.0,0.0,0.0,0.0,0.0,0.0,0.0,0.0,0.0,0.011666666666666665,0.011666666666666665,0.0,0.0,0.0,18.62747217575318,18.62747217575318,0.0,0.0,0.0,0.0
21.333333333333332,0.0,0.0,0.0,0.0,0.0,0.0,0.0,0.0,0.0,0.0,0.011666666666666665,0.011666666666666665,0.0,0.0,0.0,18.62747217575318,18.62747217575318,0.0,0.0,0.0,0.0
21.35,0.0,0.0,0.0,0.0,0.0,0.0,0.0,0.0,0.0,0.0,0.011666666666666665,0.011666666666666665,0.0,0.0,0.0,18.62747217575318,18.62747217575318,0.0,0.0,0.0,0.0
21.366666666666667,0.0,0.0,0.0,0.0,0.0,0.0,0.0,0.0,0.0,0.0,0.011666666666666665,0.011666666666666665,0.0,0.0,0.0,18.62747217575318,18.62747217575318,0.0,0.0,0.0,0.0
21.383333333333333,0.0,0.0,0.0,0.0,0.0,0.0,0.0,0.0,0.0,0.0,0.011666666666666665,0.011666666666666665,0.0,0.0,0.0,18.62747217575318,18.62747217575318,0.0,0.0,0.0,0.0
21.4,0.0,0.0,0.0,0.0,0.0,0.0,0.0,0.0,0.0,0.0,0.011666666666666665,0.011666666666666665,0.0,0.0,0.0,18.62747217575318,18.62747217575318,0.0,0.0,0.0,0.0
21.416666666666668,0.0,0.0,0.0,0.0,0.0,0.0,0.0,0.0,0.0,0.0,0.011666666666666665,0.011666666666666665,0.0,0.0,0.0,18.62747217575318,18.62747217575318,0.0,0.0,0.0,0.0
21.433333333333334,0.0,0.0,0.0,0.0,0.0,0.0,0.0,0.0,0.0,0.0,0.011666666666666665,0.011666666666666665,0.0,0.0,0.0,18.62747217575318,18.62747217575318,0.0,0.0,0.0,0.0
21.45,0.0,0.0,0.0,0.0,0.0,0.0,0.0,0.0,0.0,0.0,0.011666666666666665,0.011666666666666665,0.0,0.0,0.0,18.62747217575318,18.62747217575318,0.0,0.0,0.0,0.0
21.466666666666665,0.0,0.0,0.0,0.0,0.0,0.0,0.0,0.0,0.0,0.0,0.011666666666666665,0.011666666666666665,0.0,0.0,0.0,18.62747217575318,18.62747217575318,0.0,0.0,0.0,0.0
21.483333333333334,0.0,0.0,0.0,0.0,0.0,0.0,0.0,0.0,0.0,0.0,0.011666666666666665,0.011666666666666665,0.0,0.0,0.0,18.62747217575318,18.62747217575318,0.0,0.0,0.0,0.0
21.5,0.0,0.0,0.0,0.0,0.0,0.0,0.0,0.0,0.0,0.0,0.011666666666666665,0.011666666666666665,0.0,0.0,0.0,18.62747217575318,18.62747217575318,0.0,0.0,0.0,0.0
21.516666666666666,0.0,0.0,0.0,0.0,0.0,0.0,0.0,0.0,0.0,0.0,0.011666666666666665,0.011666666666666665,0.0,0.0,0.0,18.62747217575318,18.62747217575318,0.0,0.0,0.0,0.0
21.53333333333333,0.0,0.0,0.0,0.0,0.0,0.0,0.0,0.0,0.0,0.0,0.011666666666666665,0.011666666666666665,0.0,0.0,0.0,18.62747217575318,18.62747217575318,0.0,0.0,0.0,0.0
21.55,0.0,0.0,0.0,0.0,0.0,0.0,0.0,0.0,0.0,0.0,0.011666666666666665,0.011666666666666665,0.0,0.0,0.0,18.62747217575318,18.62747217575318,0.0,0.0,0.0,0.0
21.566666666666666,0.0,0.0,0.0,0.0,0.0,0.0,0.0,0.0,0.0,0.0,0.011666666666666665,0.011666666666666665,0.0,0.0,0.0,18.62747217575318,18.62747217575318,0.0,0.0,0.0,0.0
21.583333333333332,0.0,0.0,0.0,0.0,0.0,0.0,0.0,0.0,0.0,0.0,0.011666666666666665,0.011666666666666665,0.0,0.0,0.0,18.62747217575318,18.62747217575318,0.0,0.0,0.0,0.0
21.6,0.0,0.0,0.0,0.0,0.0,0.0,0.0,0.0,0.0,0.0,0.011666666666666665,0.011666666666666665,0.0,0.0,0.0,18.62747217575318,18.62747217575318,0.0,0.0,0.0,0.0
21.616666666666667,0.0,0.0,0.0,0.0,0.0,0.0,0.0,0.0,0.0,0.0,0.011666666666666665,0.011666666666666665,0.0,0.0,0.0,18.62747217575318,18.62747217575318,0.0,0.0,0.0,0.0
21.633333333333333,0.0,0.0,0.0,0.0,0.0,0.0,0.0,0.0,0.0,0.0,0.011666666666666665,0.011666666666666665,0.0,0.0,0.0,18.62747217575318,18.62747217575318,0.0,0.0,0.0,0.0
21.65,0.0,0.0,0.0,0.0,0.0,0.0,0.0,0.0,0.0,0.0,0.011666666666666665,0.011666666666666665,0.0,0.0,0.0,18.62747217575318,18.62747217575318,0.0,0.0,0.0,0.0
21.666666666666668,0.0,0.0,0.0,0.0,0.0,0.0,0.0,0.0,0.0,0.0,0.011666666666666665,0.011666666666666665,0.0,0.0,0.0,18.62747217575318,18.62747217575318,0.0,0.0,0.0,0.0
21.683333333333334,0.0,0.0,0.0,0.0,0.0,0.0,0.0,0.0,0.0,0.0,0.011666666666666665,0.011666666666666665,0.0,0.0,0.0,18.62747217575318,18.62747217575318,0.0,0.0,0.0,0.0
21.7,0.0,0.0,0.0,0.0,0.0,0.0,0.0,0.0,0.0,0.0,0.011666666666666665,0.011666666666666665,0.0,0.0,0.0,18.62747217575318,18.62747217575318,0.0,0.0,0.0,0.0
21.716666666666665,0.0,0.0,0.0,0.0,0.0,0.0,0.0,0.0,0.0,0.0,0.011666666666666665,0.011666666666666665,0.0,0.0,0.0,18.62747217575318,18.62747217575318,0.0,0.0,0.0,0.0
21.733333333333334,0.0,0.0,0.0,0.0,0.0,0.0,0.0,0.0,0.0,0.0,0.011666666666666665,0.011666666666666665,0.0,0.0,0.0,18.62747217575318,18.62747217575318,0.0,0.0,0.0,0.0
21.75,0.0,0.0,0.0,0.0,0.0,0.0,0.0,0.0,0.0,0.0,0.011666666666666665,0.011666666666666665,0.0,0.0,0.0,18.62747217575318,18.62747217575318,0.0,0.0,0.0,0.0
21.766666666666666,0.0,0.0,0.0,0.0,0.0,0.0,0.0,0.0,0.0,0.0,0.011666666666666665,0.011666666666666665,0.0,0.0,0.0,18.62747217575318,18.62747217575318,0.0,0.0,0.0,0.0
21.78333333333333,0.0,0.0,0.0,0.0,0.0,0.0,0.0,0.0,0.0,0.0,0.011666666666666665,0.011666666666666665,0.0,0.0,0.0,18.62747217575318,18.62747217575318,0.0,0.0,0.0,0.0
21.8,0.0,0.0,0.0,0.0,0.0,0.0,0.0,0.0,0.0,0.0,0.011666666666666665,0.011666666666666665,0.0,0.0,0.0,18.62747217575318,18.62747217575318,0.0,0.0,0.0,0.0
21.816666666666666,0.0,0.0,0.0,0.0,0.0,0.0,0.0,0.0,0.0,0.0,0.011666666666666665,0.011666666666666665,0.0,0.0,0.0,18.62747217575318,18.62747217575318,0.0,0.0,0.0,0.0
21.833333333333332,0.0,0.0,0.0,0.0,0.0,0.0,0.0,0.0,0.0,0.0,0.011666666666666665,0.011666666666666665,0.0,0.0,0.0,18.62747217575318,18.62747217575318,0.0,0.0,0.0,0.0
21.85,0.0,0.0,0.0,0.0,0.0,0.0,0.0,0.0,0.0,0.0,0.011666666666666665,0.011666666666666665,0.0,0.0,0.0,18.62747217575318,18.62747217575318,0.0,0.0,0.0,0.0
21.866666666666667,0.0,0.0,0.0,0.0,0.0,0.0,0.0,0.0,0.0,0.0,0.011666666666666665,0.011666666666666665,0.0,0.0,0.0,18.62747217575318,18.62747217575318,0.0,0.0,0.0,0.0
21.883333333333333,0.0,0.0,0.0,0.0,0.0,0.0,0.0,0.0,0.0,0.0,0.011666666666666665,0.011666666666666665,0.0,0.0,0.0,18.62747217575318,18.62747217575318,0.0,0.0,0.0,0.0
21.9,0.0,0.0,0.0,0.0,0.0,0.0,0.0,0.0,0.0,0.0,0.011666666666666665,0.011666666666666665,0.0,0.0,0.0,18.62747217575318,18.62747217575318,0.0,0.0,0.0,0.0
21.916666666666668,0.0,0.0,0.0,0.0,0.0,0.0,0.0,0.0,0.0,0.0,0.011666666666666665,0.011666666666666665,0.0,0.0,0.0,18.62747217575318,18.62747217575318,0.0,0.0,0.0,0.0
21.933333333333334,0.0,0.0,0.0,0.0,0.0,0.0,0.0,0.0,0.0,0.0,0.011666666666666665,0.011666666666666665,0.0,0.0,0.0,18.62747217575318,18.62747217575318,0.0,0.0,0.0,0.0
21.95,0.0,0.0,0.0,0.0,0.0,0.0,0.0,0.0,0.0,0.0,0.011666666666666665,0.011666666666666665,0.0,0.0,0.0,18.62747217575318,18.62747217575318,0.0,0.0,0.0,0.0
21.966666666666665,0.0,0.0,0.0,0.0,0.0,0.0,0.0,0.0,0.0,0.0,0.011666666666666665,0.011666666666666665,0.0,0.0,0.0,18.62747217575318,18.62747217575318,0.0,0.0,0.0,0.0
21.983333333333334,0.0,0.0,0.0,0.0,0.0,0.0,0.0,0.0,0.0,0.0,0.011666666666666665,0.011666666666666665,0.0,0.0,0.0,18.62747217575318,18.62747217575318,0.0,0.0,0.0,0.0
22.0,0.0,0.0,0.0,0.0,0.0,0.0,0.0,0.0,0.0,0.0,0.011666666666666665,0.011666666666666665,0.0,0.0,0.0,18.62747217575318,18.62747217575318,0.0,0.0,0.0,0.0
22.016666666666666,0.0,0.0,0.0,0.0,0.0,0.0,0.0,0.0,0.0,0.0,0.011666666666666665,0.011666666666666665,0.0,0.0,0.0,18.62747217575318,18.62747217575318,0.0,0.0,0.0,0.0
22.03333333333333,0.0,0.0,0.0,0.0,0.0,0.0,0.0,0.0,0.0,0.0,0.011666666666666665,0.011666666666666665,0.0,0.0,0.0,18.62747217575318,18.62747217575318,0.0,0.0,0.0,0.0
22.05,0.0,0.0,0.0,0.0,0.0,0.0,0.0,0.0,0.0,0.0,0.011666666666666665,0.011666666666666665,0.0,0.0,0.0,18.62747217575318,18.62747217575318,0.0,0.0,0.0,0.0
22.066666666666666,0.0,0.0,0.0,0.0,0.0,0.0,0.0,0.0,0.0,0.0,0.011666666666666665,0.011666666666666665,0.0,0.0,0.0,18.62747217575318,18.62747217575318,0.0,0.0,0.0,0.0
22.083333333333332,0.0,0.0,0.0,0.0,0.0,0.0,0.0,0.0,0.0,0.0,0.011666666666666665,0.011666666666666665,0.0,0.0,0.0,18.62747217575318,18.62747217575318,0.0,0.0,0.0,0.0
22.1,0.0,0.0,0.0,0.0,0.0,0.0,0.0,0.0,0.0,0.0,0.011666666666666665,0.011666666666666665,0.0,0.0,0.0,18.62747217575318,18.62747217575318,0.0,0.0,0.0,0.0
22.116666666666667,0.0,0.0,0.0,0.0,0.0,0.0,0.0,0.0,0.0,0.0,0.011666666666666665,0.011666666666666665,0.0,0.0,0.0,18.62747217575318,18.62747217575318,0.0,0.0,0.0,0.0
22.133333333333333,0.0,0.0,0.0,0.0,0.0,0.0,0.0,0.0,0.0,0.0,0.011666666666666665,0.011666666666666665,0.0,0.0,0.0,18.62747217575318,18.62747217575318,0.0,0.0,0.0,0.0
22.15,0.0,0.0,0.0,0.0,0.0,0.0,0.0,0.0,0.0,0.0,0.011666666666666665,0.011666666666666665,0.0,0.0,0.0,18.62747217575318,18.62747217575318,0.0,0.0,0.0,0.0
22.166666666666668,0.0,0.0,0.0,0.0,0.0,0.0,0.0,0.0,0.0,0.0,0.011666666666666665,0.011666666666666665,0.0,0.0,0.0,18.62747217575318,18.62747217575318,0.0,0.0,0.0,0.0
22.183333333333334,0.0,0.0,0.0,0.0,0.0,0.0,0.0,0.0,0.0,0.0,0.011666666666666665,0.011666666666666665,0.0,0.0,0.0,18.62747217575318,18.62747217575318,0.0,0.0,0.0,0.0
22.2,0.0,0.0,0.0,0.0,0.0,0.0,0.0,0.0,0.0,0.0,0.011666666666666665,0.011666666666666665,0.0,0.0,0.0,18.62747217575318,18.62747217575318,0.0,0.0,0.0,0.0
22.216666666666665,0.0,0.0,0.0,0.0,0.0,0.0,0.0,0.0,0.0,0.0,0.011666666666666665,0.011666666666666665,0.0,0.0,0.0,18.62747217575318,18.62747217575318,0.0,0.0,0.0,0.0
22.233333333333334,0.0,0.0,0.0,0.0,0.0,0.0,0.0,0.0,0.0,0.0,0.011666666666666665,0.011666666666666665,0.0,0.0,0.0,18.62747217575318,18.62747217575318,0.0,0.0,0.0,0.0
22.25,0.0,0.0,0.0,0.0,0.0,0.0,0.0,0.0,0.0,0.0,0.011666666666666665,0.011666666666666665,0.0,0.0,0.0,18.62747217575318,18.62747217575318,0.0,0.0,0.0,0.0
22.266666666666666,0.0,0.0,0.0,0.0,0.0,0.0,0.0,0.0,0.0,0.0,0.011666666666666665,0.011666666666666665,0.0,0.0,0.0,18.62747217575318,18.62747217575318,0.0,0.0,0.0,0.0
22.28333333333333,0.0,0.0,0.0,0.0,0.0,0.0,0.0,0.0,0.0,0.0,0.011666666666666665,0.011666666666666665,0.0,0.0,0.0,18.62747217575318,18.62747217575318,0.0,0.0,0.0,0.0
22.3,0.0,0.0,0.0,0.0,0.0,0.0,0.0,0.0,0.0,0.0,0.011666666666666665,0.011666666666666665,0.0,0.0,0.0,18.62747217575318,18.62747217575318,0.0,0.0,0.0,0.0
22.316666666666666,0.0,0.0,0.0,0.0,0.0,0.0,0.0,0.0,0.0,0.0,0.011666666666666665,0.011666666666666665,0.0,0.0,0.0,18.62747217575318,18.62747217575318,0.0,0.0,0.0,0.0
22.333333333333332,0.0,0.0,0.0,0.0,0.0,0.0,0.0,0.0,0.0,0.0,0.011666666666666665,0.011666666666666665,0.0,0.0,0.0,18.62747217575318,18.62747217575318,0.0,0.0,0.0,0.0
22.35,0.0,0.0,0.0,0.0,0.0,0.0,0.0,0.0,0.0,0.0,0.011666666666666665,0.011666666666666665,0.0,0.0,0.0,18.62747217575318,18.62747217575318,0.0,0.0,0.0,0.0
22.366666666666667,0.0,0.0,0.0,0.0,0.0,0.0,0.0,0.0,0.0,0.0,0.011666666666666665,0.011666666666666665,0.0,0.0,0.0,18.62747217575318,18.62747217575318,0.0,0.0,0.0,0.0
22.383333333333333,0.0,0.0,0.0,0.0,0.0,0.0,0.0,0.0,0.0,0.0,0.011666666666666665,0.011666666666666665,0.0,0.0,0.0,18.62747217575318,18.62747217575318,0.0,0.0,0.0,0.0
22.4,0.0,0.0,0.0,0.0,0.0,0.0,0.0,0.0,0.0,0.0,0.011666666666666665,0.011666666666666665,0.0,0.0,0.0,18.62747217575318,18.62747217575318,0.0,0.0,0.0,0.0
22.416666666666668,0.0,0.0,0.0,0.0,0.0,0.0,0.0,0.0,0.0,0.0,0.011666666666666665,0.011666666666666665,0.0,0.0,0.0,18.62747217575318,18.62747217575318,0.0,0.0,0.0,0.0
22.433333333333334,0.0,0.0,0.0,0.0,0.0,0.0,0.0,0.0,0.0,0.0,0.011666666666666665,0.011666666666666665,0.0,0.0,0.0,18.62747217575318,18.62747217575318,0.0,0.0,0.0,0.0
22.45,0.0,0.0,0.0,0.0,0.0,0.0,0.0,0.0,0.0,0.0,0.011666666666666665,0.011666666666666665,0.0,0.0,0.0,18.62747217575318,18.62747217575318,0.0,0.0,0.0,0.0
22.466666666666665,0.0,0.0,0.0,0.0,0.0,0.0,0.0,0.0,0.0,0.0,0.011666666666666665,0.011666666666666665,0.0,0.0,0.0,18.62747217575318,18.62747217575318,0.0,0.0,0.0,0.0
22.483333333333334,0.0,0.0,0.0,0.0,0.0,0.0,0.0,0.0,0.0,0.0,0.011666666666666665,0.011666666666666665,0.0,0.0,0.0,18.62747217575318,18.62747217575318,0.0,0.0,0.0,0.0
22.5,0.0,0.0,0.0,0.0,0.0,0.0,0.0,0.0,0.0,0.0,0.011666666666666665,0.011666666666666665,0.0,0.0,0.0,18.62747217575318,18.62747217575318,0.0,0.0,0.0,0.0
22.516666666666666,0.0,0.0,0.0,0.0,0.0,0.0,0.0,0.0,0.0,0.0,0.011666666666666665,0.011666666666666665,0.0,0.0,0.0,18.62747217575318,18.62747217575318,0.0,0.0,0.0,0.0
22.53333333333333,0.0,0.0,0.0,0.0,0.0,0.0,0.0,0.0,0.0,0.0,0.011666666666666665,0.011666666666666665,0.0,0.0,0.0,18.62747217575318,18.62747217575318,0.0,0.0,0.0,0.0
22.55,0.0,0.0,0.0,0.0,0.0,0.0,0.0,0.0,0.0,0.0,0.011666666666666665,0.011666666666666665,0.0,0.0,0.0,18.62747217575318,18.62747217575318,0.0,0.0,0.0,0.0
22.566666666666666,0.0,0.0,0.0,0.0,0.0,0.0,0.0,0.0,0.0,0.0,0.011666666666666665,0.011666666666666665,0.0,0.0,0.0,18.62747217575318,18.62747217575318,0.0,0.0,0.0,0.0
22.583333333333332,0.0,0.0,0.0,0.0,0.0,0.0,0.0,0.0,0.0,0.0,0.011666666666666665,0.011666666666666665,0.0,0.0,0.0,18.62747217575318,18.62747217575318,0.0,0.0,0.0,0.0
22.6,0.0,0.0,0.0,0.0,0.0,0.0,0.0,0.0,0.0,0.0,0.011666666666666665,0.011666666666666665,0.0,0.0,0.0,18.62747217575318,18.62747217575318,0.0,0.0,0.0,0.0
22.616666666666667,0.0,0.0,0.0,0.0,0.0,0.0,0.0,0.0,0.0,0.0,0.011666666666666665,0.011666666666666665,0.0,0.0,0.0,18.62747217575318,18.62747217575318,0.0,0.0,0.0,0.0
22.633333333333333,0.0,0.0,0.0,0.0,0.0,0.0,0.0,0.0,0.0,0.0,0.011666666666666665,0.011666666666666665,0.0,0.0,0.0,18.62747217575318,18.62747217575318,0.0,0.0,0.0,0.0
22.65,0.0,0.0,0.0,0.0,0.0,0.0,0.0,0.0,0.0,0.0,0.011666666666666665,0.011666666666666665,0.0,0.0,0.0,18.62747217575318,18.62747217575318,0.0,0.0,0.0,0.0
22.666666666666668,0.0,0.0,0.0,0.0,0.0,0.0,0.0,0.0,0.0,0.0,0.011666666666666665,0.011666666666666665,0.0,0.0,0.0,18.62747217575318,18.62747217575318,0.0,0.0,0.0,0.0
22.683333333333334,0.0,0.0,0.0,0.0,0.0,0.0,0.0,0.0,0.0,0.0,0.011666666666666665,0.011666666666666665,0.0,0.0,0.0,18.62747217575318,18.62747217575318,0.0,0.0,0.0,0.0
22.7,0.0,0.0,0.0,0.0,0.0,0.0,0.0,0.0,0.0,0.0,0.011666666666666665,0.011666666666666665,0.0,0.0,0.0,18.62747217575318,18.62747217575318,0.0,0.0,0.0,0.0
22.716666666666665,0.0,0.0,0.0,0.0,0.0,0.0,0.0,0.0,0.0,0.0,0.011666666666666665,0.011666666666666665,0.0,0.0,0.0,18.62747217575318,18.62747217575318,0.0,0.0,0.0,0.0
22.733333333333334,0.0,0.0,0.0,0.0,0.0,0.0,0.0,0.0,0.0,0.0,0.011666666666666665,0.011666666666666665,0.0,0.0,0.0,18.62747217575318,18.62747217575318,0.0,0.0,0.0,0.0
22.75,0.0,0.0,0.0,0.0,0.0,0.0,0.0,0.0,0.0,0.0,0.011666666666666665,0.011666666666666665,0.0,0.0,0.0,18.62747217575318,18.62747217575318,0.0,0.0,0.0,0.0
22.766666666666666,0.0,0.0,0.0,0.0,0.0,0.0,0.0,0.0,0.0,0.0,0.011666666666666665,0.011666666666666665,0.0,0.0,0.0,18.62747217575318,18.62747217575318,0.0,0.0,0.0,0.0
22.78333333333333,0.0,0.0,0.0,0.0,0.0,0.0,0.0,0.0,0.0,0.0,0.011666666666666665,0.011666666666666665,0.0,0.0,0.0,18.62747217575318,18.62747217575318,0.0,0.0,0.0,0.0
22.8,0.0,0.0,0.0,0.0,0.0,0.0,0.0,0.0,0.0,0.0,0.011666666666666665,0.011666666666666665,0.0,0.0,0.0,18.62747217575318,18.62747217575318,0.0,0.0,0.0,0.0
22.816666666666666,0.0,0.0,0.0,0.0,0.0,0.0,0.0,0.0,0.0,0.0,0.011666666666666665,0.011666666666666665,0.0,0.0,0.0,18.62747217575318,18.62747217575318,0.0,0.0,0.0,0.0
22.833333333333332,0.0,0.0,0.0,0.0,0.0,0.0,0.0,0.0,0.0,0.0,0.011666666666666665,0.011666666666666665,0.0,0.0,0.0,18.62747217575318,18.62747217575318,0.0,0.0,0.0,0.0
22.85,0.0,0.0,0.0,0.0,0.0,0.0,0.0,0.0,0.0,0.0,0.011666666666666665,0.011666666666666665,0.0,0.0,0.0,18.62747217575318,18.62747217575318,0.0,0.0,0.0,0.0
22.866666666666667,0.0,0.0,0.0,0.0,0.0,0.0,0.0,0.0,0.0,0.0,0.011666666666666665,0.011666666666666665,0.0,0.0,0.0,18.62747217575318,18.62747217575318,0.0,0.0,0.0,0.0
22.883333333333333,0.0,0.0,0.0,0.0,0.0,0.0,0.0,0.0,0.0,0.0,0.011666666666666665,0.011666666666666665,0.0,0.0,0.0,18.62747217575318,18.62747217575318,0.0,0.0,0.0,0.0
22.9,0.0,0.0,0.0,0.0,0.0,0.0,0.0,0.0,0.0,0.0,0.011666666666666665,0.011666666666666665,0.0,0.0,0.0,18.62747217575318,18.62747217575318,0.0,0.0,0.0,0.0
22.916666666666668,0.0,0.0,0.0,0.0,0.0,0.0,0.0,0.0,0.0,0.0,0.011666666666666665,0.011666666666666665,0.0,0.0,0.0,18.62747217575318,18.62747217575318,0.0,0.0,0.0,0.0
22.933333333333334,0.0,0.0,0.0,0.0,0.0,0.0,0.0,0.0,0.0,0.0,0.011666666666666665,0.011666666666666665,0.0,0.0,0.0,18.62747217575318,18.62747217575318,0.0,0.0,0.0,0.0
22.95,0.0,0.0,0.0,0.0,0.0,0.0,0.0,0.0,0.0,0.0,0.011666666666666665,0.011666666666666665,0.0,0.0,0.0,18.62747217575318,18.62747217575318,0.0,0.0,0.0,0.0
22.966666666666665,0.0,0.0,0.0,0.0,0.0,0.0,0.0,0.0,0.0,0.0,0.011666666666666665,0.011666666666666665,0.0,0.0,0.0,18.62747217575318,18.62747217575318,0.0,0.0,0.0,0.0
22.983333333333334,0.0,0.0,0.0,0.0,0.0,0.0,0.0,0.0,0.0,0.0,0.011666666666666665,0.011666666666666665,0.0,0.0,0.0,18.62747217575318,18.62747217575318,0.0,0.0,0.0,0.0
23.0,0.0,0.0,0.0,0.0,0.0,0.0,0.0,0.0,0.0,0.0,0.011666666666666665,0.011666666666666665,0.0,0.0,0.0,18.62747217575318,18.62747217575318,0.0,0.0,0.0,0.0
23.016666666666666,0.0,0.0,0.0,0.0,0.0,0.0,0.0,0.0,0.0,0.0,0.011666666666666665,0.011666666666666665,0.0,0.0,0.0,18.62747217575318,18.62747217575318,0.0,0.0,0.0,0.0
23.03333333333333,0.0,0.0,0.0,0.0,0.0,0.0,0.0,0.0,0.0,0.0,0.011666666666666665,0.011666666666666665,0.0,0.0,0.0,18.62747217575318,18.62747217575318,0.0,0.0,0.0,0.0
23.05,0.0,0.0,0.0,0.0,0.0,0.0,0.0,0.0,0.0,0.0,0.011666666666666665,0.011666666666666665,0.0,0.0,0.0,18.62747217575318,18.62747217575318,0.0,0.0,0.0,0.0
23.066666666666666,0.0,0.0,0.0,0.0,0.0,0.0,0.0,0.0,0.0,0.0,0.011666666666666665,0.011666666666666665,0.0,0.0,0.0,18.62747217575318,18.62747217575318,0.0,0.0,0.0,0.0
23.083333333333332,0.0,0.0,0.0,0.0,0.0,0.0,0.0,0.0,0.0,0.0,0.011666666666666665,0.011666666666666665,0.0,0.0,0.0,18.62747217575318,18.62747217575318,0.0,0.0,0.0,0.0
23.1,0.0,0.0,0.0,0.0,0.0,0.0,0.0,0.0,0.0,0.0,0.011666666666666665,0.011666666666666665,0.0,0.0,0.0,18.62747217575318,18.62747217575318,0.0,0.0,0.0,0.0
23.116666666666667,0.0,0.0,0.0,0.0,0.0,0.0,0.0,0.0,0.0,0.0,0.011666666666666665,0.011666666666666665,0.0,0.0,0.0,18.62747217575318,18.62747217575318,0.0,0.0,0.0,0.0
23.133333333333333,0.0,0.0,0.0,0.0,0.0,0.0,0.0,0.0,0.0,0.0,0.011666666666666665,0.011666666666666665,0.0,0.0,0.0,18.62747217575318,18.62747217575318,0.0,0.0,0.0,0.0
23.15,0.0,0.0,0.0,0.0,0.0,0.0,0.0,0.0,0.0,0.0,0.011666666666666665,0.011666666666666665,0.0,0.0,0.0,18.62747217575318,18.62747217575318,0.0,0.0,0.0,0.0
23.166666666666668,0.0,0.0,0.0,0.0,0.0,0.0,0.0,0.0,0.0,0.0,0.011666666666666665,0.011666666666666665,0.0,0.0,0.0,18.62747217575318,18.62747217575318,0.0,0.0,0.0,0.0
23.183333333333334,0.0,0.0,0.0,0.0,0.0,0.0,0.0,0.0,0.0,0.0,0.011666666666666665,0.011666666666666665,0.0,0.0,0.0,18.62747217575318,18.62747217575318,0.0,0.0,0.0,0.0
23.2,0.0,0.0,0.0,0.0,0.0,0.0,0.0,0.0,0.0,0.0,0.011666666666666665,0.011666666666666665,0.0,0.0,0.0,18.62747217575318,18.62747217575318,0.0,0.0,0.0,0.0
23.216666666666665,0.0,0.0,0.0,0.0,0.0,0.0,0.0,0.0,0.0,0.0,0.011666666666666665,0.011666666666666665,0.0,0.0,0.0,18.62747217575318,18.62747217575318,0.0,0.0,0.0,0.0
23.233333333333334,0.0,0.0,0.0,0.0,0.0,0.0,0.0,0.0,0.0,0.0,0.011666666666666665,0.011666666666666665,0.0,0.0,0.0,18.62747217575318,18.62747217575318,0.0,0.0,0.0,0.0
23.25,0.0,0.0,0.0,0.0,0.0,0.0,0.0,0.0,0.0,0.0,0.011666666666666665,0.011666666666666665,0.0,0.0,0.0,18.62747217575318,18.62747217575318,0.0,0.0,0.0,0.0
23.266666666666666,0.0,0.0,0.0,0.0,0.0,0.0,0.0,0.0,0.0,0.0,0.011666666666666665,0.011666666666666665,0.0,0.0,0.0,18.62747217575318,18.62747217575318,0.0,0.0,0.0,0.0
23.28333333333333,0.0,0.0,0.0,0.0,0.0,0.0,0.0,0.0,0.0,0.0,0.011666666666666665,0.011666666666666665,0.0,0.0,0.0,18.62747217575318,18.62747217575318,0.0,0.0,0.0,0.0
23.3,0.0,0.0,0.0,0.0,0.0,0.0,0.0,0.0,0.0,0.0,0.011666666666666665,0.011666666666666665,0.0,0.0,0.0,18.62747217575318,18.62747217575318,0.0,0.0,0.0,0.0
23.316666666666666,0.0,0.0,0.0,0.0,0.0,0.0,0.0,0.0,0.0,0.0,0.011666666666666665,0.011666666666666665,0.0,0.0,0.0,18.62747217575318,18.62747217575318,0.0,0.0,0.0,0.0
23.333333333333332,0.0,0.0,0.0,0.0,0.0,0.0,0.0,0.0,0.0,0.0,0.011666666666666665,0.011666666666666665,0.0,0.0,0.0,18.62747217575318,18.62747217575318,0.0,0.0,0.0,0.0
23.35,0.0,0.0,0.0,0.0,0.0,0.0,0.0,0.0,0.0,0.0,0.011666666666666665,0.011666666666666665,0.0,0.0,0.0,18.62747217575318,18.62747217575318,0.0,0.0,0.0,0.0
23.366666666666667,0.0,0.0,0.0,0.0,0.0,0.0,0.0,0.0,0.0,0.0,0.011666666666666665,0.011666666666666665,0.0,0.0,0.0,18.62747217575318,18.62747217575318,0.0,0.0,0.0,0.0
23.383333333333333,0.0,0.0,0.0,0.0,0.0,0.0,0.0,0.0,0.0,0.0,0.011666666666666665,0.011666666666666665,0.0,0.0,0.0,18.62747217575318,18.62747217575318,0.0,0.0,0.0,0.0
23.4,0.0,0.0,0.0,0.0,0.0,0.0,0.0,0.0,0.0,0.0,0.011666666666666665,0.011666666666666665,0.0,0.0,0.0,18.62747217575318,18.62747217575318,0.0,0.0,0.0,0.0
23.416666666666668,0.0,0.0,0.0,0.0,0.0,0.0,0.0,0.0,0.0,0.0,0.011666666666666665,0.011666666666666665,0.0,0.0,0.0,18.62747217575318,18.62747217575318,0.0,0.0,0.0,0.0
23.433333333333334,0.0,0.0,0.0,0.0,0.0,0.0,0.0,0.0,0.0,0.0,0.011666666666666665,0.011666666666666665,0.0,0.0,0.0,18.62747217575318,18.62747217575318,0.0,0.0,0.0,0.0
23.45,0.0,0.0,0.0,0.0,0.0,0.0,0.0,0.0,0.0,0.0,0.011666666666666665,0.011666666666666665,0.0,0.0,0.0,18.62747217575318,18.62747217575318,0.0,0.0,0.0,0.0
23.466666666666665,0.0,0.0,0.0,0.0,0.0,0.0,0.0,0.0,0.0,0.0,0.011666666666666665,0.011666666666666665,0.0,0.0,0.0,18.62747217575318,18.62747217575318,0.0,0.0,0.0,0.0
23.483333333333334,0.0,0.0,0.0,0.0,0.0,0.0,0.0,0.0,0.0,0.0,0.011666666666666665,0.011666666666666665,0.0,0.0,0.0,18.62747217575318,18.62747217575318,0.0,0.0,0.0,0.0
23.5,0.0,0.0,0.0,0.0,0.0,0.0,0.0,0.0,0.0,0.0,0.011666666666666665,0.011666666666666665,0.0,0.0,0.0,18.62747217575318,18.62747217575318,0.0,0.0,0.0,0.0
23.516666666666666,0.0,0.0,0.0,0.0,0.0,0.0,0.0,0.0,0.0,0.0,0.011666666666666665,0.011666666666666665,0.0,0.0,0.0,18.62747217575318,18.62747217575318,0.0,0.0,0.0,0.0
23.53333333333333,0.0,0.0,0.0,0.0,0.0,0.0,0.0,0.0,0.0,0.0,0.011666666666666665,0.011666666666666665,0.0,0.0,0.0,18.62747217575318,18.62747217575318,0.0,0.0,0.0,0.0
23.55,0.0,0.0,0.0,0.0,0.0,0.0,0.0,0.0,0.0,0.0,0.011666666666666665,0.011666666666666665,0.0,0.0,0.0,18.62747217575318,18.62747217575318,0.0,0.0,0.0,0.0
23.566666666666666,0.0,0.0,0.0,0.0,0.0,0.0,0.0,0.0,0.0,0.0,0.011666666666666665,0.011666666666666665,0.0,0.0,0.0,18.62747217575318,18.62747217575318,0.0,0.0,0.0,0.0
23.583333333333332,0.0,0.0,0.0,0.0,0.0,0.0,0.0,0.0,0.0,0.0,0.011666666666666665,0.011666666666666665,0.0,0.0,0.0,18.62747217575318,18.62747217575318,0.0,0.0,0.0,0.0
23.6,0.0,0.0,0.0,0.0,0.0,0.0,0.0,0.0,0.0,0.0,0.011666666666666665,0.011666666666666665,0.0,0.0,0.0,18.62747217575318,18.62747217575318,0.0,0.0,0.0,0.0
23.616666666666667,0.0,0.0,0.0,0.0,0.0,0.0,0.0,0.0,0.0,0.0,0.011666666666666665,0.011666666666666665,0.0,0.0,0.0,18.62747217575318,18.62747217575318,0.0,0.0,0.0,0.0
23.633333333333333,0.0,0.0,0.0,0.0,0.0,0.0,0.0,0.0,0.0,0.0,0.011666666666666665,0.011666666666666665,0.0,0.0,0.0,18.62747217575318,18.62747217575318,0.0,0.0,0.0,0.0
23.65,0.0,0.0,0.0,0.0,0.0,0.0,0.0,0.0,0.0,0.0,0.011666666666666665,0.011666666666666665,0.0,0.0,0.0,18.62747217575318,18.62747217575318,0.0,0.0,0.0,0.0
23.666666666666668,0.0,0.0,0.0,0.0,0.0,0.0,0.0,0.0,0.0,0.0,0.011666666666666665,0.011666666666666665,0.0,0.0,0.0,18.62747217575318,18.62747217575318,0.0,0.0,0.0,0.0
23.683333333333334,0.0,0.0,0.0,0.0,0.0,0.0,0.0,0.0,0.0,0.0,0.011666666666666665,0.011666666666666665,0.0,0.0,0.0,18.62747217575318,18.62747217575318,0.0,0.0,0.0,0.0
23.7,0.0,0.0,0.0,0.0,0.0,0.0,0.0,0.0,0.0,0.0,0.011666666666666665,0.011666666666666665,0.0,0.0,0.0,18.62747217575318,18.62747217575318,0.0,0.0,0.0,0.0
23.716666666666665,0.0,0.0,0.0,0.0,0.0,0.0,0.0,0.0,0.0,0.0,0.011666666666666665,0.011666666666666665,0.0,0.0,0.0,18.62747217575318,18.62747217575318,0.0,0.0,0.0,0.0
23.733333333333334,0.0,0.0,0.0,0.0,0.0,0.0,0.0,0.0,0.0,0.0,0.011666666666666665,0.011666666666666665,0.0,0.0,0.0,18.62747217575318,18.62747217575318,0.0,0.0,0.0,0.0
23.75,0.0,0.0,0.0,0.0,0.0,0.0,0.0,0.0,0.0,0.0,0.011666666666666665,0.011666666666666665,0.0,0.0,0.0,18.62747217575318,18.62747217575318,0.0,0.0,0.0,0.0
23.766666666666666,0.0,0.0,0.0,0.0,0.0,0.0,0.0,0.0,0.0,0.0,0.011666666666666665,0.011666666666666665,0.0,0.0,0.0,18.62747217575318,18.62747217575318,0.0,0.0,0.0,0.0
23.78333333333333,0.0,0.0,0.0,0.0,0.0,0.0,0.0,0.0,0.0,0.0,0.011666666666666665,0.011666666666666665,0.0,0.0,0.0,18.62747217575318,18.62747217575318,0.0,0.0,0.0,0.0
23.8,0.0,0.0,0.0,0.0,0.0,0.0,0.0,0.0,0.0,0.0,0.011666666666666665,0.011666666666666665,0.0,0.0,0.0,18.62747217575318,18.62747217575318,0.0,0.0,0.0,0.0
23.816666666666666,0.0,0.0,0.0,0.0,0.0,0.0,0.0,0.0,0.0,0.0,0.011666666666666665,0.011666666666666665,0.0,0.0,0.0,18.62747217575318,18.62747217575318,0.0,0.0,0.0,0.0
23.833333333333332,0.0,0.0,0.0,0.0,0.0,0.0,0.0,0.0,0.0,0.0,0.011666666666666665,0.011666666666666665,0.0,0.0,0.0,18.62747217575318,18.62747217575318,0.0,0.0,0.0,0.0
23.85,0.0,0.0,0.0,0.0,0.0,0.0,0.0,0.0,0.0,0.0,0.011666666666666665,0.011666666666666665,0.0,0.0,0.0,18.62747217575318,18.62747217575318,0.0,0.0,0.0,0.0
23.866666666666667,0.0,0.0,0.0,0.0,0.0,0.0,0.0,0.0,0.0,0.0,0.011666666666666665,0.011666666666666665,0.0,0.0,0.0,18.62747217575318,18.62747217575318,0.0,0.0,0.0,0.0
23.883333333333333,0.0,0.0,0.0,0.0,0.0,0.0,0.0,0.0,0.0,0.0,0.011666666666666665,0.011666666666666665,0.0,0.0,0.0,18.62747217575318,18.62747217575318,0.0,0.0,0.0,0.0
23.9,0.0,0.0,0.0,0.0,0.0,0.0,0.0,0.0,0.0,0.0,0.011666666666666665,0.011666666666666665,0.0,0.0,0.0,18.62747217575318,18.62747217575318,0.0,0.0,0.0,0.0
23.916666666666668,0.0,0.0,0.0,0.0,0.0,0.0,0.0,0.0,0.0,0.0,0.011666666666666665,0.011666666666666665,0.0,0.0,0.0,18.62747217575318,18.62747217575318,0.0,0.0,0.0,0.0
23.933333333333334,0.0,0.0,0.0,0.0,0.0,0.0,0.0,0.0,0.0,0.0,0.011666666666666665,0.011666666666666665,0.0,0.0,0.0,18.62747217575318,18.62747217575318,0.0,0.0,0.0,0.0
23.95,0.0,0.0,0.0,0.0,0.0,0.0,0.0,0.0,0.0,0.0,0.011666666666666665,0.011666666666666665,0.0,0.0,0.0,18.62747217575318,18.62747217575318,0.0,0.0,0.0,0.0
23.966666666666665,0.0,0.0,0.0,0.0,0.0,0.0,0.0,0.0,0.0,0.0,0.011666666666666665,0.011666666666666665,0.0,0.0,0.0,18.62747217575318,18.62747217575318,0.0,0.0,0.0,0.0
23.983333333333334,0.0,0.0,0.0,0.0,0.0,0.0,0.0,0.0,0.0,0.0,0.011666666666666665,0.011666666666666665,0.0,0.0,0.0,18.62747217575318,18.62747217575318,0.0,0.0,0.0,0.0
